x	y	theta	v	delta	a	delta_dot
5.0	2.0008720684297403	1.5707963267948966	0.052324105784414536	1.0599086806933653e-15	1.5697231735324364	3.1797260420800964e-14
5.0	2.003384673003179	1.5707963267948977	0.09843216862192967	2.2293437045562556e-13	1.3832418851254544	6.656233853247967e-12
5.0	2.0073400996978603	1.570796326794907	0.1388934330589633	4.318500442003786e-13	1.2138379331110092	6.267470212342591e-12
5.0	2.0125589812405322	1.5707963267949303	0.1742394595013085	6.28081292936081e-13	1.0603807932703566	5.886937462071073e-12
5.0	2.0188790558990064	1.57079632679497	0.20496502000711228	8.072924927523883e-13	0.9217668151741139	5.376335994489219e-12
5.0	2.0261539598455225	1.5707963267950273	0.23152921678386107	9.650472630723927e-13	0.7969259033024645	4.732643109600136e-12
4.999999999999999	2.034252059722725	1.5707963267951024	0.2543567758482962	1.0999668238155488e-12	0.6848267719330586	4.047586822294712e-12
4.999999999999997	2.043055330545975	1.570796326795194	0.27383947354675303	1.210518351658523e-12	0.5844809309537116	3.3165458352892637e-12
4.999999999999994	2.052458282760175	1.570796326795301	0.29033765930521865	1.296646825004048e-12	0.49494557275397616	2.5838542003657763e-12
4.999999999999989	2.0623669411338406	1.5707963267954201	0.30418184311468965	1.3587420175934255e-12	0.41532551428413483	1.8628557776813387e-12
4.999999999999982	2.0726978771999107	1.5707963267955496	0.31567432084949204	1.3979557663144245e-12	0.3447743320440741	1.1764124616299769e-12
4.999999999999975	2.08337725880601	1.570796326795686	0.32508860954897184	1.4151835947151555e-12	0.2824286795692649	5.168349154358041e-13
4.999999999999965	2.0943400533701335	1.570796326795827	0.33267909718087085	1.4127474418352194e-12	0.22771464324068288	-7.308456025938273e-14
4.999999999999953	2.105529246935472	1.57079632679597	0.3386725532554851	1.3926745945688777e-12	0.17980369473581465	-6.02185422001264e-13
4.9999999999999405	2.116895027958628	1.5707963267961118	0.34327434805768303	1.3568320048184215e-12	0.1380538546638549	-1.0752777280074677e-12
4.999999999999925	2.1283940967301835	1.570796326796251	0.3466698214503077	1.3075218617084469e-12	0.1018642104685073	-1.4793043609823123e-12
4.999999999999908	2.1399890212261705	1.5707963267963856	0.3490256947940059	1.2472610223024169e-12	0.07067620714045184	-1.807825281361183e-12
4.99999999999989	2.151647640199201	1.5707963267965142	0.3504914435878115	1.1780974572486089e-12	0.04397246381416893	-2.0749069516142546e-12
4.999999999999869	2.1633425077389448	1.5707963267966354	0.3512006087968262	1.1014669628257137e-12	0.021274956270444075	-2.298914832686866e-12
4.999999999999848	2.1750503878718463	1.5707963267967484	0.35127219917728064	1.0195366291665596e-12	0.002147711413635879	-2.457910009774642e-12
4.999999999999826	2.1867517884903744	1.570796326796852	0.3508118379344107	9.340242636740606e-13	-0.013810837286097277	-2.5653709647749993e-12
4.999999999999804	2.1984305345262034	1.5707963267969467	0.3499129242153285	8.463939801830162e-13	-0.026967411572464448	-2.6289085047313607e-12
4.99999999999978	2.210073378676948	1.5707963267970317	0.3486577248293464	7.580264473651217e-13	-0.03765598157946265	-2.6510259845368694e-12
4.999999999999755	2.221669647370129	1.5707963267971066	0.3471183967615306	6.702793668658202e-13	-0.04617984203447573	-2.6324124149790723e-12
4.999999999999729	2.2332109196770347	1.5707963267971723	0.34535794165279127	5.838300578281617e-13	-0.05281365326218036	-2.5934792711297834e-12
4.999999999999702	2.244690736936483	1.570796326797229	0.3434310939141019	4.997708282191303e-13	-0.05780543216068175	-2.521776888270981e-12
4.999999999999674	2.256104340910675	1.5707963267972767	0.3413851445374148	4.178011588726315e-13	-0.06137848130061642	-2.4590900803950026e-12
4.999999999999647	2.2674484383691977	1.5707963267973153	0.3392607029739446	3.3895469471289944e-13	-0.06373324690410707	-2.365393924792002e-12
4.999999999999621	2.27872099008015	1.5707963267973462	0.3370923996832433	2.645265723667167e-13	-0.06504909872104117	-2.232843670385526e-12
4.999999999999594	2.289921022276937	1.5707963267973692	0.33490953212395835	1.9432709824979082e-13	-0.06548602677854841	-2.105984223507824e-12
4.9999999999995675	2.30104845876348	1.5707963267973855	0.332736657068654	1.286313006388323e-13	-0.0651862516591308	-1.970873928328809e-12
4.999999999999541	2.312103971917769	1.5707963267973954	0.3305941321887156	6.686875597198642e-14	-0.06427574639815405	-1.8528763400054355e-12
4.999999999999514	2.323088850953437	1.5707963267973994	0.3284986099513762	9.559931361496285e-15	-0.06286566712018128	-1.7192647383147232e-12
4.9999999999994875	2.334004885895619	1.570796326797398	0.3264634865795395	-4.309078851014705e-14	-0.06105370115510159	-1.5795215961493893e-12
4.999999999999461	2.3448542658232627	1.5707963267973917	0.3244993090790942	-9.108400649790175e-14	-0.058925325013359356	-1.4397965396326687e-12
4.999999999999434	2.3556394900321345	1.5707963267973806	0.32261414345319045	-1.344419879606191e-13	-0.056554968777113405	-1.3007394438815424e-12
4.999999999999408	2.366363290865797	1.5707963267973652	0.32081390656661435	-1.7352879772260586e-13	-0.054007106597282965	-1.1726042928596246e-12
4.999999999999381	2.377028567049291	1.5707963267973464	0.3191026644430432	-2.0853837000457695e-13	-0.0513372637071345	-1.0502871684591529e-12
4.999999999999354	2.387638326449499	1.5707963267973246	0.3174828995693978	-2.3966449378999197e-13	-0.04859294620936118	-9.337837135624707e-13
4.999999999999328	2.3981956372701076	1.5707963267973006	0.3159557496671911	-2.6725461966383024e-13	-0.04581449706620423	-8.277037762151797e-13
4.999999999999301	2.4087035867690596	1.5707963267972738	0.31452122026996515	-2.9147419525436837e-13	-0.043035881916780705	-7.265872677161889e-13
4.999999999999276	2.419165246662256	1.5707963267972451	0.3131783733218934	-3.123561544626167e-13	-0.04028540844215705	-6.264587762475058e-13
4.999999999999251	2.429583644449062	1.5707963267972147	0.3119254938865205	-3.3041252797934033e-13	-0.03758638306119301	-5.416912055017806e-13
4.999999999999226	2.439961739962647	1.570796326797183	0.31076023692861676	-3.452590287254546e-13	-0.034957708737117454	-4.453950223835087e-13
4.999999999999202	2.450302406511577	1.57079632679715	0.3096797560072666	-3.5757268595298636e-13	-0.03241442764051034	-3.694097168260384e-13
4.999999999999179	2.46060841603829	1.5707963267971161	0.30868081559564936	-3.6726327556176894e-13	-0.029968212348523354	-2.9071768826356523e-13
4.999999999999156	2.470882427775273	1.5707963267970815	0.3077598886234558	-3.743986995697372e-13	-0.02762780916581175	-2.1406272023912993e-13
4.999999999999135	2.4811269799310303	1.5707963267970464	0.30691324072218956	-3.7946677509853093e-13	-0.025399437037997512	-1.5204226586388498e-13
4.999999999999114	2.4913444839854333	1.570796326797011	0.3061370025422448	-3.828958036057253e-13	-0.023287145398351666	-1.0287085521589252e-13
4.999999999999092	2.5015372212178675	1.5707963267969756	0.30542723140409633	-3.848187762449795e-13	-0.021293134144467336	-5.768917917767716e-14
4.999999999999071	2.511707341132004	1.57079632679694	0.30477996344439795	-3.8496267695752336e-13	-0.019418038790964258	-4.317021376345855e-15
4.99999999999905	2.5218568614780965	1.5707963267969047	0.304191257321551	-3.837986535574533e-13	-0.01766118368541979	3.4920702002099365e-14
4.999999999999028	2.531987669607688	1.5707963267968694	0.30365723045435866	-3.812388574176138e-13	-0.01602080601578225	7.679388419520962e-14
4.999999999999007	2.542101524926618	1.5707963267968343	0.303174088681896	-3.779363888607521e-13	-0.014494253173893974	9.907405670591225e-14
4.9999999999989875	2.5522000622405163	1.5707963267968001	0.3027381501525701	-3.738842750370298e-13	-0.01307815587978928	1.2156341471175534e-13
4.999999999998968	2.5622847958126402	1.570796326796766	0.30234586417547127	-3.689164896075429e-13	-0.011768579312977335	1.4903356288472661e-13
4.999999999998948	2.5723571239771776	1.5707963267967324	0.30199382569745203	-3.629756397336837e-13	-0.010561154340592441	1.7822549621593626e-13
4.99999999999893	2.5824183341722016	1.5707963267966998	0.3016787860046986	-3.565320554705698e-13	-0.009451190782617693	1.933075278936224e-13
4.999999999998912	2.592469608275396	1.5707963267966678	0.3013976601877483	-3.4973924496406284e-13	-0.008433774508521386	2.037843151954535e-13
4.999999999998894	2.6025120281427405	1.5707963267966365	0.3011475318537473	-3.4293964655998717e-13	-0.007503850020040736	2.0398795212254964e-13
4.9999999999988765	2.612546581265604	1.5707963267966059	0.30092565551900097	-3.3580413990818667e-13	-0.006656290042401252	2.1406519955431764e-13
4.9999999999988605	2.622574166475378	1.5707963267965759	0.3007294570684003	-3.2871163095337457e-13	-0.005885953518030909	2.127752686447032e-13
4.9999999999988445	2.63259559963693	1.5707963267965466	0.3005565326257396	-3.2148055417074827e-13	-0.0051877332798308876	2.1693230347915395e-13
4.9999999999988285	2.6426116192830107	1.570796326796518	0.30040464614021745	-3.1412466792453236e-13	-0.00455659456567357	2.2067658738687108e-13
4.9999999999988125	2.6526228921513137	1.57079632679649	0.3002717259591445	-3.0669952451487844e-13	-0.003987605432197729	2.2275430229004545e-13
4.9999999999987965	2.6626300185943617	1.5707963267964626	0.3001558606249439	-2.994607505551837e-13	-0.003475960026025414	2.171632187913026e-13
4.9999999999987805	2.672633537839849	1.570796326796436	0.30005529410563186	-2.9212840979681696e-13	-0.003016995579369612	2.1997022275147853e-13
4.9999999999987645	2.6826339330856186	1.57079632679641	0.2999684206419114	-2.8498430934837646e-13	-0.00260620391162	2.1432301345372555e-13
4.999999999998749	2.6926316364191356	1.5707963267963847	0.29989377937058753	-2.777103048632496e-13	-0.002239238139721482	2.1822013455433038e-13
4.999999999998733	2.702627033556335	1.57079632679636	0.29983004886295894	-2.708844501091836e-13	-0.001911915228862582	2.0477564262254447e-13
4.999999999998717	2.7126204683989905	1.570796326796336	0.2997760416980307	-2.6407315687647396e-13	-0.0016202149478528837	2.0433879698184474e-13
4.999999999998702	2.722612247413489	1.5707963267963128	0.2997306991735587	-2.5718179789029306e-13	-0.0013602757341644005	2.06740769586011e-13
4.999999999998688	2.732602643837067	1.5707963267962894	0.2996930862429181	-2.5048582143673684e-13	-0.0011283879192241393	2.0087929360730881e-13
4.999999999998674	2.7425919017202904	1.5707963267962668	0.29966238675239226	-2.4399235936489986e-13	-0.0009209847157810538	1.9480386215574256e-13
4.99999999999866	2.752580239816823	1.5707963267962448	0.2996378990415569	-2.377848676595308e-13	-0.0007346313250630263	1.862247511617147e-13
4.9999999999986455	2.76256785533346	1.5707963267962235	0.2996190319587683	-2.31621641839464e-13	-0.0005660124836617632	1.8489677460264983e-13
4.999999999998632	2.7725549275549732	1.5707963267962026	0.29960530133420915	-2.2600922542467878e-13	-0.00041191873677622894	1.6837249244422451e-13
4.99999999999862	2.7825416213595795	1.5707963267961824	0.29959632694444643	-2.2035269771643343e-13	-0.0002692316928822059	1.6969583124800169e-13
4.999999999998607	2.792528090641857	1.5707963267961629	0.29959182999461903	-2.1506042768700624e-13	-0.00013490849482501944	1.5876810088349198e-13
4.999999999998595	2.8025144816606797	1.5707963267961433	0.2995916311372269	-2.1010405633861675e-13	-5.9657217635583995e-06	1.4869114045234922e-13
4.9999999999985825	2.8125009363302587	1.5707963267961245	0.2995956490401405	-2.0513220347203825e-13	0.00012053708740745702	1.491555859980058e-13
4.99999999999857	2.822487595472714	1.5707963267961063	0.2996038995099219	-2.0034075789135475e-13	0.0002475140934416588	1.4374336742118756e-13
4.999999999998558	2.8324746020506812	1.570796326796088	0.2996164951709529	-1.9572437453194431e-13	0.00037786983093164795	1.384915007830012e-13
4.999999999998546	2.8424621043983938	1.5707963267960705	0.29963364569475504	-1.9153467910967092e-13	0.0005145157140659506	1.2569086266889223e-13
4.999999999998535	2.8524502594693906	1.5707963267960536	0.2996556585681722	-1.8750508397955768e-13	0.0006603862025209053	1.2088785390404818e-13
4.999999999998525	2.862439236118524	1.5707963267960368	0.2996829403830437	-1.836798514480278e-13	0.0008184544461468852	1.1475697594654928e-13
4.999999999998514	2.872429218435247	1.5707963267960203	0.2997159986237187	-1.7998242096601529e-13	0.0009917472202545178	1.1092291446101897e-13
4.999999999998503	2.882420409144284	1.570796326796004	0.2997554439219644	-1.7650490495138062e-13	0.0011833589473732955	1.043254804396843e-13
4.999999999998493	2.892413033088617	1.5707963267959881	0.29980199274167224	-1.7312225716682047e-13	0.0013964645912427549	1.0147943353743251e-13
4.999999999998482	2.902407340808377	1.5707963267959724	0.2998564704476229	-1.697540211531007e-13	0.0016343311785284728	1.0104708041222243e-13
4.9999999999984714	2.9124036122275063	1.570796326795957	0.29991981470399487	-1.6665014738903097e-13	0.0019003276911672656	9.311621292273836e-14
4.999999999998461	2.922402160458145	1.570796326795942	0.2999930791382582	-1.6338761152596762e-13	0.00219793302791236	9.787607589251136e-14
4.99999999999845	2.932403335730303	1.570796326795927	0.3000774371952799	-1.6037940547765865e-13	0.002530741710667533	9.024618144993085e-14
4.9999999999984395	2.9424075294517302	1.5707963267959126	0.3001741860945485	-1.5747176222218247e-13	0.0029024669780752846	8.722929766491046e-14
4.999999999998429	2.9524151783997175	1.5707963267958982	0.3002847507889571	-1.544151516964368e-13	0.0033169408322805613	9.169831577298823e-14
4.999999999998418	2.9624267690429504	1.5707963267958842	0.30041068780939456	-1.5147121992735398e-13	0.0037781106131495154	8.831795307315147e-14
4.9999999999984075	2.9724428419873923	1.5707963267958704	0.3005536888615655	-1.4861329629726036e-13	0.004290031565154549	8.573770890346229e-14
4.999999999998397	2.982463996535384	1.570796326795857	0.30071558402252013	-1.4593263503959989e-13	0.004856854828671943	8.041983773046297e-14
4.999999999998386	2.992490895341751	1.5707963267958438	0.3008983443641769	-1.4320696862481718e-13	0.005482810249739331	8.176999244410275e-14
4.9999999999983755	3.00252426914451	1.5707963267958307	0.30110408380612097	-1.4046741840823482e-13	0.006172183258365626	8.218650649811362e-14
4.999999999998365	3.012564921540786	1.570796326795818	0.30133505997527876	-1.3784422094925586e-13	0.00692928507478235	7.869592377002843e-14
4.999999999998356	3.0226137337706445	1.5707963267958056	0.3015936738211683	-1.3514253726501254e-13	0.007758415376744366	8.105051052794178e-14
4.999999999998347	3.0326716694626374	1.5707963267957934	0.3018824677033894	-1.3271745313101459e-13	0.008663816466695094	7.27525240206109e-14
4.999999999998338	3.042739779284839	1.5707963267957816	0.30220412163380694	-1.3049994568601157e-13	0.009649617912596825	6.652522335070516e-14
4.999999999998329	3.0528192054339556	1.5707963267957699	0.30256144731841267	-1.2822691624204893e-13	0.010719770538253338	6.81908833194518e-14
4.9999999999983205	3.0629111858825295	1.570796326795758	0.3029573796013352	-1.2569250281816577e-13	0.01187796848776951	7.603240271709143e-14
4.999999999998312	3.073017058290275	1.5707963267957468	0.3033949648688876	-1.2321044345177513e-13	0.013127558026679552	7.446178099240374e-14
4.999999999998303	3.0831382634700706	1.5707963267957354	0.30387734592449667	-1.2076094473458085e-13	0.014471431668393507	7.348496151651913e-14
4.999999999998294	3.0932763482818593	1.5707963267957243	0.30440774278862176	-1.1827206209976195e-13	0.015911905923889146	7.466647904526902e-14
4.999999999998285	3.103432967808637	1.5707963267957135	0.3049894288240569	-1.1584215656129887e-13	0.01745058106320851	7.289716615462595e-14
4.999999999998276	3.113609886647678	1.570796326795703	0.30562570152450363	-1.136261918085204e-13	0.019088181013577527	6.647894258408831e-14
4.999999999998267	3.1238089791269563	1.5707963267956926	0.30631984723851247	-1.1129251987118493e-13	0.02082437142046305	7.001015812074874e-14
4.999999999998258	3.134032228231338	1.5707963267956822	0.30707509903083713	-1.0910372513000539e-13	0.022657553769960783	6.56638422361247e-14
4.999999999998249	3.1442817229952187	1.5707963267956722	0.3078945868085762	-1.0687293976154926e-13	0.02458463333241518	6.692356105438982e-14
4.999999999998241	3.1545596540879215	1.5707963267956624	0.30878127876033334	-1.0477783997666678e-13	0.026600758552986117	6.28529935472064e-14
4.999999999998234	3.1648683072850314	1.5707963267956528	0.3097379130731296	-1.0239886312185159e-13	0.02869902938418312	7.136930564515324e-14
4.999999999998227	3.1752100544828683	1.5707963267956433	0.31076691880402024	-9.995753706496212e-14	0.030870171927040516	7.323978170748547e-14
4.99999999999822	3.185587341874345	1.5707963267956342	0.31187032469161907	-9.762006580421147e-14	0.033102176628314904	7.012413782335045e-14
4.999999999998213	3.196002674862374	1.570796326795625	0.3130496545972444	-9.541436633139262e-14	0.03537989716913732	6.617098418536585e-14
4.999999999998206	3.206458599241653	1.570796326795616	0.3143058081666897	-9.333539692158529e-14	0.0376846070837629	6.23690822949781e-14
4.999999999998199	3.2169576781310143	1.5707963267956073	0.31563892520219344	-9.115661250667755e-14	0.03999351106554581	6.53635324479473e-14
4.999999999998192	3.227502810022683	1.5707963267955987	0.31706898830524227	-8.92629465978596e-14	0.042901893091925596	5.680997726529299e-14
4.999999999998185	3.2380972047384042	1.5707963267955902	0.31859469464529955	-8.735362849083186e-14	0.04577119020221197	5.72795432114838e-14
4.9999999999981775	3.248744020260902	1.570796326795582	0.32021423671187443	-8.554466659158679e-14	0.048586261997767013	5.42688569780049e-14
4.99999999999817	3.259446347657534	1.5707963267955738	0.32192540709328793	-8.366199166074095e-14	0.051335111442957264	5.648024792599188e-14
4.999999999998163	3.2702071992731243	1.570796326795566	0.3237256898494273	-8.173048184223151e-14	0.05400848268476309	5.794529455592579e-14
4.999999999998156	3.2810294997669103	1.5707963267955583	0.32561233978508375	-7.969955693243634e-14	0.05659949807031016	6.092774729451465e-14
4.999999999998149	3.2919160796104756	1.5707963267955505	0.3275824508362362	-7.777860294186687e-14	0.0591033315352173	5.762861971777638e-14
4.999999999998142	3.3028696707023935	1.5707963267955427	0.32963301468622536	-7.588982481344504e-14	0.061516915500344806	5.666334385330669e-14
4.999999999998135	3.3138929037910896	1.5707963267955354	0.3317609706429609	-7.410066017230121e-14	0.06383867870276022	5.3674939234952856e-14
4.999999999998128	3.3249883074304094	1.570796326795528	0.33396324772368846	-7.255716381204526e-14	0.06606831242254294	4.6304890808279264e-14
4.999999999998121	3.336158308222574	1.5707963267955205	0.3362367998136051	-7.104664757267347e-14	0.06820656269823476	4.5315487181668306e-14
4.9999999999981135	3.347405232130861	1.5707963267955132	0.33857863469101823	-6.945953711379339e-14	0.07025504632314361	4.7613313766900976e-14
4.999999999998106	3.3587313066695703	1.570796326795506	0.340985837638911	-6.801976581123517e-14	0.07221608843754794	4.319313907726498e-14
4.999999999998099	3.370138663801722	1.570796326795499	0.34345559029749173	-6.664803535554593e-14	0.07409257975819897	4.115191367114049e-14
4.999999999998092	3.381629343395721	1.5707963267954923	0.34598518534972383	-6.531933375773578e-14	0.07588785156774669	3.9861047934739097e-14
4.999999999998085	3.393205297110999	1.5707963267954856	0.3485720375741375	-6.412545294153515e-14	0.07760556673319585	3.581642448643133e-14
4.999999999998078	3.4048683925995546	1.570796326795479	0.35121369174630473	-6.289095527532471e-14	0.0792496251658037	3.7034929986677455e-14
4.999999999998071	3.416620417925494	1.5707963267954723	0.35390782781706054	-6.163994584032894e-14	0.08082408212345818	3.7530283050240315e-14
4.999999999998064	3.4284630861182612	1.5707963267954657	0.356652263755852	-6.019584861452742e-14	0.08233307816452574	4.332291677440842e-14
4.999999999998057	3.4403980397874037	1.5707963267954592	0.3594449563993357	-5.862557700784552e-14	0.08378077930527977	4.710814820086209e-14
4.99999999999805	3.452426855737441	1.5707963267954526	0.3622840006094288	-5.730231759392499e-14	0.08517132630354822	3.9697782418042e-14
4.9999999999980425	3.4645510495309524	1.570796326795446	0.36516762700755556	-5.5868449770908717e-14	0.08650879194454436	4.3016034690833316e-14
4.999999999998035	3.4767720799563193	1.5707963267954397	0.3680941985205289	-5.4477386485354847e-14	0.08779714538991963	4.173189856697363e-14
4.999999999998028	3.489091353363983	1.5707963267954335	0.3710622059450855	-5.3118490031379807e-14	0.08904022273739154	4.076689361958027e-14
4.999999999998023	3.501510227841455	1.5707963267954275	0.3740702627087374	-5.194832885382009e-14	0.09024170291022032	3.5104835327095e-14
4.999999999998018	3.5140300172028	1.5707963267954217	0.37711709897720747	-5.067800079395745e-14	0.09140508805473242	3.810984179612396e-14
4.999999999998012	3.526651994773113	1.570796326795416	0.38020155524642946	-4.946095569859625e-14	0.09253368807724822	3.6511352861082254e-14
4.999999999998007	3.5393773969526188	1.5707963267954101	0.38332257552844484	-4.825434465304666e-14	0.0936306084610125	3.619833136670475e-14
4.999999999998002	3.552207426548371	1.5707963267954048	0.3864792002208023	-4.7320095339513367e-14	0.0946987407712292	2.8027479406193998e-14
4.999999999997996	3.565143255864407	1.5707963267953995	0.38967055874509515	-4.629317298041063e-14	0.09574075572924363	3.0807670773217774e-14
4.999999999997991	3.5781860295436596	1.5707963267953942	0.3928958620133919	-4.526008221881157e-14	0.09675909804931407	3.099272284810369e-14
4.999999999997986	3.591336867156706	1.5707963267953888	0.39615439477235587	-4.4348658511696554e-14	0.09775598276927783	2.7342711213565588e-14
4.99999999999798	3.60459686553405	1.5707963267953835	0.3994455078708166	-4.348345826636758e-14	0.09873339295413396	2.5956007359956297e-14
4.999999999997975	3.6179671008397514	1.5707963267953782	0.4027686104734065	-4.259176114819891e-14	0.09969307807796134	2.6750913545129305e-14
4.99999999999797	3.6314486303850786	1.5707963267953728	0.4061231622479652	-4.171781876868689e-14	0.10063655323697666	2.621827138541882e-14
4.999999999997964	3.645042494181483	1.5707963267953675	0.40950866553771187	-4.098303788085819e-14	0.10156509869257396	2.2043426634906604e-14
4.999999999997959	3.658749716232534	1.5707963267953622	0.412924657526446	-4.036513591573805e-14	0.10247975966216033	1.853705895363338e-14
4.999999999997954	3.672571305564668	1.5707963267953569	0.41637070240241064	-3.9609286939346034e-14	0.10338134627904277	2.2675469291779113e-14
4.999999999997948	3.6865082569966168	1.5707963267953515	0.4198463835152594	-3.9053530717301045e-14	0.1042704333855497	1.6672686661369013e-14
4.999999999997943	3.7005615516472745	1.5707963267953466	0.42335129552477946	-3.8472083605008014e-14	0.10514736028567519	1.7443413368802624e-14
4.999999999997938	3.7147321571816376	1.5707963267953418	0.4268850365375025	-3.800556328629234e-14	0.10601223038175145	1.399560956148022e-14
4.999999999997932	3.7290210277942326	1.5707963267953369	0.4304472002185765	-3.7733183157202335e-14	0.10686491043226941	8.171403872706547e-15
4.999999999997927	3.7434291039290803	1.570796326795332	0.4340373678726244	-3.737201574109393e-14	0.10770502962147466	1.0835022483255018e-14
4.999999999997922	3.757957311735049	1.570796326795327	0.437655100485732	-3.7265333876081857e-14	0.1085319783932543	3.2004559503651904e-15
4.999999999997916	3.7726065622551785	1.5707963267953222	0.4412999307222027	-3.718801810774566e-14	0.10934490709414178	2.3194730500865744e-15
4.999999999997911	3.787377750348411	1.5707963267953173	0.444971354871869	-3.6915785516757476e-14	0.11014272449000666	8.166977729645932e-15
4.999999999997906	3.802271753342047	1.5707963267953124	0.4486688247464145	-3.683633935618043e-14	0.11092409623637718	2.3833848173123694e-15
4.9999999999979	3.817289429413295	1.5707963267953076	0.4523917395285377	-3.681391532319764e-14	0.1116874434637067	6.727209894839826e-16
4.999999999997895	3.832431615698539	1.5707963267953022	0.4561394375861935	-3.6853791827885597e-14	0.11243094172968382	-1.1962951406383693e-15
4.99999999999789	3.8476991261293025	1.570796326795297	0.45991118825969174	-3.697950924415688e-14	0.11315252020495298	-3.77152248813875e-15
4.999999999997884	3.8630927489944122	1.5707963267952916	0.46370618364692034	-3.713915449414398e-14	0.11384986161686492	-4.789357499613477e-15
4.999999999997879	3.878613244228827	1.5707963267952862	0.4675235304180014	-3.727943987524263e-14	0.11452040313243597	-4.208561432959922e-15
4.999999999997874	3.8942613404308	1.570796326795281	0.47136224170042723	-3.772138410956853e-14	0.11516133847278194	-1.3258327029776909e-14
4.999999999997868	3.910037731610599	1.5707963267952756	0.4752212290875356	-3.816411113434862e-14	0.11576962161325437	-1.3281810743402692e-14
4.999999999997863	3.925943073675997	1.5707963267952703	0.4790992948363454	-3.8443752552075114e-14	0.11634197246429716	-8.389242531795058e-15
4.999999999997858	3.941977980662194	1.570796326795265	0.48299512433547515	-3.8736408540733307e-14	0.1168748849738943	-8.779679659746199e-15
4.999999999997852	3.958143020716796	1.5707963267952596	0.486907278940643	-3.9207325239815116e-14	0.11736463815503671	-1.4127500972454518e-14
4.999999999997847	3.974438711854055	1.5707963267952538	0.49083418929487777	-3.954898795192034e-14	0.11780731062704249	-1.0249881363156983e-14
4.999999999997842	3.9908655174967924	1.570796326795248	0.494774149269351	-3.993500530868169e-14	0.11819879923419672	-1.1580520702840498e-14
4.999999999997836	4.007423744234153	1.5707963267952423	0.49871950278427934	-4.0367648684507005e-14	0.11836061115886075	-1.2979301834295431e-14
4.999999999997831	4.024083191730337	1.5707963267952363	0.5008473552762857	-4.0761772327837015e-14	0.06383557574386375	-1.1823709407768852e-14
4.999999999997826	4.0407756631464515	1.57079632679523	0.500700931390211	-4.1044149808180196e-14	-0.004392716430669338	-8.471324430373875e-15
4.99999999999782	4.057463541796588	1.5707963267952239	0.5005717878547585	-4.130425940486949e-14	-0.003874306059640051	-7.803287902682763e-15
4.999999999997815	4.074147378284876	1.5707963267952176	0.5004584015640554	-4.178594614401108e-14	-0.0034015887194850476	-1.4450602175195632e-14
4.99999999999781	4.090827673099598	1.5707963267952114	0.5003592873841044	-4.205496021387376e-14	-0.0029734253978605466	-8.070422096817619e-15
4.999999999997804	4.107504878987482	1.5707963267952048	0.5002730659341547	-4.211878619602537e-14	-0.0025866434981402123	-1.914779464912905e-15
4.999999999997799	4.124179404404314	1.570796326795198	0.5001984591059492	-4.232909404770954e-14	-0.0022382048459948746	-6.309235550582983e-15
4.999999999997794	4.140851616808268	1.5707963267951914	0.5001342851504987	-4.232787210746759e-14	-0.0019252186634423677	3.665820713701987e-17
4.999999999997788	4.157521845796874	1.5707963267951848	0.5000794541773511	-4.197309367941058e-14	-0.0016449291944049056	1.0643352841710826e-14
4.999999999997783	4.174190386093467	1.570796326795178	0.500032963624335	-4.15250195127274e-14	-0.0013947165904801347	1.3442225000560521e-14
4.999999999997778	4.190857500382242	1.570796326795172	0.49999389370495245	-4.1201352504553195e-14	-0.001172097581479105	9.710010245263054e-15
4.9999999999977724	4.207523421991416	1.5707963267951657	0.49996140284697527	-4.088767145521553e-14	-0.0009747257393154732	9.410431480144708e-15
4.999999999997767	4.224188357424475	1.5707963267951595	0.4999347231383173	-4.033771225179109e-14	-0.0008003912597404892	1.6498776102749466e-14
4.999999999997762	4.240852488740565	1.5707963267951532	0.4999131558292428	-3.9875632638617215e-14	-0.0006470192722384633	1.3862388395251197e-14
4.9999999999977565	4.257515975785591	1.570796326795147	0.4998960668748253	-3.929173647934029e-14	-0.0005126686325257997	1.7516884778342307e-14
4.999999999997751	4.274178958276347	1.570796326795141	0.499882882573423	-3.900027963357672e-14	-0.0003955290420704041	8.743705372957176e-15
4.999999999997746	4.290841557741176	1.5707963267951353	0.4998730853195043	-3.8491935611919215e-14	-0.0002939176175630285	1.5250320649752748e-14
4.9999999999977405	4.307503879321379	1.5707963267951295	0.49986620949600796	-3.785860074898106e-14	-0.0002062747048901736	1.9000045888196475e-14
4.999999999997737	4.324166013438328	1.5707963267951237	0.4998618375245622	-3.720625640753587e-14	-0.00013115914337270796	1.957033024342493e-14
4.999999999997733	4.340828037331796	1.570796326795118	0.49985959608742053	-3.6620900488341537e-14	-6.724311425113592e-05	1.7560677575904677e-14
4.99999999999773	4.357490016475364	1.5707963267951126	0.49985915253063534	-3.587304280160605e-14	-1.3306703557467749e-05	2.2435730602134066e-14
4.999999999997726	4.374152005875055	1.5707963267951075	0.4998602114548609	-3.5048132078045154e-14	3.1767726769790565e-05	2.4747321706918655e-14
4.999999999997723	4.390814051257517	1.5707963267951024	0.49986251149697947	-3.393607691069347e-14	6.90012635576946e-05	3.336165502065394e-14
4.999999999997719	4.407476190154118	1.5707963267950973	0.4998658223033726	-3.314584698277035e-14	9.93241917956435e-05	2.3706897837835158e-14
4.999999999997716	4.42413845288733	1.5707963267950922	0.4998699416936106	-3.230298513920834e-14	0.00012358170714018028	2.5285855306962146e-14
4.999999999997712	4.440800863465677	1.5707963267950875	0.49987469301147974	-3.1468791320605934e-14	0.00014253953607451942	2.5025814558180964e-14
4.9999999999977085	4.457463440393448	1.5707963267950829	0.4998799226590631	-3.0526860485908676e-14	0.0001568894275024114	2.8257925041025774e-14
4.999999999997705	4.474126197401164	1.5707963267950784	0.4998854978082609	-2.9690649016116284e-14	0.00016725447593349052	2.5086344093894165e-14
4.999999999997701	4.49078914410262	1.5707963267950742	0.49989130428340506	-2.880448832740678e-14	0.00017419425432555884	2.6584820661393124e-14
4.999999999997698	4.50745228658407	1.5707963267950698	0.49989724460790597	-2.8334651163188654e-14	0.00017820973503004624	1.4095114926657873e-14
4.999999999997694	4.52411562793092	1.5707963267950658	0.49990323620735283	-2.7714131306723105e-14	0.00017974798340858564	1.8615595694026532e-14
4.999999999997691	4.540779168696993	1.5707963267950618	0.4999092097612187	-2.7133307928089953e-14	0.00017920661597876876	1.7424701359073274e-14
4.999999999997687	4.557442907321196	1.5707963267950578	0.4999151076950868	-2.6622059623123993e-14	0.00017693801604481914	1.5337449149051853e-14
4.999999999997684	4.574106840496133	1.5707963267950538	0.49992088280526065	-2.6019282718050446e-14	0.00017325330521627145	1.808330715226991e-14
4.999999999997681	4.590770963492946	1.57079632679505	0.4999264970075946	-2.511764259705407e-14	0.00016842607001999154	2.7049203629965434e-14
4.999999999997679	4.60743527044638	1.5707963267950462	0.4999319202025717	-2.4161184133585898e-14	0.00016269584931260833	2.8693753904155004e-14
4.999999999997677	4.624099754603834	1.5707963267950424	0.4999371292486719	-2.3408484402317824e-14	0.0001562713830053377	2.2580991938157222e-14
4.999999999997676	4.640764408541853	1.570796326795039	0.49994210703645364	-2.267416535213643e-14	0.0001493336334543772	2.2029571505531436e-14
4.999999999997674	4.657429224353326	1.5707963267950358	0.49994684165588577	-2.179468280544808e-14	0.000142038582963242	2.6384476400736776e-14
4.999999999997672	4.674094193808356	1.5707963267950324	0.499951325649849	-2.1270777378996458e-14	0.00013451981889504194	1.5717162793650882e-14
4.99999999999767	4.6907593084915735	1.5707963267950293	0.4999555553469932	-2.077358157849901e-14	0.00012689091432689013	1.491587401498366e-14
4.9999999999976685	4.707424559918418	1.5707963267950262	0.4999595302674854	-2.0129271455002317e-14	0.0001192476147671066	1.9329303704957398e-14
4.999999999997667	4.72408993963274	1.5707963267950231	0.49996325259551117	-1.960991992865255e-14	0.00011166984077382646	1.5580545790565348e-14
4.999999999997665	4.740755439287815	1.57079632679502	0.4999667267127415	-1.9120817464215672e-14	0.00010422351690972175	1.4673073933164177e-14
4.999999999997663	4.757421050712754	1.5707963267950174	0.4999699587873485	-1.874677572878543e-14	9.696223821070699e-05	1.122125206296117e-14
4.999999999997661	4.77408676596604	1.5707963267950147	0.4999729564134408	-1.8313925650708357e-14	8.992878277140565e-05	1.2985502342353042e-14
4.99999999999766	4.790752577377809	1.570796326795012	0.4999757282961931	-1.7737769215863797e-14	8.315648256872156e-05	1.72846930453837e-14
4.999999999997658	4.807418477582323	1.5707963267950094	0.4999782839782175	-1.7278334321873863e-14	7.667046073099411e-05	1.3783046819759713e-14
4.999999999997656	4.824084459541952	1.5707963267950067	0.4999806336030985	-1.6718010484270942e-14	7.048874643329505e-05	1.680971512813641e-14
4.999999999997654	4.840750516563816	1.570796326795004	0.4999827877122636	-1.6214830456166615e-14	6.462327495306656e-05	1.509540084318887e-14
4.9999999999976525	4.857416642310159	1.5707963267950014	0.499984757071712	-1.5460486858566395e-14	5.908078345381183e-05	2.2630307928059396e-14
4.999999999997651	4.874082830803387	1.5707963267949987	0.4999865525253598	-1.507037722628195e-14	5.3863609430749296e-05	1.1703288968611918e-14
4.999999999997649	4.890749076426621	1.5707963267949965	0.49998818487206786	-1.4554030466442234e-14	4.897040124007435e-05	1.54904027952318e-14
4.999999999997647	4.907415373920492	1.5707963267949943	0.4999896647636305	-1.3926426763532361e-14	4.439674687876763e-05	1.8828111087349454e-14
4.999999999997645	4.92408171837685	1.570796326794992	0.4999910026212718	-1.3387570128630267e-14	4.013572923925673e-05	1.61656990471271e-14
4.999999999997644	4.940748105229955	1.5707963267949898	0.49999220856842025	-1.2883274229076362e-14	3.6178414453269845e-05	1.5128876986671994e-14
4.999999999997642	4.957414530245666	1.5707963267949878	0.4999932923776988	-1.240748367252194e-14	3.25142783554922e-05	1.4273716696683795e-14
4.99999999999764	4.974080989509075	1.570796326794986	0.4999942634303348	-1.2126205906683504e-14	2.9131579080007717e-05	8.438332975201097e-15
4.999999999997638	4.990747479410963	1.5707963267949843	0.49999513068629636	-1.1645800081698724e-14	2.601767884718937e-05	1.441217474957163e-14
4.999999999997637	5.0074139966334075	1.5707963267949825	0.4999959026636844	-1.1069644480565727e-14	2.315932163918018e-05	1.7284668034038132e-14
4.999999999997635	5.024080538134848	1.5707963267949807	0.49999658742605835	-1.0763326152267739e-14	2.0542871218496974e-05	9.189549848997174e-15
4.999999999997633	5.040747101134834	1.5707963267949794	0.49999719257646363	-1.047550493125805e-14	1.8154512159037575e-05	8.634636630321197e-15
4.999999999997631	5.057413683098672	1.570796326794978	0.4999977252571429	-1.0105271938462736e-14	1.598042037777944e-05	1.1106989783888069e-14
4.9999999999976295	5.074080281722136	1.5707963267949767	0.4999981921539616	-9.650611348568139e-15	1.4006904560725693e-05	1.3639817696874627e-14
4.999999999997628	5.090746894916393	1.5707963267949754	0.4999985995047233	-9.174571083547523e-15	1.2220522852392341e-05	1.42812079506635e-14
4.999999999997628	5.10741352079326	1.570796326794974	0.49999895311065673	-8.638138052202218e-15	1.0608178001668864e-05	1.609299094040621e-14
4.999999999997628	5.124080157650888	1.5707963267949727	0.49999925835039416	-7.987936376073002e-15	9.157192121784423e-06	1.950605028392948e-14
4.999999999997628	5.140746803959939	1.5707963267949714	0.4999995201959164	-7.311124788870755e-15	7.855365668839872e-06	2.0304347616131507e-14
4.999999999997628	5.157413458350316	1.57079632679497	0.4999997432299642	-6.569361084886635e-15	6.691021434391221e-06	2.225291111959017e-14
4.999999999997628	5.174080119598502	1.5707963267949687	0.49999993166448387	-5.901650733675287e-15	5.653035590696492e-06	2.003131053641333e-14
4.999999999997628	5.1907467866155175	1.5707963267949678	0.5000000893597462	-5.247410159874187e-15	4.7308578698041115e-06	1.9627217214098554e-14
4.999999999997628	5.207413458435524	1.570796326794967	0.5000002198438308	-4.588921274578733e-15	3.914522542562902e-06	1.975466655892789e-14
4.999999999997628	5.224080134205073	1.570796326794966	0.5000003263323568	-3.961099069471586e-15	3.1946557762840938e-06	1.8834666153279217e-14
4.999999999997628	5.240746813173024	1.5707963267949654	0.5000004117479826	-3.4416198551622917e-15	2.562468769033651e-06	1.5584376429340712e-14
4.999999999997628	5.257413494681094	1.570796326794965	0.5000004787395712	-2.945169748444923e-15	2.009747655594701e-06	1.4893503201572314e-14
4.999999999997628	5.274080178155048	1.5707963267949645	0.5000005297009812	-2.514428143872568e-15	1.528842301151195e-06	1.2922248137219642e-14
4.999999999997628	5.290746863096498	1.570796326794964	0.5000005667893367	-2.1023945026905744e-15	1.1126506668281195e-06	1.2361009235502318e-14
4.999999999997628	5.307413549075309	1.5707963267949636	0.5000005919426352	-1.7482737018940543e-15	7.54598951411002e-07	1.0623624023936282e-14
4.999999999997628	5.324080235722576	1.5707963267949636	0.5000006068966433	-1.4858971524271943e-15	4.486202426500069e-07	7.871296484040737e-15
4.999999999997628	5.340746922724149	1.5707963267949636	0.5000006132010288	-1.2501385076488954e-15	1.8913156902129534e-07	7.0727593433748435e-15
4.999999999997628	5.35741360981469	1.5707963267949636	0.5000006122346855	-1.0597446250912086e-15	-2.8990302257344525e-08	5.71181647675384e-15
4.999999999997628	5.374080296772218	1.5707963267949636	0.5000006052202367	-8.834433448927916e-16	-2.1043346358014862e-07	5.289038405971256e-15
4.999999999997628	5.390746983413129	1.5707963267949636	0.5000005932377016	-7.31031980665514e-16	-3.594760522156119e-07	4.572340926835677e-15
4.999999999997628	5.407413669587658	1.5707963267949636	0.5000005772373259	-6.334849067748686e-16	-4.800112754292704e-07	2.9264122167343436e-15
4.999999999997628	5.424080355175753	1.5707963267949636	0.5000005580515988	-5.419205313858359e-16	-5.755718180703216e-07	2.7469312616805617e-15
4.999999999997628	5.440747040083333	1.5707963267949636	0.5000005364064488	-4.545610342657632e-16	-6.493545015477916e-07	2.620784913611162e-15
4.999999999997628	5.457413724238915	1.5707963267949636	0.5000005129316533	-3.8909514927178996e-16	-7.042438636125873e-07	1.963976549827756e-15
4.999999999997628	5.474080407590563	1.5707963267949636	0.5000004881704974	-3.073350254047603e-16	-7.428346780664054e-07	2.452803716017297e-15
4.999999999997628	5.490747090103161	1.5707963267949636	0.5000004625886858	-2.4036862330738587e-16	-7.674543513873744e-07	2.008992062929228e-15
4.999999999997628	5.507413771755961	1.5707963267949636	0.5000004365825617	-1.6766728560684305e-16	-7.801837231115459e-07	2.1810401310228276e-15
4.999999999997628	5.524080452540395	1.5707963267949636	0.5000004104866603	-1.0316723693610631e-16	-7.828770378678964e-07	1.9350014601291967e-15
4.999999999997628	5.540747132458129	1.5707963267949636	0.5000003845806227	-3.2882840376348205e-17	-7.771811314252184e-07	2.108531896799032e-15
4.999999999997628	5.557413811519343	1.5707963267949636	0.5000003590955164	3.5546237986940115e-17	-7.645531865433188e-07	2.052872350905496e-15
4.999999999997628	5.574080489741208	1.5707963267949636	0.5000003342195986	1.1921655749823213e-16	-7.462775363928096e-07	2.5101095853454206e-15
4.999999999997628	5.5907471671465405	1.5707963267949636	0.5000003101035416	1.9663171542387428e-16	-7.234817047992667e-07	2.322454737777401e-15
4.999999999997628	5.607413843762632	1.5707963267949636	0.5000002868651819	2.7132960297970413e-16	-6.971507886270683e-07	2.240936626682418e-15
4.999999999997628	5.624080519620228	1.5707963267949636	0.5000002645937953	3.4577560666772943e-16	-6.681415960493296e-07	2.2333801106480125e-15
4.999999999997628	5.640747194752637	1.5707963267949636	0.5000002433539598	4.3529725141308634e-16	-6.371950657780622e-07	2.685649342367932e-15
4.999999999997628	5.657413869194967	1.5707963267949636	0.5000002231890194	4.877605560406962e-16	-6.049482128121588e-07	1.5738991388369782e-15
4.999999999997628	5.674080542983466	1.5707963267949636	0.500000204124184	5.312532655069562e-16	-5.719450637966447e-07	1.3047812839928838e-15
4.999999999997628	5.69074721615497	1.5707963267949636	0.5000001861693016	5.628951506931708e-16	-5.38646470894402e-07	9.492565555906521e-16
4.999999999997628	5.707413888746427	1.5707963267949636	0.5000001693213245	5.805265455691894e-16	-5.054393187354084e-07	5.289418462836202e-16
4.999999999997628	5.724080560794504	1.5707963267949636	0.5000001535664823	5.851331204709343e-16	-4.7264526862711e-07	1.3819724705405369e-16
4.999999999997628	5.740747232335262	1.5707963267949636	0.5000001388822171	6.411026120244818e-16	-4.405279568922641e-07	1.6790847466068702e-15
4.999999999997628	5.757413903403893	1.5707963267949636	0.5000001252388747	6.306251178620039e-16	-4.093002730859324e-07	-3.1432482486892313e-16
4.999999999997628	5.774080574034507	1.5707963267949636	0.5000001126011896	6.648441830135556e-16	-3.791305525574944e-07	1.0265719545455422e-15
4.999999999997628	5.7907472442599675	1.5707963267949636	0.5000001009295849	6.474010507606271e-16	-3.5014814016483343e-07	-5.232939675845447e-16
4.999999999997628	5.807413914111762	1.5707963267949636	0.5000000901812818	6.968704932286669e-16	-3.224490983246513e-07	1.4840832740395085e-15
4.999999999997628	5.824080583619916	1.5707963267949636	0.5000000803112774	6.719013371529134e-16	-2.9610012749568595e-07	-7.490746822678271e-16
4.999999999997628	5.840747252812937	1.5707963267949636	0.5000000712731645	7.225871752226539e-16	-2.711433908730596e-07	1.5205751420898012e-15
4.999999999997628	5.857413921717768	1.5707963267949636	0.500000063019841	7.007659759346052e-16	-2.47599705702137e-07	-6.546359786365715e-16
4.999999999997628	5.874080590359781	1.5707963267949636	0.5000000555041044	7.564596831651323e-16	-2.2547210167979997e-07	1.6708112169137044e-15
4.999999999997628	5.890747258762781	1.5707963267949636	0.5000000486791427	7.271566954421955e-16	-2.0474885293678678e-07	-8.790896316827351e-16
4.999999999997628	5.90741392694903	1.5707963267949636	0.5000000424989478	7.842872111698636e-16	-1.8540584252179577e-07	1.7139154718272203e-15
4.999999999997628	5.924080594939269	1.5707963267949636	0.5000000369186481	7.705360956029245e-16	-1.6740898773919376e-07	-4.125334670026638e-16
4.999999999997628	5.940747262752772	1.5707963267949636	0.5000000318947708	7.318127688203488e-16	-1.5071632027599045e-07	-1.1616998034785999e-15
4.999999999997628	5.957413930407389	1.5707963267949636	0.500000027385454	7.439719562158571e-16	-1.352795054416708e-07	3.6477562186151115e-16
4.999999999997628	5.974080597919603	1.5707963267949636	0.5000000233505978	7.042659433330907e-16	-1.2104568376093713e-07	-1.191180386481821e-15
4.999999999997628	5.990747265304593	1.5707963267949636	0.5000000197519787	7.42448664412501e-16	-1.0795856791707644e-07	1.145481632378482e-15
4.999999999997628	6.007413932576295	1.5707963267949636	0.5000000165533262	7.240944013281164e-16	-9.595957525418782e-08	-5.506278925278606e-16
4.999999999997628	6.02408059974747	1.5707963267949636	0.5000000137203651	7.544069053178399e-16	-8.498883469538777e-08	9.09375119689933e-16
4.999999999997628	6.0407472668297695	1.5707963267949636	0.5000000112208275	7.195858069734989e-16	-7.498612649629353e-08	-1.0446329503273067e-15
4.999999999997628	6.0574139338338036	1.5707963267949636	0.5000000090244465	7.604222404356136e-16	-6.589143102215544e-08	1.2250930038600804e-15
4.999999999997628	6.074080600769205	1.5707963267949636	0.5000000071029284	7.138699223871693e-16	-5.764554350063948e-08	-1.3965695414493893e-15
4.999999999997628	6.090747267644699	1.5707963267949636	0.5000000054299095	7.649143856195149e-16	-5.01905613641343e-08	1.5313338969658762e-15
4.999999999997628	6.107413934468159	1.5707963267949636	0.500000003980909	7.31150165359576e-16	-4.347001814605301e-08	-1.0129266077932412e-15
4.999999999997628	6.124080601246676	1.5707963267949636	0.5000000027332561	8.133813699975538e-16	-3.7429585001573696e-08	2.4669361391360787e-15
4.999999999997628	6.14074726798661	1.5707963267949636	0.500000001666015	7.409577361300984e-16	-3.2017231225166986e-08	-2.172709016015741e-15
4.999999999997628	6.157413934693654	1.5707963267949636	0.5000000007599174	7.541360574429892e-16	-2.718293314478266e-08	3.953496393797444e-16
4.999999999997628	6.174080601372887	1.5707963267949636	0.499999999997273	7.297879551556341e-16	-2.2879327162357897e-08	-7.3044306861937995e-16
4.999999999997628	6.190747268028819	1.5707963267949636	0.4999999993618863	7.430773941916687e-16	-1.906160156547358e-08	3.9868317107869237e-16
4.999999999997628	6.207413934665446	1.5707963267949636	0.4999999988389746	7.560363696225569e-16	-1.568735111165173e-08	3.8876926292792237e-16
4.999999999997628	6.224080601286293	1.5707963267949636	0.499999998415081	7.741606168898363e-16	-1.2716807569124384e-08	5.437274180196334e-16
4.999999999997628	6.240747267894457	1.5707963267949636	0.499999998077985	8.057710108963256e-16	-1.0112879798107415e-08	9.483118201964243e-16
4.999999999997628	6.2574139344926465	1.5707963267949636	0.49999999781662774	7.993855430363465e-16	-7.840716749606423e-09	-1.9156403579632862e-16
4.999999999997628	6.274080601083221	1.5707963267949636	0.4999999976210273	8.44782682308351e-16	-5.868011568703344e-09	1.3619141781595204e-15
4.999999999997628	6.290747267668222	1.5707963267949636	0.49999999748219764	7.8062431021687e-16	-4.164888933018228e-09	-1.9247511627400525e-15
4.999999999997628	6.307413934249407	1.5707963267949636	0.49999999739207784	8.635397549046047e-16	-2.7035945311321206e-09	2.4874633406258576e-15
4.999999999997628	6.32408060082828	1.5707963267949636	0.4999999973434565	8.182896066835481e-16	-1.4586402744630315e-09	-1.3575044466237026e-15
4.999999999997628	6.340747267406116	1.5707963267949636	0.4999999973299038	8.346709589300829e-16	-4.0658219363297983e-10	4.914405673916857e-16
4.999999999997628	6.35741393398399	1.5707963267949636	0.4999999973457097	8.306635999021408e-16	4.741762373341432e-10	-1.2022077083668221e-16
4.999999999997628	6.374080600562795	1.5707963267949636	0.49999999738581635	8.433287630934755e-16	1.2031985185807195e-09	3.799548957396549e-16
4.999999999997628	6.390747267143269	1.5707963267949636	0.4999999974457605	8.581376468136685e-16	1.798325823195205e-09	4.442665116070077e-16
4.999999999997628	6.407413933726006	1.5707963267949636	0.49999999752162894	9.083677299953832e-16	2.276052963292365e-09	1.5069024954528709e-15
4.999999999997628	6.42408060031148	1.5707963267949636	0.4999999976099936	8.564909101789452e-16	2.6509393735948982e-09	-1.556304594488301e-15
4.999999999997628	6.440747266900057	1.5707963267949636	0.4999999977078739	8.827756074117811e-16	2.93640886369953e-09	7.885409169800794e-16
4.999999999997628	6.4574139334920115	1.5707963267949636	0.4999999978126917	8.672836287372479e-16	3.144531709079959e-09	-4.647593602334644e-16
4.999999999997628	6.4740806000875395	1.5707963267949636	0.4999999979222249	9.005401691619041e-16	3.285995700811928e-09	9.976962127381953e-16
4.999999999997628	6.490747266686766	1.5707963267949636	0.4999999980345762	9.13999981634409e-16	3.3705389944186943e-09	4.0379437417835433e-16
4.999999999997628	6.507413933289758	1.5707963267949636	0.4999999981481372	9.572136723898393e-16	3.4068294120128534e-09	1.2964107226642124e-15
4.999999999997628	6.524080599896533	1.5707963267949636	0.4999999982615537	9.4292676031688e-16	3.402495619515757e-09	-4.2860736218460883e-16
4.999999999997628	6.540747266507068	1.5707963267949636	0.49999999837369863	9.694669556023818e-16	3.3643470622046084e-09	7.962058585636763e-16
4.999999999997628	6.557413933121304	1.5707963267949636	0.4999999984836466	9.769440203506999e-16	3.2984377117005654e-09	2.243119424521017e-16
4.999999999997628	6.5740805997391565	1.5707963267949636	0.4999999985906498	9.84463697516063e-16	3.2100951594057914e-09	2.25590314961609e-16
4.999999999997628	6.590747266360516	1.5707963267949636	0.4999999986941151	1.0019160936013743e-15	3.103958082166622e-09	5.235718825600625e-16
4.999999999997628	6.607413932985257	1.5707963267949636	0.49999999879358276	9.532267573175736e-16	2.9840299773220677e-09	-1.4606800885123413e-15
4.999999999997628	6.624080599613242	1.5707963267949636	0.4999999988887095	9.248118981921333e-16	2.8538028859502235e-09	-8.524457737679054e-16
4.999999999997628	6.640747266244321	1.5707963267949636	0.4999999989792568	9.311378126216863e-16	2.716417483294699e-09	1.8977743288385377e-16
4.999999999997628	6.657413932878339	1.5707963267949636	0.49999999906506937	9.59993992419033e-16	2.5743776111142585e-09	8.656853939210141e-16
4.999999999997628	6.674080599515138	1.5707963267949636	0.4999999991460654	9.334652577475124e-16	2.429880887737265e-09	-7.958620401428297e-16
4.999999999997628	6.690747266154557	1.5707963267949636	0.4999999992222286	9.26308850154564e-16	2.284897223489346e-09	-2.146922277910056e-16
4.999999999997628	6.707413932796435	1.5707963267949636	0.4999999992935902	9.517712445142402e-16	2.1408488912975096e-09	7.63871830789603e-16
4.999999999997628	6.724080599440611	1.5707963267949636	0.4999999993602298	9.900110158615636e-16	1.9991901911058443e-09	1.1471931404221597e-15
4.999999999997628	6.740747266086933	1.5707963267949636	0.4999999994222574	9.713794207377269e-16	1.8608269123484222e-09	-5.5894785371141655e-16
4.999999999997628	6.757413932735247	1.5707963267949636	0.4999999994798148	9.75493353053732e-16	1.7267210974420018e-09	1.2341796947836278e-16
4.999999999997628	6.774080599385408	1.5707963267949636	0.4999999995330624	9.776382590764726e-16	1.5974293333354222e-09	6.434718068261531e-17
4.999999999997628	6.790747266037276	1.5707963267949636	0.4999999995821823	1.014747720127278e-15	1.473597454861508e-09	1.1132838315243687e-15
4.999999999997628	6.807413932690715	1.5707963267949636	0.4999999996273595	1.0022396438687718e-15	1.3553171280003497e-09	-3.75242287751602e-16
4.999999999997628	6.824080599345598	1.5707963267949636	0.49999999966879666	9.819139322717793e-16	1.243115139668851e-09	-6.09771347910979e-16
4.999999999997628	6.840747266001802	1.5707963267949636	0.499999999706698	1.0206388174082848e-15	1.1370402396387283e-09	1.1617465540932139e-15
4.999999999997628	6.857413932659216	1.5707963267949636	0.4999999997412685	1.0854811371791892e-15	1.0371153514438479e-09	1.945269593130863e-15
4.999999999997628	6.874080599317728	1.5707963267949636	0.4999999997727121	1.0984323653634992e-15	9.43308035985602e-10	3.885368455355448e-16
4.999999999997628	6.89074726597724	1.5707963267949636	0.499999999801233	1.098057993567594e-15	8.556271196251278e-10	-1.1231153875900895e-17
4.999999999997628	6.907413932637658	1.5707963267949636	0.4999999998270285	1.124281308645683e-15	7.738652303942496e-10	7.86699452342638e-16
4.999999999997628	6.924080599298893	1.5707963267949636	0.49999999985029087	1.2002095908421042e-15	6.978733710436957e-10	2.277848465895166e-15
4.999999999997628	6.940747265960866	1.5707963267949636	0.4999999998712082	1.2334445263806268e-15	6.275211233413712e-10	9.97048066162999e-16
4.999999999997628	6.957413932623498	1.5707963267949636	0.4999999998899585	1.2575692140537032e-15	5.625091548087133e-10	7.237406301954923e-16
4.999999999997628	6.974080599286722	1.5707963267949636	0.49999999990671434	1.234830695139316e-15	5.026736903582089e-10	-6.821555674292876e-16
4.999999999997628	6.990747265950474	1.5707963267949636	0.49999999992163746	1.2209903544754892e-15	4.476928632297255e-10	-4.1521021991699823e-16
4.999999999997628	7.0074139326146945	1.5707963267949636	0.49999999993488237	1.2413084162633384e-15	3.97347364741534e-10	6.095418536341425e-16
4.999999999997628	7.0240805992793325	1.5707963267949636	0.4999999999465946	1.308270366141534e-15	3.5136575296708123e-10	2.0088584963478224e-15
4.999999999997628	7.040747265944337	1.5707963267949636	0.49999999995691136	1.3481095967012152e-15	3.095024842256287e-10	1.1951769167968902e-15
4.999999999997628	7.057413932609664	1.5707963267949636	0.4999999999659602	1.395175457645178e-15	2.714647779333281e-10	1.4119758283227232e-15
4.999999999997628	7.074080599275275	1.5707963267949636	0.49999999997386185	1.4028491324705375e-15	2.370529539875402e-10	2.302102447653208e-16
4.999999999997628	7.090747265941133	1.5707963267949636	0.4999999999807261	1.4246601577516539e-15	2.0592697476563967e-10	6.543307584342307e-16
4.999999999997628	7.107413932607202	1.5707963267949636	0.49999999998665684	1.405539605962274e-15	1.7792440242152068e-10	-5.73616553679291e-16
4.999999999997628	7.124080599273456	1.5707963267949636	0.49999999999174766	1.3941741938157417e-15	1.5272510639236393e-10	-3.409623643978124e-16
4.999999999997628	7.140747265939867	1.5707963267949636	0.49999999999608974	1.4257959748072873e-15	1.3026336824798705e-10	9.486534297452799e-16
4.999999999997628	7.157413932606411	1.5707963267949636	0.4999999999997647	1.5140432541704264e-15	1.1024669365085598e-10	2.6474183808972202e-15
4.999999999997628	7.174080599273068	1.5707963267949636	0.5000000000028471	1.5618642668607199e-15	9.247404206855041e-11	1.4346303807173048e-15
4.999999999997628	7.190747265939817	1.5707963267949636	0.5000000000054011	1.612616825155876e-15	7.662269784112987e-11	1.5225767488592933e-15
4.999999999997628	7.207413932606645	1.5707963267949636	0.5000000000074912	1.6291621080212288e-15	6.270766927772434e-11	4.9635848596546785e-16
4.999999999997628	7.2240805992735355	1.5707963267949636	0.5000000000091714	1.6692189429022168e-15	5.040500530389914e-11	1.2017050464312255e-15
4.999999999997628	7.240747265940476	1.5707963267949636	0.5000000000104957	1.6680042672459762e-15	3.9725440093756146e-11	-3.644026968335637e-17
4.999999999997628	7.257413932607456	1.5707963267949636	0.5000000000115089	1.6771885388660558e-15	3.039452877549192e-11	2.755281486022636e-16
4.999999999997628	7.274080599274465	1.5707963267949636	0.5000000000122532	1.656819397805773e-15	2.232764787537785e-11	-6.110742318076065e-16
4.999999999997628	7.290747265941495	1.5707963267949636	0.5000000000127641	1.6621220072589477e-15	1.532577958244792e-11	1.5907828359327664e-16
4.999999999997628	7.307413932608539	1.5707963267949636	0.5000000000130782	1.6370099996606507e-15	9.419264762562446e-12	-7.533602279483912e-16
4.999999999997628	7.32408059927559	1.5707963267949636	0.5000000000132231	1.6329161473440184e-15	4.34552707470723e-12	-1.2281556950139583e-16
4.999999999997628	7.340747265942644	1.5707963267949636	0.5000000000132255	1.6412243929664624e-15	7.718743585917107e-14	2.492473686729246e-16
4.999999999997628	7.3574139326096955	1.5707963267949636	0.5000000000131108	1.6910340758389402e-15	-3.4423856756923225e-12	1.494290486175133e-15
4.999999999997628	7.374080599276743	1.5707963267949636	0.5000000000128972	1.7231789455647723e-15	-6.40680307675205e-12	9.643460917797648e-16
4.999999999997628	7.390747265943782	1.5707963267949636	0.5000000000126046	1.7740797722738607e-15	-8.777146628995364e-12	1.5270248012757447e-15
4.999999999997628	7.40741393261081	1.5707963267949636	0.5000000000122493	1.77412449450559e-15	-1.0660863610358149e-11	1.3416669567935693e-18
4.999999999997628	7.424080599277823	1.5707963267949636	0.5000000000118462	1.8141565782539863e-15	-1.2097948958269579e-11	1.2009625124518833e-15
4.999999999997628	7.440747265944824	1.5707963267949636	0.5000000000114064	1.806450669066305e-15	-1.3193170734631396e-11	-2.31177275626581e-16
4.999999999997628	7.45741393261181	1.5707963267949636	0.5000000000109391	1.8273674585434394e-15	-1.4022247945432885e-11	6.275036843132823e-16
4.999999999997628	7.47408059927878	1.5707963267949636	0.500000000010455	1.833070801665691e-15	-1.4524316689271512e-11	1.7110029366955542e-16
4.999999999997628	7.490747265945734	1.5707963267949636	0.5000000000099627	1.872506301932097e-15	-1.4762835949495368e-11	1.183065007992742e-15
4.999999999997628	7.507413932612671	1.5707963267949636	0.5000000000094673	1.8650284317420567e-15	-1.4862036931396995e-11	-2.2433610569741075e-16
4.999999999997628	7.524080599279593	1.5707963267949636	0.5000000000089757	1.888744209674945e-15	-1.474768639931549e-11	7.114733379859429e-16
4.999999999997628	7.5407472659464965	1.5707963267949636	0.5000000000084911	1.8753831596858006e-15	-1.4538291858763206e-11	-4.0083149967206616e-16
4.999999999997628	7.557413932613385	1.5707963267949636	0.5000000000080157	1.91380652833398e-15	-1.426418272710314e-11	1.1527010594441045e-15
4.999999999997628	7.574080599280258	1.5707963267949636	0.5000000000075546	1.9173697745591824e-15	-1.3827018489323464e-11	1.0689738675978331e-16
4.999999999997628	7.590747265947115	1.5707963267949636	0.5000000000071115	1.9599861475742488e-15	-1.3290143853863286e-11	1.2784911904523267e-15
4.999999999997628	7.607413932613959	1.5707963267949636	0.5000000000066853	1.9660657913699804e-15	-1.2786739295021126e-11	1.8238931387606245e-16
4.999999999997628	7.624080599280787	1.5707963267949636	0.5000000000062796	1.991847038375933e-15	-1.2166776416108575e-11	7.734374101791562e-16
4.999999999997628	7.640747265947603	1.5707963267949636	0.5000000000058951	1.992587303704895e-15	-1.1535045871090147e-11	2.2207959871359755e-17
4.999999999997628	7.657413932614406	1.5707963267949636	0.50000000000553	2.0393872804602474e-15	-1.0955967307425124e-11	1.4039993026606555e-15
4.999999999997628	7.674080599281196	1.5707963267949636	0.500000000005187	2.0499653913004685e-15	-1.029787171673486e-11	3.173433252111516e-16
4.999999999997628	7.6907472659479765	1.5707963267949636	0.5000000000048649	2.079607158883889e-15	-9.663307317959308e-12	8.892530275036243e-16
4.999999999997628	7.707413932614747	1.5707963267949636	0.5000000000045631	2.080928055364895e-15	-9.052007309272607e-12	3.9626894433059553e-17
4.999999999997628	7.724080599281508	1.5707963267949636	0.5000000000042818	2.1001109659430997e-15	-8.438538767491927e-12	5.754873173462684e-16
4.999999999997628	7.740747265948259	1.5707963267949636	0.5000000000040209	2.0984740109200556e-15	-7.826947725060813e-12	-4.910865068947219e-17
4.999999999997628	7.757413932615002	1.5707963267949636	0.5000000000037774	2.132563485404973e-15	-7.304438812431781e-12	1.022684234547385e-15
4.999999999997628	7.774080599281738	1.5707963267949636	0.5000000000035534	2.144507064925669e-15	-6.717215149452775e-12	3.58307385624184e-16
4.999999999997628	7.7907472659484664	1.5707963267949636	0.5000000000033479	2.1744361402609254e-15	-6.168817738664298e-12	8.978722600588507e-16
4.999999999997628	7.807413932615187	1.5707963267949636	0.5000000000031581	2.182928182579024e-15	-5.6923630034882294e-12	2.5476126954582683e-16
4.999999999997628	7.824080599281903	1.5707963267949636	0.5000000000029848	2.2158669028076025e-15	-5.1975154154247204e-12	9.881616068581918e-16
4.999999999997628	7.840747265948612	1.570796326794964	0.5000000000028282	2.179052975836265e-15	-4.699709669825011e-12	-1.1044178091369585e-15
4.999999999997628	7.857413932615316	1.570796326794964	0.5000000000026833	2.1579633077131785e-15	-4.350561076216057e-12	-6.326900436961596e-16
4.999999999997628	7.874080599282015	1.570796326794964	0.5000000000025512	2.1446380950608886e-15	-3.9626071893998204e-12	-3.997563795707414e-16
4.999999999997628	7.890747265948711	1.570796326794964	0.5000000000024316	2.1418445449870213e-15	-3.5846773276506164e-12	-8.380650221731319e-17
4.999999999997628	7.907413932615403	1.570796326794964	0.5000000000023251	2.1179232357790933e-15	-3.1949655188200435e-12	-7.176392762381128e-16
4.999999999997628	7.924080599282092	1.570796326794964	0.5000000000022278	2.1482370972636996e-15	-2.9186931835973023e-12	9.094158445358923e-16
4.999999999997628	7.9407472659487786	1.570796326794964	0.5000000000021395	2.155382640536089e-15	-2.6479113498199813e-12	2.143662981745915e-16
4.999999999997628	7.957413932615461	1.570796326794964	0.5000000000020615	2.189210553171293e-15	-2.3386311062603e-12	1.0148373790568137e-15
4.999999999997628	7.974080599282141	1.570796326794964	0.5000000000019935	2.209270147445896e-15	-2.0400851011770013e-12	6.017878282413459e-16
4.999999999997628	7.990747265948818	1.5707963267949645	0.5000000000019329	2.207254952660183e-15	-1.8186300142426e-12	-6.045584356945948e-17
4.999999999997628	8.007413932615496	1.570796326794965	0.5000000000018792	2.120812901655382e-15	-1.6136359758697587e-12	-2.5932615301442215e-15
4.999999999997628	8.02408059928217	1.570796326794965	0.5000000000018303	2.0669909269311527e-15	-1.4659132265807014e-12	-1.6146592417351974e-15
4.999999999997628	8.040747265948843	1.570796326794965	0.5000000000017923	2.0000248329478226e-15	-1.1396823934616603e-12	-2.008982819505075e-15
4.999999999997628	8.057413932615514	1.570796326794965	0.5000000000017581	1.964936529324135e-15	-1.0247806123380842e-12	-1.052649108717082e-15
4.999999999997628	8.074080599282185	1.570796326794965	0.5000000000017281	1.917525601271791e-15	-9.01317079781902e-13	-1.4223278415737096e-15
4.999999999997628	8.090747265948853	1.570796326794965	0.5000000000017029	1.9007735042198876e-15	-7.586476816223188e-13	-5.025629115616842e-16
4.999999999997628	8.10741393261552	1.570796326794965	0.5000000000016799	1.8726010284949484e-15	-6.890441959139706e-13	-8.45174271749805e-16
4.999999999997628	8.124080599282188	1.570796326794965	0.5000000000016629	1.8805220168001136e-15	-5.131430728195965e-13	2.376296491522356e-16
4.999999999997628	8.140747265948857	1.570796326794965	0.5000000000016469	1.876363916948646e-15	-4.804264489488216e-13	-1.2474299554325408e-16
4.999999999997628	8.157413932615526	1.570796326794965	0.5000000000016327	1.9019941921762684e-15	-4.2648425345763116e-13	7.689082568282738e-16
4.999999999997628	8.174080599282195	1.570796326794965	0.5000000000016184	1.9040648897559473e-15	-4.2941797239923717e-13	6.2120927392847e-17
4.999999999997628	8.190747265948865	1.570796326794965	0.500000000001606	1.9239622723588955e-15	-3.7160588665994913e-13	5.969214780886479e-16
4.999999999997628	8.207413932615534	1.570796326794965	0.5000000000015943	1.921933063588677e-15	-3.500366432796463e-13	-6.087626310465074e-17
4.999999999997628	8.224080599282203	1.570796326794965	0.5000000000015826	1.9451886386180997e-15	-3.4746770077084127e-13	6.976672508824772e-16
4.999999999997628	8.240747265948869	1.570796326794965	0.5000000000015727	1.9270725139510815e-15	-2.980444463820432e-13	-5.43483740008312e-16
4.999999999997628	8.257413932615535	1.570796326794965	0.5000000000015635	1.932072108790991e-15	-2.7411205222966847e-13	1.4998784519552232e-16
4.999999999997628	8.2740805992822	1.570796326794965	0.5000000000015561	1.9170593903887646e-15	-2.2567578773606545e-13	-4.503815520663128e-16
4.999999999997628	8.290747265948866	1.570796326794965	0.500000000001551	1.92933825457981e-15	-1.5279509767347245e-13	3.683659257299301e-16
4.999999999997628	8.307413932615532	1.570796326794965	0.5000000000015458	1.9292758982996285e-15	-1.5763392246246136e-13	-1.87068840425207e-18
4.999999999997628	8.324080599282198	1.570796326794965	0.5000000000015423	1.94228410741448e-15	-9.964862864985519e-14	3.902462734455505e-16
4.999999999997628	8.340747265948863	1.570796326794965	0.5000000000015395	1.9340496753105083e-15	-8.291317190657101e-14	-2.470329631179023e-16
4.999999999997628	8.357413932615529	1.570796326794965	0.5000000000015375	1.953734883281805e-15	-6.353932950533409e-14	5.905562391381187e-16
4.999999999997628	8.374080599282195	1.570796326794965	0.500000000001536	1.93511166788336e-15	-4.9811036236446435e-14	-5.586964619514626e-16
4.999999999997628	8.39074726594886	1.570796326794965	0.5000000000015349	1.9585144235531817e-15	-3.7520489915964655e-14	7.020826700928419e-16
4.999999999997628	8.407413932615526	1.570796326794965	0.500000000001534	1.9821861297587816e-15	-2.3058730489258772e-14	7.101511861702664e-16
4.999999999997628	8.424080599282192	1.570796326794965	0.5000000000015339	1.9803158109542095e-15	-7.84704536050361e-15	-5.610956413488673e-17
4.999999999997628	8.440747265948858	1.570796326794965	0.5000000000015342	1.9688628731780773e-15	7.652569983945812e-15	-3.4358813328414393e-16
4.999999999997628	8.457413932615523	1.570796326794965	0.5000000000015339	1.992369463063021e-15	-1.0076717292615417e-14	7.051976965472037e-16
4.999999999997628	8.474080599282189	1.570796326794965	0.5000000000015344	1.986068770379108e-15	2.1398911830873557e-14	-1.8902078051512097e-16
4.999999999997628	8.490747265948855	1.570796326794965	0.5000000000015344	2.014401245229218e-15	1.190267638140688e-15	8.499742455026897e-16
4.999999999997628	8.50741393261552	1.570796326794965	0.5000000000015358	2.0040269828439233e-15	4.087799299360914e-14	-3.1122787155612588e-16
4.999999999997628	8.524080599282186	1.570796326794965	0.500000000001536	2.019410021773365e-15	7.358917213659902e-15	4.614911678822475e-16
4.999999999997628	8.540747265948852	1.570796326794965	0.5000000000015367	2.0230504358388845e-15	2.1377620810711373e-14	1.0921242196705318e-16
4.999999999997628	8.557413932615518	1.570796326794965	0.5000000000015375	2.061264672745158e-15	2.954535962130904e-14	1.1464271071885669e-15
4.999999999997628	8.574080599282183	1.570796326794965	0.5000000000015381	2.0714210685452228e-15	2.0757291149592003e-14	3.046918740056131e-16
4.999999999997628	8.590747265948849	1.570796326794965	0.5000000000015395	2.069791460605927e-15	4.477310449474414e-14	-4.888823817790009e-17
4.999999999997628	8.607413932615515	1.570796326794965	0.5000000000015408	2.0690297982768293e-15	4.077726383552166e-14	-2.284986987308218e-17
4.999999999997628	8.62408059928218	1.570796326794965	0.5000000000015421	2.0825221456205537e-15	4.20055835817848e-14	4.0477042031167504e-16
4.999999999997628	8.640747265948846	1.570796326794965	0.5000000000015437	2.0845049759877494e-15	4.944392538084284e-14	5.948491101716799e-17
4.999999999997628	8.657413932615512	1.570796326794965	0.5000000000015454	2.112601524081217e-15	5.4889415495446015e-14	8.42896442804223e-16
4.999999999997628	8.674080599282178	1.570796326794965	0.5000000000015475	2.111713954841244e-15	6.47796262974714e-14	-2.6627077196485702e-17
4.999999999997628	8.690747265948843	1.570796326794965	0.5000000000015499	2.1371516644167254e-15	7.397590027526102e-14	7.631312872643726e-16
4.999999999997628	8.707413932615509	1.570796326794965	0.5000000000015525	2.158241947832974e-15	8.062441773232232e-14	6.327085024898955e-16
4.999999999997628	8.724080599282175	1.570796326794965	0.5000000000015554	2.1434489598365846e-15	8.83216060237977e-14	-4.437896398896458e-16
4.999999999997628	8.74074726594884	1.570796326794965	0.500000000001558	2.119011151134526e-15	7.861750191281124e-14	-7.33134261063189e-16
4.999999999997628	8.757413932615506	1.570796326794965	0.5000000000015605	2.1424571109037627e-15	7.685467049551274e-14	7.033787930747623e-16
4.999999999997628	8.774080599282172	1.570796326794965	0.5000000000015633	2.149966738513342e-15	7.91948294052644e-14	2.2528882828963445e-16
4.999999999997628	8.790747265948838	1.570796326794965	0.5000000000015655	2.1557762594183145e-15	6.749522070263227e-14	1.7428562714989852e-16
4.999999999997628	8.807413932615503	1.570796326794965	0.5000000000015682	2.144280599026564e-15	7.920953050909695e-14	-3.4486981175195107e-16
4.999999999997628	8.82408059928217	1.570796326794965	0.5000000000015707	2.1958200185365927e-15	7.61320971813962e-14	1.5461825852997647e-15
4.999999999997628	8.840747265948835	1.570796326794965	0.5000000000015734	2.2384459668840478e-15	7.618728307197571e-14	1.2787784504286285e-15
4.999999999997628	8.8574139326155	1.5707963267949654	0.5000000000015762	2.1486179099939678e-15	7.927149943951807e-14	-2.6948417066982904e-15
4.999999999997628	8.874080599282166	1.5707963267949654	0.5000000000015784	2.0617417226698902e-15	6.721825109327548e-14	-2.6062856197309803e-15
4.999999999997628	8.890747265948832	1.5707963267949654	0.500000000001581	2.025559317506784e-15	7.841260464287042e-14	-1.0854721549015477e-15
4.999999999997628	8.907413932615498	1.5707963267949654	0.5000000000015834	2.00298144279641e-15	7.20698423628454e-14	-6.773362413147103e-16
4.999999999997628	8.924080599282163	1.5707963267949654	0.5000000000015863	1.9641037235866463e-15	8.683153615617403e-14	-1.1663315762950829e-15
4.999999999997628	8.94074726594883	1.5707963267949654	0.5000000000015891	1.9030032281147516e-15	8.489260320100958e-14	-1.8330148641605685e-15
4.999999999997628	8.957413932615495	1.5707963267949654	0.5000000000015916	1.885594302060143e-15	8.306531596455682e-14	-5.222677816441436e-16
4.999999999997628	8.97408059928216	1.5707963267949654	0.5000000000015944	1.8799277027179518e-15	8.662068255054813e-14	-1.699979802674216e-16
4.999999999997628	8.990747265948826	1.5707963267949654	0.5000000000015974	1.8951929841535777e-15	9.078094924549161e-14	4.579584430682389e-16
4.999999999997628	9.007413932615492	1.5707963267949654	0.5000000000016006	1.9056880593212325e-15	9.572453506939693e-14	3.148522550310958e-16
4.999999999997628	9.024080599282161	1.5707963267949654	0.5000000000016024	1.9271870757868014e-15	4.8380140090517956e-14	6.449704939680826e-16
4.999999999997628	9.04074726594883	1.5707963267949654	0.5000000000016032	1.941032367751182e-15	2.392490638112102e-14	4.1535875893349076e-16
4.999999999997628	9.0574139326155	1.5707963267949654	0.5000000000016027	1.998622905371856e-15	-1.0162423474350396e-14	1.727716128621551e-15
4.999999999997628	9.07408059928217	1.5707963267949654	0.5000000000016015	2.0399235037672313e-15	-3.457271700369781e-14	1.2390179518668158e-15
4.999999999997628	9.090747265948838	1.5707963267949654	0.5000000000015996	2.0422333727429954e-15	-5.787991613770416e-14	6.929606927689172e-17
4.999999999997628	9.107413932615508	1.5707963267949654	0.5000000000015966	2.036998014610655e-15	-8.649610772092954e-14	-1.5706074396999378e-16
4.999999999997628	9.124080599282177	1.5707963267949654	0.5000000000015932	2.0809759410286944e-15	-1.0329602028336798e-13	1.3193377925406747e-15
4.999999999997628	9.140747265948843	1.5707963267949654	0.5000000000015901	2.1120633920949136e-15	-9.525598354803017e-14	9.326235319908154e-16
4.999999999997628	9.157413932615508	1.5707963267949654	0.5000000000015873	2.0889747636407596e-15	-7.810114724003323e-14	-6.926588536216367e-16
4.999999999997628	9.174080599282174	1.5707963267949654	0.5000000000015852	2.0835960553384885e-15	-6.150578635809312e-14	-1.6136124907035897e-16
4.999999999997628	9.19074726594884	1.5707963267949654	0.5000000000015837	2.047368228583799e-15	-4.527295218944606e-14	-1.0868348026411977e-15
4.999999999997628	9.207413932615506	1.5707963267949654	0.5000000000015827	2.086063649140428e-15	-2.831751421349636e-14	1.1608626166953785e-15
4.999999999997628	9.224080599282171	1.5707963267949654	0.5000000000015824	2.095666417364231e-15	-1.2503998623189863e-14	2.8808304671781826e-16
4.999999999997628	9.240747265948837	1.5707963267949654	0.5000000000015821	2.1229112242765e-15	-1.0294811335874454e-14	8.173442073689967e-16
4.999999999997628	9.257413932615503	1.5707963267949654	0.5000000000015824	2.0896441547827676e-15	1.184971988154454e-14	-9.98012084809338e-16
4.999999999997628	9.274080599282168	1.5707963267949654	0.500000000001583	2.142000746084151e-15	1.498971506272949e-14	1.5706977390382982e-15
4.999999999997628	9.290747265948834	1.5707963267949654	0.5000000000015838	2.0632628893797954e-15	2.0853185443616556e-14	-2.3621357011256364e-15
4.999999999997628	9.3074139326155	1.5707963267949654	0.5000000000015848	2.050294367425416e-15	3.1498959798988146e-14	-3.8905565863897793e-16
4.999999999997628	9.324080599282166	1.5707963267949654	0.5000000000015857	2.038983122757744e-15	2.4388094489865772e-14	-3.393373400314104e-16
4.999999999997628	9.340747265948831	1.5707963267949654	0.500000000001587	2.1193208937406634e-15	4.17562272465085e-14	2.4101331294865034e-15
4.999999999997628	9.357413932615497	1.5707963267949654	0.5000000000015883	2.0730132273700327e-15	4.323920236616596e-14	-1.3892299911111752e-15
4.999999999997628	9.374080599282163	1.5707963267949654	0.5000000000015897	2.0947468569235034e-15	4.6438374657177886e-14	6.520088865996505e-16
4.999999999997628	9.390747265948828	1.5707963267949654	0.5000000000015915	2.092472457982293e-15	5.312506280697425e-14	-6.823196823421214e-17
4.999999999997628	9.407413932615494	1.5707963267949654	0.5000000000015936	2.102152977821057e-15	6.219951989442155e-14	2.9041559516269694e-16
4.999999999997628	9.42408059928216	1.5707963267949654	0.5000000000015961	2.15178301851648e-15	7.59063391840304e-14	1.4889012208636273e-15
4.999999999997628	9.440747265948826	1.5707963267949654	0.500000000001599	2.2175668953263964e-15	8.737907858206995e-14	1.973516304302282e-15
4.999999999997628	9.457413932615495	1.5707963267949654	0.5000000000016004	2.2056024096968965e-15	4.217322156644179e-14	-3.589345688786599e-16
4.999999999997628	9.474080599282164	1.5707963267949658	0.500000000001601	2.2336963752251715e-15	2.3398492345061417e-14	8.42818965847107e-16
4.999999999997628	9.490747265948833	1.5707963267949663	0.5000000000016007	2.0652998512747356e-15	-6.780729135732327e-15	-5.051895718510383e-15
4.999999999997628	9.507413932615503	1.5707963267949663	0.5000000000015994	1.9483694230146006e-15	-4.1721292219631945e-14	-3.507912847820268e-15
4.999999999997628	9.524080599282172	1.5707963267949663	0.5000000000015968	1.834092294393786e-15	-7.762070337608701e-14	-3.4283138586356954e-15
4.999999999997628	9.540747265948841	1.5707963267949663	0.5000000000015934	1.7319284477218758e-15	-1.010845121257771e-13	-3.0649154001683143e-15
4.999999999997628	9.557413932615507	1.5707963267949663	0.5000000000015912	1.703293981644328e-15	-6.900588702340137e-14	-8.590339823362776e-16
4.999999999997628	9.574080599282173	1.5707963267949663	0.5000000000015888	1.7066946592126704e-15	-7.218832533150733e-14	1.020203270474993e-16
4.999999999997628	9.590747265948838	1.5707963267949663	0.5000000000015877	1.666624962533318e-15	-3.162768509004828e-14	-1.2020909003802456e-15
4.999999999997628	9.607413932615504	1.5707963267949663	0.5000000000015867	1.6551249687123818e-15	-2.7504332090946132e-14	-3.4499981463194365e-16
4.999999999997628	9.62408059928217	1.5707963267949663	0.500000000001586	1.5144208485223437e-15	-2.265721315533771e-14	-4.2211236057022554e-15
4.999999999997628	9.640747265948836	1.5707963267949663	0.5000000000015857	1.4755431794760807e-15	-1.096690148633464e-14	-1.1663300714014589e-15
4.999999999997628	9.657413932615501	1.5707963267949663	0.5000000000015858	1.4285625544986237e-15	5.1967267023899505e-15	-1.409418749327459e-15
4.999999999997628	9.674080599282167	1.5707963267949663	0.5000000000015866	1.3874831608453022e-15	2.3412983384723043e-14	-1.2323818096041774e-15
4.999999999997628	9.690747265948833	1.5707963267949663	0.500000000001588	1.4144554721148956e-15	4.436679295434162e-14	8.091693380838409e-16
4.999999999997628	9.707413932615498	1.5707963267949663	0.5000000000015901	1.4777414562552753e-15	6.67947752772298e-14	1.8985795242140013e-15
4.999999999997628	9.724080599282164	1.5707963267949663	0.5000000000015927	1.4996777774641076e-15	8.093168740426829e-14	6.580896362710747e-16
4.999999999997628	9.74074726594883	1.5707963267949663	0.500000000001596	1.5191785983449931e-15	9.629148132604855e-14	5.850246264286813e-16
4.999999999997628	9.757413932615496	1.5707963267949663	0.5000000000015988	1.5050294453022468e-15	8.320798680606055e-14	-4.2447459128050657e-16
4.999999999997628	9.774080599282165	1.5707963267949663	0.5000000000016006	1.502369645338487e-15	5.761091202618335e-14	-7.97939989141535e-17
4.999999999997628	9.790747265948834	1.5707963267949663	0.5000000000016015	1.463325887819299e-15	2.5880088816345598e-14	-1.1713127255759012e-15
4.999999999997628	9.807413932615503	1.5707963267949663	0.5000000000016014	1.4370057446258975e-15	-4.982769568045303e-15	-7.896042958057949e-16
4.999999999997628	9.824080599282173	1.5707963267949663	0.5000000000016012	1.385718614516326e-15	-1.2675410986659821e-14	-1.538613903289694e-15
4.999999999997628	9.840747265948842	1.5707963267949663	0.5000000000016002	1.4227720338939433e-15	-3.079845677534526e-14	1.1116025813235746e-15
4.999999999997628	9.857413932615511	1.5707963267949663	0.5000000000015983	1.3618080263974272e-15	-5.5701218648358114e-14	-1.8289202248919167e-15
4.999999999997628	9.87408059928218	1.5707963267949663	0.5000000000015955	1.3693860678387884e-15	-8.02661058549748e-14	2.273412432349577e-16
4.999999999997628	9.890747265948846	1.5707963267949663	0.5000000000015933	1.3824971736402363e-15	-6.81026991798759e-14	3.933331740441684e-16
4.999999999997628	9.907413932615512	1.5707963267949663	0.5000000000015918	1.4216159704285585e-15	-4.4901992416130146e-14	1.1735639036509307e-15
4.999999999997628	9.924080599282178	1.5707963267949663	0.5000000000015913	1.4332398833613038e-15	-2.2792585960967893e-14	3.4871738798613233e-16
4.999999999997628	9.940747265948843	1.5707963267949663	0.5000000000015914	1.456271006081362e-15	4.481685205240393e-16	6.909336816028696e-16
4.999999999997628	9.957413932615509	1.5707963267949663	0.5000000000015923	1.4522721405290086e-15	2.613691937034847e-14	-1.1996596656837558e-16
4.999999999997628	9.974080599282175	1.5707963267949663	0.5000000000015941	1.5008368131137625e-15	5.370182109328686e-14	1.4569401775422383e-15
4.999999999997628	9.99074726594884	1.5707963267949663	0.5000000000015968	1.4298958596259304e-15	8.263301745333254e-14	-2.128228604630279e-15
4.999999999997628	10.007413932615506	1.5707963267949663	0.5000000000015987	1.423957091102908e-15	6.042983767464566e-14	-1.7816305569751985e-16
4.999999999997628	10.024080599282176	1.5707963267949663	0.5000000000016003	1.4316654146024846e-15	4.6337818293811645e-14	2.3124970498672023e-16
4.999999999997628	10.040747265948845	1.5707963267949663	0.5000000000016012	1.4689824302460558e-15	2.601908353485824e-14	1.119510469307882e-15
4.999999999997628	10.057413932615514	1.5707963267949663	0.5000000000016012	1.4839597371064511e-15	-1.0439918244134483e-15	4.493192058154614e-16
4.999999999997628	10.074080599282183	1.5707963267949663	0.500000000001601	1.5105696872793596e-15	-3.1793991538912186e-15	7.982985051887009e-16
4.999999999997628	10.090747265948853	1.5707963267949663	0.5000000000016006	1.4996742862894046e-15	-1.5559449751843465e-14	-3.268620296960925e-16
4.999999999997628	10.107413932615522	1.5707963267949663	0.5000000000015994	1.5750295752447052e-15	-3.274305129872916e-14	2.260658668657967e-15
4.999999999997628	10.124080599282191	1.5707963267949663	0.5000000000015976	1.552463453303764e-15	-5.4149074818227866e-14	-6.769836582209738e-16
4.999999999997628	10.14074726594886	1.5707963267949663	0.500000000001595	1.601352886123468e-15	-8.021570739461317e-14	1.4666829845889426e-15
4.999999999997628	10.157413932615526	1.5707963267949663	0.5000000000015927	1.5524232182293296e-15	-6.656708265661247e-14	-1.4678900368194433e-15
4.999999999997628	10.174080599282192	1.5707963267949663	0.5000000000015913	1.577275625176615e-15	-4.1826812196069096e-14	7.455722084138449e-16
4.999999999997628	10.190747265948858	1.5707963267949663	0.5000000000015907	1.506620386728677e-15	-1.868601099048496e-14	-2.1196571534357416e-15
4.999999999997628	10.207413932615523	1.5707963267949663	0.5000000000015908	1.5186115289035533e-15	4.910463447535887e-15	3.5973426523948087e-16
4.999999999997628	10.224080599282189	1.5707963267949663	0.5000000000015917	1.4467906392669132e-15	3.113638565185005e-14	-2.154626689098054e-15
4.999999999997628	10.240747265948855	1.5707963267949663	0.5000000000015937	1.4644335514751825e-15	5.81937655615844e-14	5.292873662411607e-16
4.999999999997628	10.25741393261552	1.5707963267949663	0.5000000000015958	1.4022161711462767e-15	6.260504538824901e-14	-1.866521409865482e-15
4.999999999997628	10.274080599282186	1.5707963267949663	0.5000000000015982	1.422647414271215e-15	7.344897463130128e-14	6.129372937421575e-16
4.999999999997628	10.290747265948855	1.5707963267949663	0.5000000000015993	1.3565313759735547e-15	3.334825295141057e-14	-1.983481148927833e-15
4.999999999997628	10.307413932615525	1.5707963267949663	0.5000000000016	1.3825343253199048e-15	2.2156040701106286e-14	7.80088480384129e-16
4.999999999997628	10.324080599282194	1.5707963267949663	0.5000000000016002	1.3323754234858622e-15	5.4264013801038485e-15	-1.504767055018772e-15
4.999999999997628	10.340747265948863	1.5707963267949663	0.5000000000016005	1.3663150992144442e-15	7.3990530228326e-15	1.0181902718526272e-15
4.999999999997628	10.357413932615533	1.5707963267949663	0.5000000000015995	1.3143229979783679e-15	-3.041221991579267e-14	-1.5597630370790218e-15
4.999999999997628	10.374080599282202	1.5707963267949663	0.5000000000015982	1.3547288746441066e-15	-3.721986098232516e-14	1.2121762999671512e-15
4.999999999997628	10.390747265948871	1.5707963267949663	0.5000000000015963	1.3146082236633296e-15	-5.5529741910384164e-14	-1.2036195294194072e-15
4.999999999997628	10.40741393261554	1.5707963267949663	0.5000000000015935	1.356387153965257e-15	-7.759492985756795e-14	1.253367909053955e-15
4.999999999997628	10.424080599282206	1.5707963267949663	0.5000000000015914	1.3157854163099292e-15	-6.188059504912136e-14	-1.2180521296558095e-15
4.999999999997628	10.440747265948872	1.5707963267949663	0.5000000000015902	1.3708306883545646e-15	-3.753574328527881e-14	1.6513581613351522e-15
4.999999999997628	10.457413932615538	1.5707963267949663	0.5000000000015896	1.3480033708258336e-15	-1.530253110641408e-14	-6.848195258566265e-16
4.999999999997628	10.474080599282203	1.5707963267949663	0.50000000000159	1.4107090573457455e-15	1.498216291697177e-14	1.881170595595157e-15
4.999999999997628	10.490747265948869	1.5707963267949663	0.5000000000015913	1.3931296254242059e-15	4.0684642476805297e-14	-5.273829576401445e-16
4.999999999997628	10.507413932615535	1.5707963267949663	0.5000000000015935	1.4664557945389196e-15	6.574804584233082e-14	2.199785073439718e-15
4.999999999997628	10.5240805992822	1.5707963267949663	0.5000000000015955	1.4543308897702095e-15	6.034586960451845e-14	-3.6374714305423727e-16
4.999999999997628	10.540747265948866	1.5707963267949663	0.5000000000015979	1.5356919817049648e-15	7.293710923314371e-14	2.4408327580414916e-15
4.999999999997628	10.557413932615532	1.5707963267949663	0.5000000000016002	1.5369976550276582e-15	6.68942000045785e-14	3.917019968864189e-17
4.999999999997628	10.574080599282201	1.5707963267949663	0.5000000000016024	1.6262693684890083e-15	6.55080136457379e-14	2.6781514038406305e-15
4.999999999997628	10.59074726594887	1.5707963267949663	0.5000000000016033	1.6349236919744631e-15	2.5376246514264428e-14	2.5962970457224165e-16
4.999999999997628	10.60741393261554	1.5707963267949663	0.5000000000016037	1.7242881103335562e-15	1.3648604409209966e-14	2.6809325507736334e-15
4.999999999997628	10.624080599282209	1.5707963267949663	0.5000000000016036	1.7272909188350064e-15	-3.138490850670625e-15	9.008425505211738e-17
4.999999999997628	10.640747265948878	1.5707963267949663	0.5000000000016028	1.8209260000238845e-15	-2.5802453164532058e-14	2.8090524356666318e-15
4.999999999997628	10.657413932615547	1.5707963267949663	0.5000000000016018	1.8084343915707795e-15	-2.8021340673159423e-14	-3.747482535841177e-16
4.999999999997628	10.674080599282217	1.5707963267949663	0.5000000000016005	1.8933284670675632e-15	-4.213020584524843e-14	2.5468222649023124e-15
4.999999999997628	10.690747265948886	1.5707963267949663	0.5000000000015985	1.900077056332548e-15	-6.238776449661934e-14	2.0245767795772053e-16
4.999999999997628	10.707413932615555	1.5707963267949663	0.5000000000015957	2.0030698073155088e-15	-8.66092137244423e-14	3.0897825294894617e-15
4.999999999997628	10.724080599282225	1.5707963267949663	0.5000000000015923	2.002963534022853e-15	-1.0401204772686815e-13	-3.1881987697563187e-18
4.999999999997628	10.74074726594889	1.5707963267949663	0.5000000000015894	2.1033993015921248e-15	-8.967608963348847e-14	3.0130730270781706e-15
4.999999999997628	10.757413932615556	1.5707963267949663	0.5000000000015873	2.104433020280332e-15	-6.562697434098208e-14	3.101156065590175e-17
4.999999999997628	10.774080599282222	1.5707963267949663	0.500000000001586	2.2079919940811394e-15	-3.8109828335609885e-14	3.106769214024309e-15
4.999999999997628	10.790747265948887	1.5707963267949663	0.5000000000015856	2.1683391129635345e-15	-8.287461835494378e-15	-1.189586433518174e-15
4.999999999997628	10.807413932615553	1.5707963267949663	0.5000000000015862	2.2615148909096914e-15	1.6461275566389752e-14	2.7952733383808846e-15
4.999999999997628	10.824080599282219	1.5707963267949667	0.5000000000015876	2.170382002234086e-15	3.90425877933899e-14	-2.7339866602591943e-15
4.999999999997628	10.840747265948885	1.5707963267949672	0.5000000000015898	2.1549654671025265e-15	6.463079244424345e-14	-4.624960539555559e-16
4.999999999997628	10.85741393261555	1.5707963267949672	0.5000000000015927	2.0616403684790265e-15	9.15140291562859e-14	-2.7997529587064827e-15
4.999999999997628	10.874080599282216	1.5707963267949672	0.5000000000015957	1.9914106947838478e-15	8.673735964496651e-14	-2.106890210864361e-15
4.999999999997628	10.890747265948882	1.5707963267949672	0.5000000000015982	1.815113578321987e-15	7.282943779302053e-14	-5.288913493862598e-15
4.999999999997628	10.907413932615547	1.5707963267949672	0.5000000000016016	1.7571557815427113e-15	1.0176997184427675e-13	-1.7387339033952659e-15
4.999999999997628	10.924080599282217	1.5707963267949672	0.5000000000016039	1.6398975775116329e-15	7.152725677375682e-14	-3.5177461209379323e-15
4.999999999997628	10.940747265948886	1.5707963267949672	0.5000000000016053	1.632266676679957e-15	3.802090681680713e-14	-2.2892702496157863e-16
4.999999999997628	10.957413932615555	1.5707963267949672	0.5000000000016055	1.5587070577540844e-15	4.248612231342111e-15	-2.2067885677769142e-15
4.999999999997628	10.974080599282225	1.5707963267949672	0.5000000000016053	1.5902985744049227e-15	-2.3231674288297366e-15	9.477454995180637e-16
4.999999999997628	10.990747265948894	1.5707963267949672	0.5000000000016047	1.5555294291586883e-15	-1.7794837462283344e-14	-1.0430743573839868e-15
4.999999999997628	11.007413932615563	1.5707963267949672	0.5000000000016043	1.5510482658430702e-15	-1.2281659250799187e-14	-1.344348994719016e-16
4.999999999997628	11.024080599282232	1.5707963267949672	0.5000000000016026	1.5424444229862271e-15	-4.8853448548916503e-14	-2.581152857057213e-16
4.999999999997628	11.040747265948902	1.5707963267949672	0.5000000000016008	1.5769203305256219e-15	-5.513458748796288e-14	1.034277226181013e-15
4.999999999997628	11.057413932615571	1.5707963267949672	0.5000000000015983	1.503954155020447e-15	-7.051239949459713e-14	-2.188985265151933e-15
4.999999999997628	11.07408059928224	1.5707963267949672	0.5000000000015952	1.5200011180763118e-15	-9.072025764075495e-14	4.814088916689073e-16
4.999999999997628	11.090747265948906	1.5707963267949672	0.5000000000015926	1.4623399518606555e-15	-7.461019920374651e-14	-1.72983498646815e-15
4.999999999997628	11.107413932615572	1.5707963267949672	0.5000000000015911	1.5091912365613243e-15	-4.811188475612252e-14	1.405538541014512e-15
4.999999999997628	11.124080599282237	1.5707963267949672	0.5000000000015903	1.4902920669481011e-15	-2.458964089746725e-14	-5.669750883921694e-16
4.999999999997628	11.140747265948903	1.5707963267949672	0.5000000000015906	1.5701221264183281e-15	5.2605489408996675e-15	2.3949017841049943e-15
4.999999999997628	11.157413932615569	1.5707963267949672	0.5000000000015917	1.5809125358020868e-15	3.1187217793080674e-14	3.2371228152044644e-16
4.999999999997628	11.174080599282235	1.5707963267949672	0.5000000000015937	1.5975912259919216e-15	5.647277079561669e-14	5.003607056960806e-16
4.999999999997628	11.1907472659489	1.5707963267949672	0.5000000000015957	1.5236710781331652e-15	5.786703107251052e-14	-2.217604435761081e-15
4.999999999997628	11.207413932615566	1.5707963267949672	0.500000000001598	1.5500303426487616e-15	6.701931354715154e-14	7.907779354607671e-16
4.999999999997628	11.224080599282232	1.5707963267949672	0.5000000000016008	1.5084944262271295e-15	8.533456466409614e-14	-1.2460774926464264e-15
4.999999999997628	11.240747265948901	1.5707963267949672	0.5000000000016025	1.5714174370168182e-15	5.0271412195806303e-14	1.8876903236866535e-15
4.999999999997628	11.25741393261557	1.5707963267949672	0.500000000001603	1.5680516160111927e-15	1.3152476883212388e-14	-1.0097463016270345e-16
4.999999999997628	11.27408059928224	1.5707963267949672	0.5000000000016033	1.5939776847756702e-15	4.998249942189323e-15	7.777820629340047e-16
4.999999999997628	11.290747265948909	1.5707963267949672	0.5000000000016029	1.514889133826736e-15	-1.0548507867972484e-14	-2.37265652846552e-15
4.999999999997628	11.307413932615578	1.5707963267949672	0.5000000000016026	1.5349828115413084e-15	-7.0129652410787224e-15	6.028103314295512e-16
4.999999999997628	11.324080599282247	1.5707963267949672	0.5000000000016019	1.4892445231322074e-15	-2.005453840644121e-14	-1.3721486522710961e-15
4.999999999997628	11.340747265948917	1.5707963267949672	0.5000000000016007	1.5548596692026019e-15	-3.8020232578581115e-14	1.9684543821074256e-15
4.999999999997628	11.357413932615586	1.5707963267949672	0.5000000000015986	1.559650880281495e-15	-6.176721799506547e-14	1.4373633237312288e-16
4.999999999997628	11.374080599282255	1.5707963267949672	0.5000000000015957	1.5970739236398238e-15	-8.762420991700534e-14	1.1226913007503261e-15
4.999999999997628	11.390747265948924	1.5707963267949672	0.5000000000015922	1.5360410738473695e-15	-1.0650170795181019e-13	-1.830985493770019e-15
4.999999999997628	11.40741393261559	1.5707963267949672	0.5000000000015892	1.5764727577794104e-15	-9.059973501675603e-14	1.2129505179553455e-15
4.999999999997628	11.424080599282256	1.5707963267949672	0.5000000000015868	1.555794458058338e-15	-6.836508288188096e-14	-6.203489916282737e-16
4.999999999997628	11.440747265948922	1.5707963267949672	0.5000000000015855	1.6509110196068969e-15	-4.0405091111025276e-14	2.853496846454775e-15
4.999999999997628	11.457413932615587	1.5707963267949672	0.5000000000015852	1.681251643087333e-15	-1.0932183299892581e-14	9.102187044222488e-16
4.999999999997628	11.474080599282253	1.5707963267949672	0.5000000000015856	1.7262179693263996e-15	1.467313141649551e-14	1.3489897871749216e-15
4.999999999997628	11.490747265948919	1.5707963267949672	0.5000000000015868	1.6903300582539069e-15	3.7848715183025697e-14	-1.076637332170456e-15
4.999999999997628	11.507413932615584	1.5707963267949672	0.5000000000015891	1.6857408386483035e-15	6.396735558237242e-14	-1.3767658817155997e-16
4.999999999997628	11.52408059928225	1.5707963267949672	0.500000000001592	1.7239637616237534e-15	9.077010383563497e-14	1.1466876892630563e-15
4.999999999997628	11.540747265948916	1.5707963267949672	0.500000000001595	1.8152776191897592e-15	8.733557158176718e-14	2.7394157269838683e-15
4.999999999997628	11.557413932615582	1.5707963267949672	0.5000000000015974	1.8290102502701025e-15	7.396707419195063e-14	4.119789324191061e-16
4.999999999997628	11.574080599282247	1.5707963267949672	0.5000000000016006	1.855566643935984e-15	9.840435757912935e-14	7.966918099777804e-16
4.999999999997628	11.590747265948917	1.5707963267949672	0.5000000000016028	1.8006301670598213e-15	6.593987169982961e-14	-1.648094306282316e-15
4.999999999997628	11.607413932615586	1.5707963267949672	0.500000000001604	1.8508473150149227e-15	3.475328748739348e-14	1.5065144386477306e-15
4.999999999997628	11.624080599282255	1.5707963267949672	0.500000000001605	1.840769163998736e-15	2.982442648424323e-14	-3.0234453048075064e-16
4.999999999997628	11.640747265948924	1.5707963267949672	0.5000000000016046	1.944176258568236e-15	-1.0957025082169655e-14	3.102212837084029e-15
4.999999999997628	11.657413932615594	1.5707963267949672	0.5000000000016046	1.9581620900603308e-15	1.921023290527707e-15	4.195749447728141e-16
4.999999999997628	11.674080599282263	1.5707963267949672	0.5000000000016036	2.0059484796093723e-15	-2.6859889095884326e-14	1.4335916864725952e-15
4.999999999997628	11.690747265948932	1.5707963267949672	0.5000000000016026	1.9881405216428296e-15	-2.966387308315707e-14	-5.342387389916906e-16
4.999999999997628	11.707413932615601	1.5707963267949672	0.5000000000016012	1.9936598715114975e-15	-4.5345156666001807e-14	1.6558049605832576e-16
4.999999999997628	11.72408059928227	1.5707963267949672	0.5000000000015989	1.9347128879134228e-15	-6.585428749083903e-14	-1.7684095079417037e-15
4.999999999997628	11.74074726594894	1.5707963267949672	0.500000000001596	1.9477982252520826e-15	-8.966837146927309e-14	3.9256012015410614e-16
4.999999999997628	11.75741393261561	1.5707963267949672	0.5000000000015925	1.9175155693170232e-15	-1.0691369122482752e-13	-9.084796780505294e-16
4.999999999997628	11.774080599282275	1.5707963267949672	0.5000000000015894	1.914309739891298e-15	-9.203953178489425e-14	-9.617488277467797e-17
4.999999999997628	11.79074726594894	1.5707963267949672	0.5000000000015871	1.9963150927210926e-15	-6.847807707704469e-14	2.460160584893522e-15
4.999999999997628	11.807413932615606	1.5707963267949672	0.5000000000015857	2.031545337588237e-15	-4.1543134085770053e-14	1.056907346022249e-15
4.999999999997628	11.824080599282272	1.5707963267949672	0.5000000000015854	2.0996316739688435e-15	-1.1960240740502281e-14	2.0425900914215833e-15
4.999999999997628	11.840747265948938	1.5707963267949672	0.500000000001586	2.198207897755337e-15	1.9675748660560877e-14	2.9572867136013825e-15
4.999999999997628	11.857413932615604	1.5707963267949672	0.5000000000015874	2.169005539167339e-15	4.4394636621383765e-14	-8.760707576304499e-16
4.999999999997628	11.87408059928227	1.5707963267949672	0.5000000000015895	2.1981459648196076e-15	6.789086301603117e-14	8.742127695652364e-16
4.999999999997628	11.890747265948935	1.5707963267949672	0.5000000000015926	2.1683249439950638e-15	9.288052030503695e-14	-8.946306247334981e-16
4.999999999997628	11.9074139326156	1.5707963267949672	0.5000000000015955	2.1834387255298906e-15	8.760129936984801e-14	4.534134460419152e-16
4.999999999997628	11.924080599282266	1.5707963267949672	0.5000000000015979	2.147169700906112e-15	7.277855144168129e-14	-1.0880707387118984e-15
4.999999999997628	11.940747265948932	1.5707963267949672	0.5000000000016014	2.1477863357511782e-15	1.0115711979001574e-13	1.8499045348476523e-17
4.999999999997628	11.957413932615601	1.5707963267949672	0.5000000000016037	2.099023404190599e-15	7.066552949893355e-14	-1.462887946817308e-15
4.999999999997628	11.97408059928227	1.5707963267949672	0.5000000000016049	2.090589532222448e-15	3.520127304880091e-14	-2.5301615904921023e-16
4.999999999997628	11.99074726594894	1.5707963267949672	0.5000000000016052	2.0846863400736463e-15	2.316126890972159e-16	-1.7709576446487505e-16
4.999999999997628	12.00741393261561	1.5707963267949672	0.5000000000016049	2.1538772888101326e-15	-6.803324586633283e-15	2.075728462094024e-15
4.999999999997628	12.024080599282279	1.5707963267949672	0.5000000000016043	2.1306522202000157e-15	-2.055273269283009e-14	-6.967520582968424e-16
4.999999999997628	12.040747265948948	1.5707963267949672	0.5000000000016037	2.1747813642369877e-15	-1.5663506055347762e-14	1.323874321106926e-15
4.999999999997628	12.057413932615617	1.5707963267949672	0.5000000000016027	2.1529871084601467e-15	-2.6273410259469027e-14	-6.538276733009765e-16
4.999999999997628	12.074080599282286	1.5707963267949672	0.5000000000016012	2.272089288160027e-15	-4.601460746179835e-14	3.573065390994299e-15
4.999999999997628	12.090747265948956	1.5707963267949676	0.5000000000015989	2.2372537499624174e-15	-6.680182259135095e-14	-1.0450661459168135e-15
4.999999999997628	12.107413932615625	1.570796326794968	0.5000000000015958	2.1980885101864154e-15	-9.194458616777063e-14	-1.1749571932834286e-15
4.999999999997628	12.124080599282294	1.5707963267949685	0.5000000000015922	2.0417604528909234e-15	-1.0849020249878438e-13	-4.689841718868528e-15
4.999999999997628	12.14074726594896	1.5707963267949685	0.5000000000015891	1.910482890880697e-15	-9.38967768826255e-14	-3.9383268603218505e-15
4.999999999997628	12.157413932615626	1.5707963267949685	0.5000000000015867	1.7272325563931114e-15	-7.039951710778244e-14	-5.497510034640211e-15
4.999999999997628	12.174080599282291	1.5707963267949685	0.5000000000015852	1.6870216196917793e-15	-4.2192411944894787e-14	-1.2063281010576262e-15
4.999999999997628	12.190747265948957	1.5707963267949685	0.5000000000015848	1.5768804620676608e-15	-1.2559780824964242e-14	-3.3042347287274376e-15
4.999999999997628	12.207413932615623	1.5707963267949685	0.5000000000015855	1.4916936606843655e-15	1.9266069317160073e-14	-2.555604041509483e-15
4.999999999997628	12.224080599282289	1.5707963267949685	0.500000000001587	1.3860821791645772e-15	4.3094400389766946e-14	-3.1683444456018663e-15
4.999999999997628	12.240747265948954	1.5707963267949685	0.5000000000015891	1.3938490213665348e-15	6.774692162510657e-14	2.3300526604854946e-16
4.999999999997628	12.25741393261562	1.5707963267949685	0.5000000000015922	1.3095891991251939e-15	9.2896915474764e-14	-2.527794667239483e-15
4.999999999997628	12.274080599282286	1.5707963267949685	0.5000000000015951	1.3586217122025046e-15	8.74759588224451e-14	1.4709753923112056e-15
4.999999999997628	12.290747265948951	1.5707963267949685	0.5000000000015975	1.329931300381753e-15	7.270431747418392e-14	-8.607123546178246e-16
4.999999999997628	12.307413932615617	1.5707963267949685	0.5000000000016009	1.3286360635565624e-15	1.0204425466512484e-13	-3.8857104758485336e-17
4.999999999997628	12.324080599282286	1.5707963267949685	0.5000000000016033	1.2432426349882534e-15	7.094732719608969e-14	-2.5618028570493954e-15
4.999999999997628	12.340747265948956	1.5707963267949685	0.5000000000016046	1.262375279312243e-15	3.657556028879849e-14	5.73979329711456e-16
4.999999999997628	12.357413932615625	1.5707963267949685	0.5000000000016057	1.197930284686141e-15	3.000470220047326e-14	-1.9333498387812235e-15
4.999999999997628	12.374080599282294	1.5707963267949685	0.5000000000016054	1.2223314702346021e-15	-1.2686886589029223e-14	7.320355664476217e-16
4.999999999997628	12.390747265948963	1.5707963267949685	0.5000000000016053	1.135290544186497e-15	-1.7204492767496776e-15	-2.611227781440803e-15
4.999999999997628	12.407413932615633	1.5707963267949685	0.5000000000016043	1.25267342883925e-15	-3.2276082034907866e-14	3.5214865395742066e-15
4.999999999997628	12.424080599282302	1.5707963267949685	0.500000000001603	1.3214259129751854e-15	-3.527639809495879e-14	2.0625745240893755e-15
4.999999999997628	12.440747265948971	1.5707963267949685	0.5000000000016012	1.4036644460616407e-15	-5.066725102084897e-14	2.4671559926002965e-15
4.999999999997628	12.45741393261564	1.5707963267949685	0.5000000000015986	1.385167576451824e-15	-7.231801624012733e-14	-5.5490608828656975e-16
4.999999999997628	12.47408059928231	1.5707963267949685	0.5000000000015954	1.3909839476934717e-15	-9.403879720282574e-14	1.7449113724765256e-16
4.999999999997628	12.490747265948979	1.5707963267949685	0.5000000000015916	1.3305244861418726e-15	-1.123921580261332e-13	-1.8137838465474222e-15
4.999999999997628	12.507413932615645	1.5707963267949685	0.5000000000015884	1.3574210021108016e-15	-9.70178764528231e-14	8.068954790620461e-16
4.999999999997628	12.52408059928231	1.5707963267949685	0.5000000000015858	1.303781670878428e-15	-7.323489891234401e-14	-1.6091799369686172e-15
4.999999999997628	12.540747265948976	1.5707963267949685	0.5000000000015843	1.3259533855261783e-15	-4.536919884917667e-14	6.651514394273437e-16
4.999999999997628	12.557413932615642	1.5707963267949685	0.5000000000015837	1.2666164683983997e-15	-1.487373592345964e-14	-1.7801075138312222e-15
4.999999999997628	12.574080599282308	1.5707963267949685	0.5000000000015843	1.2993869371496337e-15	1.590007558125231e-14	9.831140625313012e-16
4.999999999997628	12.590747265948973	1.5707963267949685	0.5000000000015857	1.2632203735862437e-15	3.998036168621766e-14	-1.0849969068985415e-15
4.999999999997628	12.60741393261564	1.5707963267949685	0.5000000000015878	1.297268577677677e-15	6.432128321718494e-14	1.0214461227395084e-15
4.999999999997628	12.624080599282305	1.5707963267949685	0.5000000000015907	1.2550393024559858e-15	9.068216826318282e-14	-1.2668782566474537e-15
4.999999999997628	12.64074726594897	1.5707963267949685	0.5000000000015937	1.2941223149907648e-15	8.607672815621678e-14	1.1724903760392956e-15
4.999999999997628	12.657413932615636	1.5707963267949685	0.5000000000015968	1.2543533372810074e-15	9.35588852755704e-14	-1.1930693312889565e-15
4.999999999997628	12.674080599282302	1.5707963267949685	0.5000000000015997	1.2925923863514711e-15	8.607093106272577e-14	1.1471714721100785e-15
4.999999999997628	12.690747265948971	1.5707963267949685	0.5000000000016017	1.251115876026325e-15	6.080366719558687e-14	-1.244295309750696e-15
4.999999999997628	12.70741393261564	1.5707963267949685	0.5000000000016029	1.305096687659065e-15	3.6158450772384373e-14	1.619424348978199e-15
4.999999999997628	12.72408059928231	1.5707963267949685	0.5000000000016039	1.2951965061011247e-15	2.5861010246241642e-14	-2.9700544673301154e-16
4.999999999997628	12.740747265948979	1.5707963267949685	0.5000000000016043	1.320986778140199e-15	9.55693721859871e-15	7.73708161171281e-16
4.999999999997628	12.757413932615648	1.5707963267949685	0.5000000000016038	1.2854252487539269e-15	-1.0872836783476156e-14	-1.0668458815856841e-15
4.999999999997628	12.774080599282318	1.5707963267949685	0.5000000000016027	1.342031177536799e-15	-3.2431041630410357e-14	1.6981778634827411e-15
4.999999999997628	12.790747265948987	1.5707963267949685	0.5000000000016016	1.3291573535682608e-15	-3.377907423717484e-14	-3.862147190506887e-16
4.999999999997628	12.807413932615656	1.5707963267949685	0.5000000000015999	1.3486934527427822e-15	-4.98514905300073e-14	5.860829752344052e-16
4.999999999997628	12.824080599282325	1.5707963267949685	0.5000000000015976	1.305241202773885e-15	-7.157047578285752e-14	-1.3035674990650313e-15
4.999999999997628	12.840747265948995	1.5707963267949685	0.5000000000015944	1.3556595025513613e-15	-9.33549366825305e-14	1.5125489933201018e-15
4.999999999997628	12.85741393261566	1.5707963267949685	0.5000000000015917	1.352077294647246e-15	-7.875434516763785e-14	-1.074662371185919e-16
4.999999999997628	12.874080599282326	1.5707963267949685	0.50000000000159	1.396679641081646e-15	-5.246233067651533e-14	1.3380703930316532e-15
4.999999999997628	12.890747265948992	1.5707963267949685	0.5000000000015892	1.3957476792796316e-15	-2.299854371615867e-14	-2.79588540561352e-17
4.999999999997628	12.907413932615658	1.5707963267949685	0.5000000000015893	1.44129033184955e-15	1.2587858273099828e-15	1.3662795770974694e-15
4.999999999997628	12.924080599282323	1.5707963267949685	0.5000000000015901	1.419536179117419e-15	2.57152290997556e-14	-6.526245819595347e-16
4.999999999997628	12.940747265948989	1.5707963267949685	0.5000000000015918	1.4661582192490347e-15	5.157752683607707e-14	1.39866120394637e-15
4.999999999997628	12.957413932615655	1.5707963267949685	0.5000000000015945	1.4481225833186288e-15	7.792532014084218e-14	-5.410690779076834e-16
4.999999999997628	12.97408059928232	1.5707963267949685	0.5000000000015971	1.497149311273939e-15	7.543606310358303e-14	1.4708018386575688e-15
4.999999999997628	12.990747265948986	1.5707963267949685	0.5000000000015999	1.4872875360316064e-15	8.243005141851147e-14	-2.9585325726524926e-16
4.999999999997628	13.007413932615655	1.5707963267949685	0.5000000000016013	1.5433804773099322e-15	4.36291593944229e-14	1.6827882383488216e-15
4.999999999997628	13.024080599282325	1.5707963267949685	0.5000000000016023	1.5388622630568689e-15	3.3699287121675275e-14	-1.35546427586502e-16
4.999999999997628	13.040747265948994	1.5707963267949685	0.5000000000016026	1.6129317190266076e-15	1.1209132580458636e-14	2.2220836790917337e-15
4.999999999997628	13.057413932615663	1.5707963267949685	0.5000000000016023	1.6401913091751872e-15	-1.3277448124250288e-14	8.177877044645295e-16
4.999999999997628	13.074080599282333	1.5707963267949685	0.5000000000016018	1.7226011140832178e-15	-1.1703474561003402e-14	2.472294147243549e-15
4.999999999997628	13.090747265949002	1.5707963267949685	0.5000000000016009	1.7453604006742634e-15	-2.4611894147057514e-14	6.827785977393087e-16
4.999999999997628	13.107413932615671	1.5707963267949685	0.5000000000015995	1.801966190303149e-15	-4.6405215011358775e-14	1.69817368886875e-15
4.999999999997628	13.12408059928234	1.5707963267949685	0.5000000000015972	1.8162194794913333e-15	-6.869316245927508e-14	4.275986756509843e-16
4.999999999997628	13.14074726594901	1.5707963267949685	0.5000000000015942	1.8973031870662118e-15	-9.3544197724265e-14	2.4325112272477254e-15
4.999999999997628	13.157413932615675	1.5707963267949685	0.5000000000015915	1.9234381807214305e-15	-8.027361056688748e-14	7.840498096643764e-16
4.999999999997628	13.174080599282341	1.5707963267949685	0.5000000000015897	2.0021710318332088e-15	-5.487123139213436e-14	2.3619855333558675e-15
4.999999999997628	13.190747265949007	1.5707963267949685	0.500000000001589	2.006179826484426e-15	-2.6213745258664434e-14	1.202638395441029e-16
4.999999999997628	13.207413932615673	1.5707963267949685	0.500000000001589	2.0819614075916843e-15	-1.1374127822320196e-15	2.273447433218132e-15
4.999999999997628	13.224080599282338	1.5707963267949685	0.5000000000015897	2.1066724752052272e-15	2.251066629106735e-14	7.413320284135794e-16
4.999999999997628	13.240747265949004	1.5707963267949685	0.5000000000015913	2.1885526259428295e-15	4.887042308917948e-14	2.4564045221304516e-15
4.999999999997628	13.25741393261567	1.5707963267949685	0.5000000000015937	2.187290624731426e-15	7.581742444149123e-14	-3.786003633421759e-17
4.999999999997628	13.274080599282335	1.5707963267949685	0.5000000000015963	2.236615603147149e-15	7.283697977438289e-14	1.4797493524715668e-15
4.999999999997628	13.290747265949001	1.570796326794969	0.500000000001599	2.1892476994181893e-15	8.148707335525578e-14	-1.4210371118640318e-15
4.999999999997628	13.30741393261567	1.5707963267949694	0.5000000000016004	2.1348716479818532e-15	4.15627716976192e-14	-1.6312815430946596e-15
4.999999999997628	13.32408059928234	1.5707963267949694	0.5000000000016014	2.021066503311742e-15	3.2408124306989444e-14	-3.414154340108572e-15
4.999999999997628	13.340747265949009	1.5707963267949694	0.5000000000016017	1.95712056531446e-15	1.0136094302217943e-14	-1.918378139929429e-15
4.999999999997628	13.357413932615678	1.5707963267949694	0.5000000000016014	1.8517534837892393e-15	-1.2503337937491005e-14	-3.1610124457628e-15
4.999999999997628	13.374080599282347	1.5707963267949694	0.5000000000016009	1.817418501910728e-15	-1.17905631005083e-14	-1.030049456365491e-15
4.999999999997628	13.390747265949017	1.5707963267949694	0.5000000000016	1.7455215590853096e-15	-2.4617958902959855e-14	-2.156908284765869e-15
4.999999999997628	13.407413932615686	1.5707963267949694	0.5000000000015987	1.7437701907342973e-15	-4.420429476560857e-14	-5.2541050537302304e-17
4.999999999997628	13.424080599282355	1.5707963267949694	0.5000000000015966	1.7009396938996827e-15	-6.824779253560877e-14	-1.2849149050386078e-15
4.999999999997628	13.440747265949025	1.5707963267949694	0.5000000000015935	1.711938314531498e-15	-9.382246837622878e-14	3.299586189503271e-16
4.999999999997628	13.45741393261569	1.5707963267949694	0.5000000000015908	1.6805807430374082e-15	-7.967340302046308e-14	-9.407271448216268e-16
4.999999999997628	13.474080599282356	1.5707963267949694	0.5000000000015891	1.703381570232725e-15	-5.3498167267712615e-14	6.840248158564832e-16
4.999999999997628	13.490747265949022	1.5707963267949694	0.5000000000015883	1.6838923027734776e-15	-2.370630750622542e-14	-5.846780237752185e-16
4.999999999997628	13.507413932615687	1.5707963267949694	0.5000000000015884	1.7198434041192247e-15	-5.627246444424999e-16	1.078533040370526e-15
4.999999999997628	13.524080599282353	1.5707963267949694	0.5000000000015892	1.6990315125276875e-15	2.4022206749838015e-14	-6.243567477426547e-16
4.999999999997628	13.540747264641038	1.5707963267949694	0.49999994030888867	1.7221856230456534e-15	-1.79078101028455e-06	6.946233038076995e-16
4.999999999997628	13.557413926650138	1.5707963267949694	0.49999984883513365	1.6989493702100404e-15	-2.744212772823272e-06	-6.9708753741853345e-16
4.999999999997628	13.574080585859194	1.5707963267949694	0.49999979582309595	1.7290206140553544e-15	-1.5903613831659224e-06	9.021372511473353e-16
4.999999999997628	13.590747244341376	1.5707963267949694	0.49999978607536316	1.6984110897576157e-15	-2.9243210019272384e-07	-9.182856631052912e-16
4.999999999997628	13.607413902479056	1.5707963267949694	0.4999997938424619	1.7160957378285197e-15	2.330129335331769e-07	5.30539357959802e-16
4.999999999997628	13.624080563034022	1.5707963267949694	0.4999998394554293	1.683907995157452e-15	1.3683890239875995e-06	-9.656322801320193e-16
4.999999999997628	13.640747225012948	1.5707963267949694	0.4999998792800244	1.7150269540210624e-15	1.1947378540066503e-06	9.335687659083005e-16
4.999999999997628	13.657413888232227	1.5707963267949694	0.49999991387668075	1.6588890314049317e-15	1.0378996900685974e-06	-1.6841376784838963e-15
4.999999999997628	13.674080552526224	1.5707963267949694	0.4999999437631886	1.7183874492244361e-15	8.965952377277204e-07	1.7849525345850953e-15
4.999999999997628	13.690747217745882	1.5707963267949694	0.4999999694164401	1.692290524568958e-15	7.695975443204586e-07	-7.829077396642911e-16
4.999999999997628	13.707413883757393	1.5707963267949694	0.4999999912742441	1.7169970710310823e-15	6.557341196543321e-07	7.411963938637075e-16
4.999999999997628	13.72408055044092	1.5707963267949694	0.5000000097372502	1.6487617869406894e-15	5.538901846776217e-07	-2.0470585227117623e-15
4.999999999997628	13.740747217689389	1.5707963267949694	0.5000000251708664	1.6617160748988122e-15	4.6300848373770505e-07	3.8862863874360255e-16
4.999999999997628	13.757413885407358	1.5707963267949694	0.500000037907187	1.6134960826786228e-15	3.8208961434575994e-07	-1.4465997666056628e-15
4.999999999997628	13.774080553509926	1.5707963267949694	0.5000000482469346	1.5832802803693264e-15	3.1019242887444523e-07	-9.06474069278963e-16
4.999999999997628	13.79074722192173	1.5707963267949694	0.5000000564613328	1.4369287560978105e-15	2.46431945985621e-07	-4.390545728145528e-15
4.999999999997628	13.807413890575987	1.5707963267949694	0.500000062793951	1.3866887571944433e-15	1.899785433741899e-07	-1.5071999671012404e-15
4.999999999997628	13.824080559413593	1.5707963267949694	0.5000000674624968	1.2979972784237884e-15	1.400563698262915e-07	-2.6607443631197326e-15
4.999999999997628	13.840747228382313	1.5707963267949694	0.500000070660517	1.2102533286366307e-15	9.594060944564916e-08	-2.6323184936148774e-15
4.999999999997628	13.857413897435972	1.5707963267949694	0.5000000725590363	1.00547147922843e-15	5.6955580317660816e-08	-6.143455482246167e-15
4.999999999997628	13.87408056653376	1.5707963267949694	0.5000000733081209	8.389206792347732e-16	2.2472537548703185e-08	-4.996523999810082e-15
4.999999999997628	13.890747235639534	1.5707963267949694	0.5000000730383534	5.66292183189533e-16	-8.093025119939313e-09	-8.178854881357528e-15
4.999999999997628	13.907413904721208	1.5707963267949694	0.5000000718622272	3.548680428580163e-16	-3.528378561183747e-08	-6.342724209946051e-15
4.999999999997628	13.924080573750167	1.5707963267949694	0.500000069875452	5.907626892503837e-17	-5.960325926877604e-08	-8.873753217989787e-15
4.999999999997628	13.940747242700727	1.5707963267949694	0.5000000671581933	-1.472692354355047e-16	-8.151775552083189e-08	-6.19036513081696e-15
4.999999999997628	13.957413911549631	1.5707963267949694	0.5000000637762024	-5.231295165762837e-16	-1.0145973180936564e-07	-1.127580843422387e-14
4.999999999997628	13.974080580275599	1.5707963267949694	0.5000000597819099	-8.245190128333367e-16	-1.1982877343790553e-07	-9.041684887712562e-15
4.999999999997628	13.990747248858886	1.5707963267949694	0.5000000552154328	-1.2160096656639066e-15	-1.3699431178167803e-07	-1.1744719584917927e-14
4.999999999997628	14.007413917280902	1.5707963267949694	0.500000050105487	-1.5484369345023358e-15	-1.532983710151353e-07	-9.972818065154029e-15
4.999999999997628	14.024080585523832	1.5707963267949694	0.5000000444702956	-1.886320545041878e-15	-1.690557403146171e-07	-1.0136508316187318e-14
4.999999999997628	14.04074725357031	1.5707963267949694	0.5000000383184015	-2.0961942439244074e-15	-1.845568191924579e-07	-6.296210966477043e-15
4.999999999997628	14.057413921403105	1.5707963267949694	0.500000031649443	-2.4588565050077235e-15	-2.0006875882164193e-07	-1.087986783250026e-14
4.999999999997628	14.074080589004843	1.570796326794969	0.500000024454913	-2.8502727042482968e-15	-2.1583589804414122e-07	-1.1742485977218635e-14
4.999999999997628	14.090747256357737	1.5707963267949685	0.5000000167188635	-3.179878648117296e-15	-2.3208148477413023e-07	-9.88817831607162e-15
4.999999999997628	14.107413923443357	1.570796326794968	0.5000000084186054	-3.5295801443015615e-15	-2.4900774309234183e-07	-1.0491044885529441e-14
4.999999999997628	14.124080590242421	1.5707963267949676	0.49999999952538826	-3.914352202263807e-15	-2.667965150098569e-07	-1.154316173886907e-14
4.999999999997628	14.140747256734592	1.5707963267949672	0.49999999000509615	-4.258542937744508e-15	-2.8560876206007897e-07	-1.0325722064423047e-14
4.999999999997628	14.157413922898323	1.5707963267949667	0.4999999798189459	-4.620952226617143e-15	-3.055845057897801e-07	-1.087227866618092e-14
4.999999999997628	14.174080588710707	1.570796326794966	0.4999999689242132	-4.877118118401218e-15	-3.268419779986652e-07	-7.684976753524393e-15
4.999999999997628	14.190747254147357	1.5707963267949652	0.4999999572749904	-5.123446397297605e-15	-3.494766848751121e-07	-7.389848366893151e-15
4.999999999997628	14.20741391918232	1.5707963267949643	0.4999999448230077	-5.2917237249377944e-15	-3.735594825562639e-07	-5.0483198292072634e-15
4.999999999997628	14.224080583788009	1.5707963267949634	0.49999993151851735	-5.503948568227738e-15	-3.9913470902274817e-07	-6.366745298699445e-15
4.999999999997628	14.24074724793517	1.5707963267949625	0.49999991731124477	-5.697071900166226e-15	-4.262181776604224e-07	-5.793699958156137e-15
4.999999999997628	14.257413911592879	1.5707963267949616	0.4999999021514672	-5.817704161546463e-15	-4.547933258247257e-07	-3.618967841408551e-15
4.999999999997628	14.274080574728584	1.5707963267949607	0.4999998859911928	-6.142228344149907e-15	-4.848082310958608e-07	-9.735725478104288e-15
4.999999999997628	14.29074723730819	1.5707963267949598	0.4999998687854643	-6.421375466050567e-15	-5.161718522856808e-07	-8.374413657022469e-15
4.999999999997628	14.307413899296176	1.570796326794959	0.499999850493851	-6.6087115297252656e-15	-5.487483996256121e-07	-5.6200819102433416e-15
4.999999999997628	14.32408056065577	1.570796326794958	0.4999998310820991	-6.8082355466402126e-15	-5.823525557626553e-07	-5.985720507450072e-15
4.999999999997628	14.340747221349197	1.5707963267949567	0.49999981052397957	-6.7751418384690114e-15	-6.167435858680992e-07	9.92811245134225e-16
4.999999999997628	14.357413881337983	1.5707963267949554	0.4999997888033834	-6.755794837684736e-15	-6.516178844220969e-07	5.80410023528595e-16
4.999999999997628	14.374080540583313	1.570796326794954	0.4999997659166614	-6.579946659938399e-15	-6.866016621049551e-07	5.2754453323903056e-15
4.999999999997628	14.390747199046507	1.5707963267949527	0.4999997418752372	-6.320014290975398e-15	-7.212427254906498e-07	7.797971068891797e-15
4.999999999997628	14.407413856689566	1.5707963267949518	0.4999997167085505	-6.050094808248379e-15	-7.550006027022098e-07	8.097584481813215e-15
4.999999999997628	14.424080513475824	1.570796326794951	0.4999996904673129	-5.912996560779414e-15	-7.872371278810111e-07	4.112947424071741e-15
4.999999999997628	14.440747169370725	1.57079632679495	0.49999966322717976	-5.860805139266528e-15	-8.172039963981897e-07	1.5657426453879906e-15
4.999999999997628	14.457413824342717	1.5707963267949492	0.4999996350927951	-5.801552759212839e-15	-8.440315410727855e-07	1.777571401611238e-15
4.999999999997628	14.474080478364296	1.5707963267949483	0.4999996062022953	-5.7349491081563895e-15	-8.667149948266969e-07	1.9981095316941333e-15
4.999999999997628	14.490747131413201	1.5707963267949474	0.499999576732302	-5.751576394717434e-15	-8.840997967742043e-07	-4.98818596830631e-16
4.999999999997628	14.507413783473792	1.5707963267949465	0.49999954690342163	-5.93879168190916e-15	-8.948664105300905e-07	-5.6164586157519596e-15
4.999999999997628	14.524080434538613	1.5707963267949456	0.49999951698631784	-5.95974942689817e-15	-8.975131138222824e-07	-6.28732349672393e-16
4.999999999997628	14.540747084610185	1.5707963267949447	0.4999994873083646	-6.094223519328041e-15	-8.903385973732e-07	-4.034222772896362e-15
4.999999999997628	14.557413733703001	1.5707963267949439	0.49999945826095543	-6.464596198069028e-15	-8.714222757659737e-07	-1.1111180362231118e-14
4.999999999997628	14.574080381846619	1.570796326794943	0.4999994303564653	-6.805972004981471e-15	-8.371347042587266e-07	-1.024127420737741e-14
4.999999999997628	14.590747029090126	1.5707963267949416	0.4999994042542279	-7.29118384718347e-15	-7.830671225086721e-07	-1.455635526606362e-14
4.999999999997628	14.607413675505823	1.5707963267949403	0.4999993806878876	-7.815551367119266e-15	-7.069902115448042e-07	-1.573102559807891e-14
4.999999999997628	14.624080321191913	1.570796326794939	0.49999936047794685	-8.344077726850112e-15	-6.062982198354268e-07	-1.5855790791930624e-14
4.999999999997628	14.640746966275623	1.5707963267949376	0.4999993445449212	-8.694611681552511e-15	-4.779907692168168e-07	-1.0516018641076993e-14
4.999999999997628	14.657413610916754	1.5707963267949363	0.4999993339232058	-8.979944087662227e-15	-3.186514636269667e-07	-8.55997218329472e-15
4.999999999997628	14.674080255311729	1.570796326794935	0.49999932977564093	-9.361632486720134e-15	-1.2442694457922764e-07	-1.1450651971740013e-14
4.999999999997628	14.690746899698134	1.5707963267949336	0.49999933340903213	-9.49315857249763e-15	1.0900173670748997e-07	-3.945782573328861e-15
4.999999999997628	14.707413544359781	1.5707963267949323	0.49999934629017867	-9.643765451360437e-15	3.864343949049441e-07	-4.518206365885715e-15
4.999999999997628	14.724080189632323	1.570796326794931	0.49999937006279466	-9.898309296295999e-15	7.131784800120552e-07	-7.636315348068665e-15
4.999999999997628	14.740746835909448	1.5707963267949296	0.499999406565206	-1.0100546728178678e-14	1.0950723404832898e-06	-6.067122956483686e-15
4.999999999997628	14.757413483649675	1.5707963267949283	0.49999945784880007	-1.0367537977525174e-14	1.538507819936141e-06	-8.00973748039762e-15
4.999999999997628	14.77408013338377	1.570796326794927	0.49999952619724847	-1.0566617302082685e-14	2.0504534514874174e-06	-5.972379736729133e-15
4.999999999997628	14.790746785722822	1.5707963267949256	0.4999996141463981	-1.0830225017020119e-14	2.6384744902676614e-06	-7.908231448126038e-15
4.999999999997628	14.807413441367	1.5707963267949243	0.49999972450483626	-1.1221954148568601e-14	3.3107531466518594e-06	-1.1751873946458771e-14
4.999999999997628	14.824080101114987	1.5707963267949225	0.4999998603749657	-1.1568760091081807e-14	4.07610388139819e-06	-1.0404178275402944e-14
4.999999999997628	14.840746765874135	1.5707963267949208	0.5000000251745517	-1.1955010835104026e-14	4.943987579871932e-06	-1.1587522320672995e-14
4.999999999997628	14.857413436671342	1.570796326794919	0.5000002226585509	-1.2340243126192892e-14	5.924519976882328e-06	-1.1556968732673683e-14
4.999999999997628	14.874080114664654	1.5707963267949172	0.5000004569410625	-1.2581121477385228e-14	7.028475351258258e-06	-7.226350535778209e-15
4.999999999997628	14.890746801155611	1.5707963267949154	0.5000007325171559	-1.2828126421687722e-14	8.267282804487779e-06	-7.4101483290803e-15
4.999999999997628	14.90741349760229	1.5707963267949137	0.5000010542843624	-1.3066076764707921e-14	9.65301619360659e-06	-7.138510290612024e-15
4.999999999997628	14.924080205633073	1.5707963267949119	0.5000014275634478	-1.3075372448242244e-14	1.1198372564633861e-05	-2.7887050603589944e-16
4.999999999997628	14.940746927061085	1.57079632679491	0.5000018581181619	-1.2980130106510088e-14	1.2916641417811036e-05	2.8572702519644375e-15
4.999999999997628	14.957413663899262	1.5707963267949083	0.5000023521734803	-1.3038636727001678e-14	1.4821659555937388e-05	-1.7551986147448481e-15
4.999999999997628	14.974080418376001	1.5707963267949066	0.5000029164318376	-1.3079294077851229e-14	1.6927750714700947e-05	-1.2197205254884283e-15
4.999999999997628	14.990747192951293	1.5707963267949048	0.5000035580867951	-1.2979895758463832e-14	1.924964872540515e-05	2.9819495816204804e-15
4.999999999997628	15.007413990333276	1.570796326794903	0.5000042848334295	-1.2900564973978151e-14	2.180239903079313e-05	2.3799235345740723e-15
4.999999999997628	15.024080813495054	1.5707963267949012	0.5000051048747143	-1.2797300234308525e-14	2.4601238547404263e-05	3.097942190091943e-15
4.999999999997628	15.040747665691656	1.5707963267948994	0.500006026922966	-1.2596943962221869e-14	2.7661447552241817e-05	6.0106881626041144e-15
4.999999999997628	15.057414550476938	1.5707963267948977	0.5000070601954145	-1.2398150974349596e-14	3.0998173454224634e-05	5.963789636177198e-15
4.999999999997628	15.074081471720215	1.570796326794896	0.5000082144027361	-1.2268320611457408e-14	3.462621964683207e-05	3.894910886775198e-15
4.999999999997628	15.090748433622386	1.5707963267948941	0.5000094997292753	-1.2003012494516885e-14	3.8559796173384065e-05	7.959243508222276e-15
4.999999999997628	15.107415440731238	1.5707963267948923	0.5000109268036169	-1.1707534501566804e-14	4.2812230246349435e-05	8.864339788516666e-15
4.999999999997628	15.124082497955564	1.5707963267948906	0.5000125066578182	-1.1546929999261995e-14	4.739562603547596e-05	4.818135069160924e-15
4.999999999997628	15.140749610577721	1.5707963267948888	0.5000142506736319	-1.1191642298042114e-14	5.2320474413233985e-05	1.065863103660588e-14
4.999999999997628	15.157416784264145	1.570796326794887	0.5000161705136953	-1.107573720894535e-14	5.759520190369856e-05	3.47715267292464e-15
4.999999999997628	15.174084025073263	1.5707963267948852	0.5000182780355829	-1.0764683234156455e-14	6.322565662277984e-05	9.331619243674205e-15
4.999999999997628	15.190751339460256	1.570796326794884	0.5000205851862851	-1.0648720288957586e-14	6.921452106837443e-05	3.4788883559866208e-15
4.999999999997628	15.207418734277898	1.5707963267948826	0.5000231038744473	-1.0277942932942215e-14	7.556064486496847e-05	1.1123320680468955e-14
4.999999999997628	15.22408621677273	1.5707963267948812	0.5000258458176146	-1.03707174844747e-14	8.225829502315327e-05	-2.7832365459489623e-15
4.999999999997628	15.24075379457567	1.57079632679488	0.500028822361148	-1.0298675523308548e-14	8.92963060073253e-05	2.161258834978122e-15
4.999999999997628	15.257421475686076	1.5707963267948786	0.5000320442655203	-1.004155951319534e-14	9.665713116802049e-05	7.713480303401291e-15
4.999999999997628	15.2740892684481	1.5707963267948772	0.5000355214581097	-9.998505154098116e-15	0.00010431577768822857	1.291630772934684e-15
4.999999999997628	15.290757181518122	1.570796326794876	0.5000392627454794	-9.97645044617456e-15	0.00011223862109110344	6.616412377096566e-16
4.999999999997628	15.307425223821872	1.5707963267948746	0.5000432754817672	-9.909855494807173e-15	0.00012038208863790232	1.9978485410231394e-15
4.999999999997628	15.324093404499665	1.5707963267948732	0.5000475651882921	-9.98501450933662e-15	0.00012869119575165968	-2.2547704358785908e-15
4.999999999997628	15.340761732838084	1.570796326794872	0.5000521351192384	-1.0188348469390617e-14	0.00013709792839321076	-6.100018801625686e-15
4.999999999997628	15.357430218186167	1.5707963267948706	0.5000569857682388	-1.0360151358874678e-14	0.0001455194700172522	-5.154086684538401e-15
4.999999999997628	15.374098869854086	1.5707963267948692	0.5000621143096811	-1.0476811008774875e-14	0.00015385624327633263	-3.499789497020663e-15
4.999999999997628	15.390767696992004	1.570796326794868	0.5000675139685932	-1.0508127421639195e-14	0.00016198976736583109	-9.394923859401894e-16
4.999999999997628	15.407436708446633	1.5707963267948666	0.5000731733124171	-1.0606706325098971e-14	0.0001697803147228222	-2.9573671037963094e-15
4.999999999997628	15.424105912592745	1.5707963267948652	0.5000790754577411	-1.08378879298124e-14	0.00017706435972364112	-6.935448141412746e-15
4.999999999997628	15.440775317136724	1.570796326794864	0.5000851971845549	-1.0842673876650693e-14	0.00018365180442495726	-1.435784051730928e-16
4.999999999997628	15.457444928888911	1.5707963267948626	0.5000915079503357	-1.100159914889502e-14	0.00018932297343655618	-4.767758167330388e-15
4.999999999997628	15.474114753501285	1.5707963267948613	0.5000979687958584	-1.1081444999423296e-14	0.00019382536569013113	-2.3953755158663475e-15
4.999999999997628	15.490784795166723	1.5707963267948595	0.5001045311344097	-1.1264211430589773e-14	0.00019687015655007095	-5.4829929350037114e-15
4.999999999997628	15.507455056275827	1.5707963267948577	0.5001111354158441	-1.1375190581688764e-14	0.00019812844304557497	-3.329374532991647e-15
4.999999999997628	15.524125537026968	1.570796326794856	0.500117709656579	-1.157403514361399e-14	0.00019722722206190582	-5.965336857770266e-15
4.999999999997628	15.540796234984954	1.5707963267948541	0.5001241678266788	-1.1583690974511072e-14	0.00019374510300927764	-2.89674926936587e-16
4.999999999997628	15.557467144583415	1.5707963267948524	0.5001304080848966	-1.1656795278989698e-14	0.00018720774655192797	-2.1931291343599344e-15
4.999999999997628	15.574138256565648	1.5707963267948506	0.5001363108530003	-1.1823395638223234e-14	0.0001770830431266878	-4.998010777014798e-15
4.999999999997628	15.590809557358476	1.5707963267948488	0.5001417367205164	-1.192301277900569e-14	0.0001627760254988087	-2.9885142234932257e-15
4.999999999997628	15.607481028373275	1.570796326794847	0.5001465241712013	-1.1988660456513447e-14	0.0001436235205620704	-1.9694303252440358e-15
4.999999999997628	15.624152645228127	1.5707963267948453	0.5001504871235012	-1.2079903091084782e-14	0.000118888569010218	-2.7372790371470454e-15
4.999999999997628	15.64082437688476	1.5707963267948435	0.5001534122776714	-1.184230478904208e-14	8.775462512328571e-05	7.127949061272099e-15
4.999999999997628	15.657496184693724	1.5707963267948417	0.5001550562630558	-1.2057220709694761e-14	4.9319561542723704e-05	-6.447477619559787e-15
4.999999999997628	15.674168021341062	1.57079632679484	0.5001551425799247	-1.18814115310655e-14	2.589506079612677e-06	5.2742753588612014e-15
4.999999999997628	15.690839829689573	1.5707963267948382	0.500153358332997	-1.1914585222867673e-14	-5.352740782078316e-05	-9.95210754052898e-16
4.999999999997628	15.70751154150764	1.5707963267948364	0.5001493507533807	-1.1576713128881155e-14	-0.00012022738847944662	1.0136162819593265e-14
4.999999999997628	15.72418307607869	1.5707963267948346	0.5001427235117433	-1.1571418840704394e-14	-0.00019881724911519863	1.5882864532570302e-16
4.999999999997628	15.74085433868419	1.5707963267948328	0.5001330328204816	-1.135478343759067e-14	-0.0002907207378386919	6.4990620934121776e-15
4.999999999997628	15.757525218953404	1.570796326794831	0.5001197833345179	-1.127336867331018e-14	-0.00039748457889865506	2.442442928428173e-15
4.999999999997628	15.774195589073264	1.5707963267948293	0.5001024238590546	-1.097695576400557e-14	-0.0005207842638954128	8.892387279143041e-15
4.999999999997628	15.79086530185218	1.5707963267948275	0.5000803428778263	-1.0880547293027425e-14	-0.0006624294368434273	2.892254129360261e-15
4.999999999997628	15.807534188632124	1.5707963267948262	0.5000528639204102	-1.0766780353395333e-14	-0.000824368722481882	3.413008188967363e-15
4.999999999997628	15.824202057043987	1.5707963267948248	0.5000192407927249	-1.0451473157511179e-14	-0.0010086938305550147	9.459215876529432e-15
4.999999999997628	15.8408686886022	1.5707963267948235	0.4999786527013199	-1.0248783228671625e-14	-0.0012176427421489247	6.08069786519824e-15
4.999999999997628	15.857533836135701	1.5707963267948222	0.49993019930976856	-9.962690150187141e-15	-0.0014536017465412228	8.582792354541337e-15
4.999999999997628	15.874197221053752	1.5707963267948208	0.49987289577420285	-9.772880796189997e-15	-0.0017191060669735228	5.694280619922794e-15
4.999999999997628	15.890858530446849	1.5707963267948195	0.4998056678124731	-9.514568181255286e-15	-0.002016838851893809	7.749378448046208e-15
4.999999999997628	15.90751741402497	1.5707963267948182	0.4997273468754985	-9.169634127371621e-15	-0.002349628109235996	1.0348021616515635e-14
4.999999999997628	15.924173480897876	1.5707963267948168	0.4996366654995351	-8.734336774113709e-15	-0.00272044127890172	1.3058920597743825e-14
4.999999999997628	15.940826296205053	1.5707963267948155	0.4995322529318675	-8.124127012504431e-15	-0.003132377030031678	1.8306292848288897e-14
4.9999999999976295	15.95747537760622	1.5707963267948142	0.49941263113894735	-7.447862441524864e-15	-0.0035886537876078785	2.028793712940291e-14
4.999999999997631	15.97412019164717	1.570796326794813	0.4992762113188632	-6.4696422898982996e-15	-0.004092594602529128	2.9346604548813664e-14
4.999999999997633	15.990760150020229	1.570796326794812	0.4991212910652192	-5.540333555257259e-15	-0.0046476076093230475	2.787926203925222e-14
4.999999999997635	16.00739460574374	1.5707963267948113	0.49894605234616507	-4.429895874423177e-15	-0.005257161571625353	3.331313042504058e-14
4.999999999997637	16.023992300825878	1.5707963267948106	0.4969156525827203	-3.225214252125215e-15	-0.060911992903344994	3.614044866895882e-14
4.999999999997638	16.04048438713195	1.5707963267948102	0.49260952578201517	-2.087619116841099e-15	-0.12918380402118346	3.4127854058541775e-14
4.99999999999764	16.056833844722846	1.57079632679481	0.4883579296718969	-9.255144245570271e-16	-0.12754788330359934	3.486314076853553e-14
4.999999999997642	16.07304245458047	1.5707963267948102	0.48415866178619765	2.465730529700128e-16	-0.1259780365710203	3.516262432582246e-14
4.999999999997644	16.089111926604083	1.5707963267948102	0.4800096596310476	-1.883047380397902e-16	-0.12447006465453644	-1.3046333730284616e-14
4.999999999997645	16.105043904222942	1.5707963267948102	0.4759089975007697	9.776734411160691e-16	-0.1230198639083639	3.497934537467283e-14
4.999999999997647	16.120839968893936	1.5707963267948102	0.4718548827590715	-5.029754867870719e-16	-0.12162344225096854	-4.441946783708749e-14
4.999999999997649	16.136501644469057	1.5707963267948102	0.467845651748372	8.493190464478415e-16	-0.12027693032100567	4.056883599704013e-14
4.999999999997651	16.152030401422678	1.5707963267948102	0.4638797654690204	-7.608690697125119e-16	-0.11897658838056563	-4.830564348480492e-14
4.9999999999976525	16.167427660933022	1.5707963267948102	0.4599558051517703	2.63356149104289e-16	-0.1177188095175156	3.072675656449821e-14
4.9999999999976525	16.18269479881607	1.5707963267948102	0.45607246783079086	-1.5748494029348269e-15	-0.11650011962939648	-5.5146166561170265e-14
4.9999999999976525	16.19783314931341	1.57079632679481	0.4522285620097744	-1.3909658706199133e-15	-0.11531717463050423	5.516505969442358e-15
4.9999999999976525	16.21284400873858	1.57079632679481	0.4484230035007221	-2.1961309230801235e-15	-0.11416675527157866	-2.415495157380588e-14
4.9999999999976525	16.227728638988648	1.57079632679481	0.44465481150354563	-2.4799721492359905e-15	-0.11304575991530187	-8.515236784677709e-15
4.9999999999976525	16.24248827093011	1.57079632679481	0.44092310498419235	-3.285384271647229e-15	-0.11195119558060618	-2.4162363672337692e-14
4.9999999999976525	16.257124107669835	1.5707963267948095	0.43722709939932763	-3.9295132212517326e-15	-0.11088016754593925	-1.932386848813511e-14
4.9999999999976525	16.271637327723333	1.570796326794809	0.4335661038106895	-4.372089221403889e-15	-0.10982986765914525	-1.3277280004564698e-14
4.9999999999976525	16.286029088093784	1.5707963267948086	0.42993951841628164	-4.999257582240107e-15	-0.10879756183223457	-1.8815050825086553e-14
4.9999999999976525	16.300300527276246	1.5707963267948082	0.42634683253103456	-5.1929833404996e-15	-0.10778057655741134	-5.8117727477847986e-15
4.9999999999976525	16.31445276820233	1.5707963267948075	0.42278762303391443	-5.439731706409939e-15	-0.10677628491360215	-7.40245097731021e-15
4.9999999999976525	16.328486921141174	1.5707963267948066	0.41926155329695464	-5.489073360636549e-15	-0.1057820921087935	-1.480249626798298e-15
4.9999999999976525	16.34240408657289	1.5707963267948057	0.41576837260583055	-5.727840168834647e-15	-0.10479542073372239	-7.163004245942934e-15
4.9999999999976525	16.356205358050932	1.5707963267948049	0.4123079160765425	-5.681235838665934e-15	-0.10381369587864381	1.3981299050613613e-15
4.9999999999976525	16.369891859813368	1.570796326794804	0.40888236833010694	-5.7581147249266146e-15	-0.1027664548852307	-2.306366284903141e-15
4.9999999999976525	16.383464711035238	1.570796326794803	0.40548886579320537	-5.825976536384783e-15	-0.10180509631578841	-2.0358547972856756e-15
4.9999999999976525	16.396924983173847	1.5707963267948022	0.4021276070029125	-5.861313717892287e-15	-0.10083778184583442	-1.0601158079220216e-15
4.9999999999976525	16.41027375563977	1.5707963267948013	0.39879887067645686	-5.727477754636654e-15	-0.09986210605850349	4.015078726675477e-15
4.9999999999976525	16.423512118464817	1.5707963267948004	0.3955030152175879	-5.777615527468327e-15	-0.09887567833866241	-1.5041325990411535e-15
4.9999999999976525	16.436641175032104	1.5707963267947995	0.39224048317507976	-5.528927022507565e-15	-0.09787597431967923	7.460654950386224e-15
4.9999999999976525	16.44966204494922	1.5707963267947989	0.38901180531592666	-5.754424885681511e-15	-0.09686034743564255	-6.764935006347726e-15
4.9999999999976525	16.462575867072573	1.5707963267947982	0.38581760569448403	-5.598114030733081e-15	-0.09582599905224992	4.6893249214679425e-15
4.9999999999976525	16.475383802697547	1.5707963267947975	0.38265860649752853	-5.733682393751976e-15	-0.09476998518449933	-4.0670504366462585e-15
4.9999999999976525	16.488087044346344	1.570796326794797	0.37953598452643456	-5.743247248426204e-15	-0.09367867053717227	-2.8694612964417045e-16
4.9999999999976525	16.500686794824894	1.5707963267947966	0.3764490441865757	-5.9677923208894386e-15	-0.09260821019576569	-6.7363521738970465e-15
4.9999999999976525	16.513184284488506	1.570796326794796	0.3734003356299419	-6.1907589693522086e-15	-0.09146125669901299	-6.688999453883115e-15
4.9999999999976525	16.525580806496773	1.570796326794795	0.3703909848658686	-6.421365648958282e-15	-0.0902805229222003	-6.918200388182183e-15
4.9999999999976525	16.53787769367211	1.5707963267947942	0.3674222456542079	-6.662742126590691e-15	-0.08906217634981968	-7.241294328972239e-15
4.9999999999976525	16.55007632282188	1.5707963267947933	0.3644955033316869	-7.167281096037414e-15	-0.08780226967563043	-1.513616908340167e-14
4.9999999999976525	16.562178119181805	1.5707963267947924	0.361612278263885	-7.741378267716555e-15	-0.08649675203405877	-1.7222915150374263e-14
4.9999999999976525	16.57418456096559	1.5707963267947915	0.3587742287633653	-8.267264599773863e-15	-0.08514148501558781	-1.5776589961719163e-14
4.9999999999976525	16.586097183999847	1.5707963267947906	0.35598315329199165	-8.530332103689343e-15	-0.08373226414120978	-7.892025117464415e-15
4.9999999999976525	16.59791758641706	1.5707963267947898	0.35324099174091955	-9.058888797655558e-15	-0.08226484653216551	-1.5856700818986508e-14
4.9999999999976525	16.609647433371983	1.5707963267947889	0.35054982555434944	-9.49954099754961e-15	-0.08073498559710235	-1.3219565996821508e-14
4.9999999999976525	16.62128846173844	1.570796326794788	0.34791187643311017	-9.547659300492037e-15	-0.07913847363717838	-1.443549088272773e-15
4.9999999999976525	16.632842484734347	1.5707963267947866	0.3453295033212616	-9.68244784221604e-15	-0.07747119335545771	-4.043656251720057e-15
4.9999999999976525	16.644311396412082	1.5707963267947853	0.3428051973426444	-9.802581449905037e-15	-0.07572917935851475	-3.604008230669874e-15
4.9999999999976525	16.65569717593971	1.570796326794784	0.340341574314976	-9.553019897132489e-15	-0.07390869083005068	7.486846583176476e-15
4.9999999999976525	16.667001891585397	1.5707963267947826	0.3379413644262061	-9.572812659316778e-15	-0.07200629666309914	-5.937828655285686e-16
4.9999999999976525	16.678227704302685	1.5707963267947818	0.3356073986109784	-9.297327143133911e-15	-0.07001897445683122	8.264565485485978e-15
4.9999999999976525	16.689376870798117	1.5707963267947809	0.3333425911149555	-9.425627540325694e-15	-0.06794422488068594	-3.849011915753556e-15
4.9999999999976525	16.7004517459447	1.57079632679478	0.3311499176800907	-9.429658916587024e-15	-0.06578020304594659	-1.2094128784013406e-16
4.9999999999976525	16.711454784384777	1.570796326794779	0.32903238872460855	-9.353121885011934e-15	-0.0635258686644695	2.2961109472527173e-15
4.9999999999976525	16.72238854114403	1.5707963267947782	0.3269930168310257	-9.46740063208379e-15	-0.06118115680748717	-3.4283624121556053e-15
4.9999999999976525	16.733255671054298	1.5707963267947773	0.32503477778497547	-9.502989503070755e-15	-0.05874717138151322	-1.0676661296091074e-15
4.9999999999976525	16.74405892675636	1.5707963267947764	0.3231605643386426	-9.768739207330375e-15	-0.05622640338999119	-7.97249112778871e-15
4.9999999999976525	16.75480115502527	1.5707963267947755	0.321373131795867	-9.875602644377087e-15	-0.05362297628326921	-3.205903111401804e-15
4.9999999999976525	16.765485291129128	1.5707963267947747	0.3196750344357237	-9.821482618574901e-15	-0.05094292080430429	1.6236007740653872e-15
4.9999999999976525	16.776114350898176	1.5707963267947738	0.31806855170730636	-9.679592744282677e-15	-0.04819448185252273	4.256696228766812e-15
4.9999999999976525	16.786691420143967	1.5707963267947729	0.31655560303985814	-9.761538938234862e-15	-0.04538846002344885	-2.458385818565219e-15
4.9999999999976525	16.79721964102831	1.570796326794772	0.3151376500205893	-9.90080462960092e-15	-0.042538590578066374	-4.1779707409819e-15
4.9999999999976525	16.807702194938603	1.570796326794771	0.3138155845970612	-1.0080784488490017e-14	-0.0396619627058472	-5.399395766673113e-15
4.9999999999976525	16.818142281379604	1.5707963267947702	0.31258960186289264	-1.0238630252934974e-14	-0.03677948202506131	-4.7353729333490795e-15
4.9999999999976525	16.828542955511743	1.5707963267947693	0.311450846065394	-1.0212557291258861e-14	-0.03416267392495953	7.821888502831194e-16
4.9999999999976525	16.838906900295086	1.5707963267947684	0.3103858409350916	-1.0382432046998343e-14	-0.03195015390907518	-5.096242672184381e-15
4.9999999999976525	16.84923654909503	1.5707963267947676	0.3093930870611505	-1.0396736797516261e-14	-0.029782616218235476	-4.2914251553787145e-16
4.9999999999976525	16.859534277268924	1.5707963267947667	0.3084706033725039	-1.034220265947627e-14	-0.02767451065939934	1.6360241411997085e-15
4.999999999997654	16.869802387787654	1.5707963267947658	0.30761602775138236	-1.0133753434614456e-14	-0.02563726863364789	6.253476745854509e-15
5.000000004644698	16.880043099570223	1.570794965159392	0.3068266792027544	-2.9264383214859374e-05	-0.02368045645883801	-0.0008779314961417687
5.000000045936921	16.890258535310377	1.570788281717529	0.3060994652127848	-0.00011470425647505909	-0.021816419699086837	-0.0025631961978059923
5.000000203384039	16.90045071207995	1.570771386314521	0.30543114104275615	-0.0002500354027357288	-0.020049725100856713	-0.0040599343878200906
5.00000060272377	16.910621537785385	1.5707399759937617	0.3048184017799266	-0.0004294454181131444	-0.018382177884886962	-0.005382300461322468
5.000001409951437	16.920772809754716	1.5706902828251996	0.30425791836983296	-0.0006475797264536545	-0.016814502302807587	-0.006544029250215305
5.0000028259809906	16.93090621444592	1.5706190249151484	0.3037463691693998	-0.0008995264359041775	-0.015346476012995413	-0.007558401283515689
5.000005081877614	16.941023328131568	1.5705233604926296	0.30328046729401265	-0.0011807993716823634	-0.013977056261612553	-0.008438188073345579
5.000008434607338	16.951125618424737	1.570400845000546	0.302856984059717	-0.0014873195284621423	-0.012704497028866567	-0.00919560470339337
5.0000131632538345	16.961214446521364	1.5702493911142368	0.3024727688097579	-0.0018153951803924562	-0.011526457498772893	-0.009842269557909419
5.0000195656570545	16.97129107004371	1.570067231605383	0.30212476540817484	-0.0021617009133648424	-0.0104401020474885	-0.010389171989171608
5.0000279554309754	16.9813566464122	1.5698528854037626	0.3018100276509375	-0.0025232462345587815	-0.00944213271711872	-0.010846359635818169
5.00003865931308	16.99141223450063	1.5696051272561586	0.30152560102182263	-0.002897343591279452	-0.008532798873446245	-0.011222920701620136
5.000052014822165	17.00145880060259	1.5693229563760949	0.30126889972949195	-0.003281671979934203	-0.007701038769919589	-0.011529851659642513
5.000068368229152	17.011497224774754	1.569005568342579	0.30103735236355667	-0.003674150535286734	-0.006946420978060149	-0.01177435666057593
5.000088072760663	17.021528303313694	1.568652332444982	0.30082852430317314	-0.004072954604904825	-0.006264841811506439	-0.011964122088542752
5.00011148702331	17.031552753309214	1.5682627694345157	0.30064011990619327	-0.004476494712684302	-0.0056521319093973945	-0.01210620323338429
5.000138973630311	17.041571217245597	1.5678365313173461	0.3004699831919852	-0.004883396330202735	-0.005104101426242531	-0.012207048525552953
5.000170898009948	17.051584267604834	1.5673733830561076	0.3003160972429492	-0.005292480562564053	-0.004616578471077013	-0.012272526970839583
5.0002076273773906	17.06159241143294	1.566873186049809	0.3001765825415871	-0.0057027458140733065	-0.004185441040865407	-0.012307957545277588
5.00024952985319	17.071596094837492	1.5663358832670218	0.30004969444723334	-0.0061133504685817975	-0.003806642830614481	-0.012318139635254743
5.000296973713264	17.081595707384523	1.5657614859273727	0.2999338196118116	-0.006523596290196192	-0.0034762450626522443	-0.01230737464843186
5.000350326756735	17.09159158639467	1.5651500615849776	0.2998274734467326	-0.0069329138637119194	-0.003190384952368939	-0.01227952720547179
5.000409955779464	17.101584021112146	1.5645017235176137	0.299729294949957	-0.007340847804673681	-0.002945354903267179	-0.012238018228852827
5.000476226141778	17.111573256724796	1.563816621347081	0.29963804287162693	-0.007747043636128598	-0.002737562349903162	-0.012185874943647507
5.000549501429307	17.1215594985054	1.5630949306207558	0.2995526067515823	-0.008151282417781548	-0.002563083601340172	-0.012127163449588502
5.000630143200331	17.13154291528853	1.5623368474706527	0.2994719559591668	-0.008553334028503182	-0.0024195237724667076	-0.012061548321649043
5.000718510758673	17.141523642825806	1.5615425843938626	0.2993951832762901	-0.008953078082990522	-0.0023031804863019043	-0.011992321634620207
5.000814961002112	17.151501787532236	1.5607123628292217	0.29932148473206993	-0.009350451618475933	-0.00221095632660538	-0.011921206064562371
5.0009198483278325	17.16147742983689	1.559846408473619	0.2992501559804016	-0.009745440347465446	-0.0021398625500506055	-0.01184966186968539
5.001033524584076	17.17145062741875	1.5589449473070682	0.29918058899412153	-0.0101380706725293	-0.002087009588401783	-0.011778909751915641
5.001156339062627	17.181421418338616	1.5580082022612043	0.2991122691037873	-0.01052840239713273	-0.0020495967100280514	-0.01170995173810295
5.001288638527344	17.191389824078726	1.5570363904723346	0.29904477239698696	-0.010916522058540384	-0.0020249012040101776	-0.01164358984222958
5.001430767274517	17.201355852501994	1.5560297210672507	0.2989777634812787	-0.01130253679992348	-0.002010267471248646	-0.011580442241492895
5.001583067220624	17.211319500710403	1.5549883934896935	0.2989109916632533	-0.011686567619397568	-0.002003154540761637	-0.011520924584222639
5.001745878015382	17.221280757911142	1.5539125961751317	0.2988442952339852	-0.012068747280201058	-0.0020008928780412116	-0.011465389824104687
5.001919537177653	17.23123960823536	1.552802505653586	0.2987775943478237	-0.012449211943981405	-0.0020010265848424856	-0.01141393991341042
5.0021043802488725	17.241196033454454	1.551658286167713	0.2987108920101017	-0.012828097317758663	-0.0020010701316605906	-0.01136656121331777
5.002300740962929	17.251150015699423	1.5504800896408846	0.2986442732904471	-0.013205533711840124	-0.001998561589635319	-0.011323091822443782
5.0025089514217	17.26110153988771	1.5492680567004151	0.2985778885757316	-0.013581627402743095	-0.0019915414414643606	-0.011282810727089214
5.002729342292809	17.271050596905468	1.5480223168103424	0.2985120156717365	-0.01395649589062486	-0.001976187119854591	-0.011246054636452986
5.002962243025973	17.280997186567976	1.5467429888637445	0.2984469844333489	-0.014330221923373153	-0.001950937151626112	-0.011211780982448863
5.0032079820524515	17.29094131978918	1.5454301835674618	0.29838320469007334	-0.014702860993278997	-0.0019133922982661597	-0.011179172097175328
5.003466886991252	17.30088302119556	1.5440840058540708	0.2983211650032361	-0.01507443104314193	-0.001861190605116867	-0.011147101495888054
5.003739284850174	17.310822331712924	1.5427045575347087	0.2982614322941608	-0.015444916486069344	-0.0017919812722590768	-0.011114563287822394
5.004025502220529	17.320759311101167	1.5412919405830872	0.2982046490972799	-0.015814249371358134	-0.0017034959064268834	-0.011079986558663716
5.004325865471656	17.330694040632427	1.5398462583265153	0.2981515449149923	-0.016182373082929483	-0.0015931254686271047	-0.011043711347140547
5.004640700930043	17.34062662524879	1.5383676235093633	0.2981028936237435	-0.016549027276008255	-0.0014595387374638747	-0.01099962579236316
5.004970334962406	17.35055719558358	1.5368561671968983	0.2980595476929848	-0.01691394393249677	-0.001300377922758076	-0.01094749969465539
5.0053150940502835	17.36048591024837	1.535312042353809	0.29802241983176814	-0.017276767529628805	-0.001113835836498696	-0.010884707913960897
5.005675304814607	17.370412957698896	1.5337354315897818	0.29799247591814665	-0.017637043399567755	-0.0008983174086434321	-0.010808276098168465
5.006051293972287	17.380338557840595	1.5321265560093675	0.29797072620808573	-0.01799420536880509	-0.000652491301825711	-0.010714859077120005
5.006443388209185	17.390262963313376	1.5304856852498936	0.2979582145641496	-0.018347562731595938	-0.0003753493180851192	-0.010600720883725464
5.006851913951718	17.4001864603867	1.5288131487896994	0.2979560054330435	-0.01869628663980597	-6.627393318446291e-05	-0.01046171724630098
5.007277197016968	17.410109369387172	1.5271093486056337	0.2979651682929179	-0.019039396015077096	0.00027488579623442734	-0.01029328125813369
5.007719562117146	17.42003204454111	1.525374773287149	0.2979867574410104	-0.019375742491035085	0.0006476744427761901	-0.010090394278739702
5.008179332196923	17.429954873228795	1.5236100135759378	0.2980217960928668	-0.019703997597546038	0.0010511595556919526	-0.00984765319532876
5.008656827573846	17.43987827448317	1.5218157794499496	0.29807124595167966	-0.02002263636679809	0.0014834957643866014	-0.009559163077561673
5.009152364846906	17.44980269655955	1.5199929188624606	0.2981359806842415	-0.020329923499804607	0.0019420419768567552	-0.00921861399019564
5.009666255543339	17.45972861354955	1.5181424380676305	0.2982167536531455	-0.02062389942409319	0.0024231890671196853	-0.008819277728657548
5.010198804465357	17.469656520881298	1.5162655235703397	0.2983141616398995	-0.02090236711520686	0.0029222396026207034	-0.008354030733410189
5.010750308029008	17.479586935505928	1.514363565452075	0.2984289608370154	-0.021162859884247952	0.003443975913476132	-0.007814783071232784
5.011321051615056	17.489520383254508	1.5124381823732325	0.2985609777679006	-0.02140269590862848	0.003960507926555034	-0.0071950807314159655
5.011911306401875	17.49945738390177	1.5104912490198965	0.2987100578299366	-0.021618887124306325	0.004472401861080459	-0.006485736470335275
5.012521326378671	17.50939844647204	1.5085249241303547	0.29887572923028954	-0.021808181085521888	0.004970142010588589	-0.005678818836466797
5.01315134457488	17.5193440576225	1.5065416789022845	0.299057119749319	-0.02196704681844357	0.005441715570882587	-0.004765971987650517
5.013801568704368	17.529294667703248	1.5045443267906864	0.2992528965812549	-0.02209167512096618	0.0058733049580791605	-0.003738849075678302
5.014472176205148	17.539250674837106	1.502536053748996	0.2994612032757332	-0.02217798314039489	0.006249200834348137	-0.0025892405828612454
5.015163308637874	17.54921240694115	1.5005204484377015	0.299679594466893	-0.022221623978336803	0.006551735734793942	-0.0013092251382575593
5.015875065410591	17.559180101591906	1.4985015318622505	0.2999049665306207	-0.022218001099908558	0.00676116191183009	0.0001086863528474374
5.016607496820706	17.569153883848468	1.4964837855435715	0.30013349884778434	-0.022162293574241588	0.006855969514907596	0.0016712257700091354
5.0173605964055765	17.579133741955825	1.4944721774586707	0.3003605795387059	-0.02204948268026906	0.006812420727644477	0.0033843268191757945
5.018134292902125	17.589119504687698	1.4924721850290312	0.30058097282620044	-0.021874370109550893	0.0066117986248361744	0.005253377121544937
5.018928441004602	17.599110809408153	1.4904898159133282	0.30078808760737324	-0.021631628392614597	0.0062134434351838646	0.007282251508088928
5.019742811448288	17.60910706768944	1.4885316179140895	0.3009745562660658	-0.021315969077849353	0.0055940597607783546	0.009469779442957281
5.02057708126383	17.61910743711083	1.486604681580299	0.30113202322314475	-0.020922065156631933	0.0047240087123673665	0.011817117636522488
5.021430823431512	17.629110788540412	1.4847166385789776	0.30125108049667765	-0.020444686203686578	0.0035717182059859364	0.014321368588360642
5.022303496314964	17.639115671933784	1.4828756467917248	0.3013212399756553	-0.019878791166659117	0.002104784369327287	0.016976851110823924
5.023194433130065	17.64912028143432	1.4810903626407517	0.3013309178094229	-0.019219633407255278	0.00029033501302804654	0.019774732782115167
5.024102831707437	17.65912242016533	1.4793698987343844	0.3012674321766311	-0.018462877817298107	-0.0019045689837515233	0.02270266769871504
5.025027744845702	17.66911946508063	1.477723764953135	0.3011170122096487	-0.01760473007397527	-0.0045125990094710714	0.02574443229968514
5.0259680717980935	17.67910833448461	1.476161792842984	0.30086495596477086	-0.016642033570706396	-0.007561687346337959	0.02888089509806633
5.026922550691891	17.689085452619416	1.4746940407682296	0.3004953049572701	-0.015572463201317669	-0.011089530225021916	0.0320871110816617
5.027889752609913	17.69904671511146	1.473330671518729	0.299991234327345	-0.014394781887591836	-0.015122118897753048	0.03533043941177504
5.028868078272945	17.70898746050888	1.472081811483306	0.2993350468662356	-0.013108817101522181	-0.019685623833281377	0.03857894358208962
5.029855757110365	17.718902442392483	1.4709573937571367	0.29850823410077626	-0.011715690986263197	-0.02480438296378153	0.041793783457769546
5.030850849245874	17.728785803594114	1.4699669775839888	0.2974915665131104	-0.010217972918023064	-0.03050002762997868	0.04493154204720395
5.031851250799517	17.738631053067508	1.469119549174928	0.2962651908102996	-0.008619822755963178	-0.03679127108432293	0.04794450486179658
5.032854702803678	17.748431045561375	1.4684233066515273	0.29480873174645017	-0.0069271195635584575	-0.043693771915484146	0.05078109577214167
5.033858804021732	17.7581779649811	1.4678854349798887	0.293101444394036	-0.005147522842762188	-0.0512186205724252	0.053387901623888095
5.034861027522766	17.767863309186883	1.4675118729798464	0.2911221803354635	-0.003290620364725217	-0.059377921757175656	0.055707074341109136
5.035858741146635	17.777477877351828	1.467307072206351	0.2888496067524147	-0.0013680684935549084	-0.06817720749146461	0.057676556135109254
5.0368492319534335	17.78701176206199	1.4672737658007733	0.286262301580636	0.000606579507932062	-0.07761915515336275	0.05923944004460912
5.037829734031878	17.796454344090808	1.4674127556774457	0.28333884269973875	0.002617824298818763	-0.08770376642691728	0.06033734372660105
5.0387974592190785	17.80579429020843	1.4677227183944224	0.28005791850357814	0.00464829678515126	-0.09842772588481642	0.06091417458997489
5.039749630129983	17.8150195546908	1.4682000422902834	0.2763984492067842	0.006678885849474235	-0.10978407890381887	0.060917671929689284
5.0406835147035505	17.82411738516659	1.4688387052633156	0.27233972650892607	0.008688920438042388	-0.12176168093574358	0.06030103765704459
5.041596461325435	17.8330743337849	1.4696302077375578	0.2678615837754321	0.010656535634752821	-0.1343442820048202	0.059028455901313
5.042485933446328	17.841876274717585	1.4705635536528463	0.26294458606312765	0.01255858029900804	-0.14750993136913482	0.05706133992765664
5.043349542741967	17.8505084300388	1.471625298903137	0.2575703137505735	0.014371358318177443	-0.1612281693766239	0.05438334057508208
5.044185079542031	17.858955406228375	1.472799684120928	0.2517216775684065	0.016070898891579127	-0.17545908546501032	0.050986217202050495
5.044990539375323	17.86720124344139	1.4740688405952087	0.2453833234014368	0.01763340491256288	-0.1901506250090925	0.04687518062951258
5.0457641446163155	17.87522948067584	1.4754130773490008	0.23854213021876142	0.01903573992590663	-0.2052357954802613	0.04207005040031248
5.046504360248209	17.883023239341814	1.4768112525572832	0.2311877622984779	0.020256050049030378	-0.22063103760850497	0.036609303693712625
5.047209903301995	17.890565331276147	1.4782412137066772	0.22331353087050332	0.0212739639094321	-0.23622694283923798	0.030537415812051626
5.047879745554767	17.8978383936688	1.4796803070875226	0.21491709780269574	0.02207145474392788	-0.25189299203422694	0.0239247250348734
5.048513109292743	17.904825053318586	1.4811059509184885	0.2060014877757738	0.022633233107994623	-0.2674683008076577	0.01685335092200225
5.049109456756064	17.91150812522823	1.4824962450213421	0.19657610191613809	0.022947276268043295	-0.2827615757890716	0.009421294801460289
5.049668474591938	17.917870852823174	1.4838305941068495	0.18665817891334108	0.02300503098746348	-0.2975376900839094	0.0017326415826054652
5.050190054692113	17.923897191303478	1.4850903236769784	0.17627391121481256	0.022801938955340977	-0.3115280309558542	-0.006092760963675146
5.050674273257778	17.92957213529346	1.4862592629156568	0.16545998846382237	0.022337578057969848	-0.3244176825297071	-0.013930826921133961
5.051121371030015	17.93488209835343	1.4873242586007873	0.15426518180236012	0.021615748148084164	-0.33584419984386704	-0.021654897296570493
5.051531737302159	17.93981534407629	1.48827559147023	0.1427518825160709	0.02064443365782288	-0.3453989785886777	-0.029139434707838377
5.051905901504235	17.944362480156002	1.4891072660739935	0.13099838268452643	0.01943551353352841	-0.3526049949463349	-0.036267603728834086
5.052244535054618	17.948517014258794	1.4898171495831145	0.11910035241026894	0.01800445669055058	-0.35694090822772473	-0.04293170528933491
5.052551786472832	17.952317191133236	1.4904132853120728	0.10965430507018142	0.016368894537781467	-0.2833814202026253	-0.04906686458307352
5.052922187360947	17.956923236980423	1.4905072145699059	0.1676005945736608	-0.01005626780435069	1.7383886851043813	-0.7927548702639647
5.053442372005504	17.96334446486575	1.4891836401853986	0.21893525303763814	-0.03407019075115647	1.5400397539193196	-0.7204176884041738
5.0541098662831905	17.971355455039614	1.48588807528482	0.26339001880190016	-0.055401115939194195	1.3336429729278598	-0.6399277556411316
5.054932311079117	17.980725137073303	1.480333967846101	0.3009532508398505	-0.07391289435242669	1.126896961138509	-0.5553533523969744
5.055925046696688	17.991224674771846	1.4724662523127041	0.331830306907335	-0.08958415773274335	0.9263116820245354	-0.4701379014094998
5.0571071962385	18.002634057139932	1.4624127513089662	0.35640029301939824	-0.10248779746743351	0.7370995833618956	-0.38710919204070493
5.058497534380381	18.014747312696755	1.4504314235958107	0.3751711847880891	-0.11276955249283893	0.563126753060726	-0.3084526507621628
5.060111049789893	18.02737635648315	1.4368598696987622	0.38873667445874704	-0.12062738779384424	0.4069646901197383	-0.23573505903015907
5.061956677972143	18.040353546320073	1.422071486324137	0.39773707584048723	-0.1262926759560145	0.2700120414522049	-0.16995864486510745
5.064036304980365	18.05353306054019	1.406440656950028	0.40282588206761716	-0.1300139187838435	0.15266418681390023	-0.11163728483487009
5.066344879307211	18.06679123719036	1.3903176441552667	0.4046428006724161	-0.13204342658093693	0.05450755814396885	-0.06088523391280335
5.068871330493533	18.080026039520188	1.374012575606179	0.40379340171231687	-0.13262705764840943	-0.02548196880297689	-0.017508932024175687
5.071599958723743	18.093155831197933	1.3577871337618739	0.400834980501164	-0.1319968608973398	-0.08875263633458619	0.01890590253208852
5.074511996049209	18.106117651930216	1.3418522157725576	0.3962678829808339	-0.13036628499444744	-0.137012925609905	0.04891727708677056
5.0775871123647365	18.118865177318245	1.3263698169595104	0.3905313583831337	-0.12792752035408606	-0.17209573793100433	0.07316293921084294
5.080804720528324	18.131366527015533	1.3114575873381307	0.3840029584035055	-0.12485051286602482	-0.19585199938884423	0.09231022464183716
5.084145007641977	18.14360205656473	1.2971948090057346	0.3770005542655318	-0.121283211164922	-0.21007212413921036	0.1070190510330847
5.087589675195117	18.155562235707546	1.2836288637974007	0.36978615417124117	-0.1173526627429161	-0.216432002828719	0.1179164526601765
5.091122407846234	18.167245683979072	1.270781555977034	0.362570842021465	-0.11316664174490679	-0.21645936449328387	0.12558062994027933
5.094729111317369	18.178657406157733	1.2586548992487594	0.3555203011491005	-0.1088155609165525	-0.2115162261709346	0.1305324248506283
5.098397968098305	18.189807247278175	1.24723616399349	0.34876051964045496	-0.10437448442506134	-0.20279344525936643	0.13323229474473489
5.102119359489905	18.20070856981164	1.2365021129251499	0.34238338894003806	-0.09990511329147324	-0.19131392101250616	0.1340811340076427
5.1058856974501925	18.21137714383129	1.2264224400803403	0.33645200198471387	-0.09545765967791987	-0.1779416086597243	0.1334236084066015
5.109691202356384	18.221830233630218	1.216962479515505	0.3310055313720208	-0.09107256058517559	-0.16339411838079132	0.13155297278232841
5.113531654910707	18.23208586033577	1.2080852760459275	0.3260636240715164	-0.08678200681549797	-0.14825721901513395	0.12871661309032897
5.117404143036808	18.24216221861064	1.1997531190378923	0.321630289757027	-0.08261128087059517	-0.13300002943468056	0.1251217783470839
5.121306818256483	18.252077225740138	1.1919286380487488	0.3176972879546	-0.07857990934173231	-0.1179900540728087	0.12094114586588527
5.125238670880104	18.261848182647068	1.1845755506657263	0.3142470376509313	-0.07470264272481672	-0.10350750911006142	0.11631799850746766
5.129199329359973	18.271491528188733	1.1776591414432969	0.3112550842063745	-0.0709902796579251	-0.08975860333670682	0.11137089200674768
5.133188882887482	18.281022662155454	1.1711465288535587	0.30869164462610427	-0.06745067341696535	-0.0769031874081069	0.10618818722879288
5.137207740284715	18.29045585105475	1.165006580865729	0.3065251895555262	-0.06409303379926605	-0.06499365211734263	0.1007291885309798
5.141256508910518	18.299804164996477	1.1592100366007263	0.30472079209356223	-0.06091839442578692	-0.05413192385891881	0.09523918120437387
5.145335890217269	18.30907944578354	1.153729728311906	0.3032436751698152	-0.057926337121636834	-0.04431350771241223	0.08976171912450258
5.14944660797268	18.318292332924376	1.1485404496446978	0.3020594442362796	-0.05511514867866884	-0.035526928006067604	0.08433565328903962
5.1535893513066995	18.327452301962055	1.1436188176869517	0.30113473107869937	-0.05248204845836692	-0.027741394727406152	0.07899300660905792
5.1577647337193	18.336567718565007	1.138943129094535	0.30043767260633547	-0.05002337579447096	-0.02091175417091694	0.07376017991687853
5.161973265457957	18.34564590355508	1.1344932188018313	0.2999382518129637	-0.04773474521027654	-0.014982623801155412	0.06865891752583277
5.166215336872552	18.354693204970985	1.1302503268139765	0.29960852493748374	-0.04561117605133083	-0.009891806264397812	0.06370707476837138
5.170491208291085	18.36371506921027	1.1261969774433105	0.299422434299959	-0.043647224251669024	-0.005582719125743303	0.05891855398985408
5.174801011949329	18.37271612457251	1.1223168681121858	0.29935691462710595	-0.04183701356199775	-0.0019655901855914087	0.05430632069013825
5.179144758622377	18.38170026285626	1.1185947727930838	0.2993907510045327	-0.04017437059002992	0.0010150913228043118	0.0498792891590347
5.183522342893359	18.390670708156566	1.1150164610532953	0.29950495058062454	-0.038652882653197225	0.003425987282756798	0.045644638104981025
5.18793355403399	18.399630088980544	1.1115686264598355	0.29968266131805266	-0.03726596006235657	0.0053313221228454616	0.04160767772521985
5.192378088569519	18.40858050660135	1.1082388254157285	0.299909065113279	-0.03600689249996576	0.006792113856791649	0.0377720268717242
5.1968555637312335	18.41752359913478	1.1050154249419164	0.30017125303625125	-0.03486889999730939	0.00786563768916604	0.034139775079690994
5.20136553116312	18.426460601025187	1.1018875579240999	0.30045808911771954	-0.03384517927277497	0.008605082444046487	0.03071162173603262
5.205907490391952	18.435392397789766	1.0988450844062203	0.3007600679173556	-0.03292894595339947	0.009059363989080315	0.02748699958126498
5.210480901692752	18.444319575997717	1.0958785576296766	0.301069170076461	-0.03211347302613869	0.00927306477315949	0.024464187817823422
5.215085198085533	18.45324246855954	1.0929791936674011	0.30137871917516473	-0.031392125740876686	0.009286472961112667	0.021640418557860218
5.219719796286015	18.4621611954761	1.0901388436676986	0.30168324245984024	-0.030758393105065677	0.009135698540265786	0.01901197907433021
5.224384106504345	18.471075700251873	1.0873499678917178	0.30197833736723484	-0.030205916060358894	0.008852847221837136	0.01657431134120336
5.2290775410432975	18.479985782214868	1.0846056108915925	0.3022605452351901	-0.029728512406862053	0.008466236038656223	0.014322109604905342
5.233799521692833	18.488891125010714	1.0818993773276304	0.302527233143067	-0.029320198534141133	0.008000637236306406	0.012249416181627603
5.238549485952664	18.497791321552455	1.0792254080586106	0.3027764844577044	-0.0289752080243315	0.007477539439120633	0.01034971529428894
5.243326892140324	18.50668589571317	1.0765783562572993	0.30300699836258876	-0.028688007206873416	0.006915417146530713	0.008616024523742608
5.248131223460483	18.51557432104739	1.0739533634030325	0.30321799841032154	-0.028453307763134917	0.006330001431985353	0.007040983312154974
5.252961991123182	18.52445603682093	1.0713460350849984	0.3034091499523467	-0.028266076499584247	0.005734546260754612	0.005616937906520188
5.257818736605517	18.53333046161859	1.0687524166147073	0.3035804861585709	-0.02812154242826107	0.005140086186727066	0.004336022139695371
5.262701033154058	18.542197004786264	1.0661689684955418	0.3037323422359087	-0.028015201311489327	0.0045556823201368815	0.003190233503152374
5.267608486624848	18.551055075949066	1.063592541832995	0.3038652973827608	-0.02794281784330619	0.0039886544055637	0.0021715040454940836
5.272540735755045	18.55990409283125	1.0610203537931011	0.30398012396857577	-0.027900425652146354	0.0034447975744497763	0.0012717657347951154
5.277497451955665	18.568743487586985	1.0584499632304825	0.3040777434050979	-0.027884325317858973	0.002928583095664094	0.00048301002862148596
5.282478338709182	18.57757271183447	1.0558792466132114	0.3041591881665135	-0.027891080601168385	0.0024433428424686953	-0.00020265849928224563
5.287483130649227	18.586391240569444	1.05330637437093	0.30422556942136764	-0.02791751308530952	0.001991437645624935	-0.0007929745242341451
5.2925115923928185	18.595198575118253	1.0507297877869048	0.3042780497546601	-0.02796069542803224	0.0015744099987750068	-0.00129547028168156
5.297563517188548	18.60399424527538	1.0481481765452503	0.3043178204813842	-0.028017943418028022	0.0011931218017262888	-0.001717439699873477
5.302638725437401	18.61277781075615	1.0455604570325099	0.3043460830810123	-0.02808680702327831	0.0008478779888417261	-0.0020659081575086693
5.307737063136286	18.621548862081806	1.042965751479144	0.3043640343138022	-0.028165060610441942	0.0005385369836972302	-0.002347607614908761
5.31285840028827	18.630307021001737	1.0403633680119722	0.30437285461314467	-0.028250692504520954	0.00026460898027179375	-0.002568956822370458
5.318002629317809	18.639051940546363	1.037752781673897	0.30437369938174774	-0.02834189404713758	2.534305809025579e-05	-0.002736046278498821
5.323169663524126	18.647783304793492	1.035133616452765	0.3043676928533092	-0.028437048300076196	-0.00018019585315504042	-0.002854627588158389
5.328359435601249	18.65650082842173	1.0325056283473837	0.30435592421423247	-0.028534718528455856	-0.0003530591723021635	-0.002930106851389672
5.3335718962491	18.665204256115793	1.0298686894857225	0.30433944570907245	-0.028633636586434884	-0.0004943551548026242	-0.0029675417393708885
5.338807012896432	18.67389336188076	1.0272227732984598	0.3043192724850112	-0.02873269131380161	-0.0006051967218358732	-0.002971641821001857
5.344064768553249	18.682567948315576	1.0245679407402974	0.3042963839543353	-0.02883091704302726	-0.0006866559202807726	-0.0029467718767694833
5.3493451608076725	18.691227845889614	1.0219043275417965	0.30427172648203443	-0.028927482304648564	-0.0007397241690259751	-0.0028969578486391237
5.354648200979876	18.699872912260776	1.019232132466188	0.3042462172235517	-0.029021678804104382	-0.0007652777544794662	-0.0028258949836745483
5.35997391344381	18.708503031668343	1.0165516065384963	0.3042207489611016	-0.029112910737516047	-0.0007640478735065617	-0.0027369580023499135
5.365322335125744	18.717118114429628	1.0138630432081668	0.3041961958028	-0.029200684501707243	-0.0007365947490487499	-0.0026332129257357504
5.370693515187368	18.725718096565195	1.0111667694013913	0.3041734196243887	-0.0292845988462116	-0.0006832853523380887	-0.0025174303351306456
5.376087514899965	18.73430293957397	1.0084631374153152	0.3041532771453724	-0.029364335504639166	-0.0006042743704928236	-0.002392099752826998
5.381504407715278	18.742872630376272	1.0057525176031625	0.3041366275445776	-0.029439650338557305	-0.0004994880238426271	-0.0022594450175440653
5.3869442795378335	18.75142718143976	1.0030352917969454	0.30412434052571635	-0.029510365016899427	-0.00036861056583896223	-0.0021214403502636705
5.392407229202818	18.75996663110052	1.0003118474127994	0.304117304754005	-0.029576359251497982	-0.00021107315134220327	-0.001979827037956676
5.3978933691629205	18.768491044089128	0.9975825721829522	0.30411643658834103	-0.029637563600427165	-2.604496991891249e-05	-0.001836130467875435
5.4034028263869915	18.77700051226877	0.9948478494579537	0.3041226890363984	-0.029693952848131023	0.00018757344172261602	-0.0016916774311156522
5.408935743472667	18.785495155590453	0.9921080540220082	0.30413706085655107	-0.02974553998500598	0.00043115460458101557	-0.0015476141062487705
5.414492279974516	18.793975123267675	0.9893635483657309	0.3041606057457843	-0.02979237074656922	0.0007063466769970163	-0.0014049228468972109
5.42007261394871	18.802440595171213	0.9866146793643796	0.30419444155219494	-0.029834518685902586	0.001015074192318945	-0.001264438180000904
5.425676943714181	18.81089178344185	0.9838617753068966	0.3042397594032379	-0.029872080884425778	0.0013595355312896829	-0.0011268659556956861
5.431305489829063	18.819328934316182	0.98110514322161	0.30429783268227845	-0.029905174205567698	0.0017421983712142524	-0.0009927996342577537
5.436958497280293	18.827752330158297	0.9783450664498683	0.30437002577201144	-0.02993393208704162	0.002165792691988396	-0.0008627364442175392
5.442636237882843	18.836162291687444	0.9755818024204949	0.30445780246571136	-0.029958501861392397	0.0026333008109970402	-0.0007370932305234147
5.4483390128831735	18.844559180388412	0.9728155805801445	0.30456273391441224	-0.029979042592415177	0.0031479434610280858	-0.0006162219306832382
5.45406715575952	18.85294340108796	0.9700466004373037	0.30468650600772207	-0.029995723405906897	0.0037131627992949296	-0.0005004244047517015
5.459821035209224	18.861315404677104	0.9672750296808119	0.3048309260343573	-0.0300087222930189	0.004332600799058853	-0.000389966613360169
5.465601058310313	18.86967569095447	0.9645010023386171	0.304997928449829	-0.030018225333143016	0.005010072464147702	-0.0002850912037235095
5.471407673841492	18.878024811561904	0.9617246169458421	0.3051895796236126	-0.03002442634186565	0.005749535213508183	-0.00018603026167888216
5.477241375740193	18.886363372977456	0.9589459346952381	0.3054080812406606	-0.030027526890052874	0.006555048511441317	-9.301644561663047e-05
5.483102706673955	18.894692039525392	0.9561649775486782	0.30565577226511587	-0.03002773665949615	0.007430730733658211	-6.293083298388006e-06
5.48899226169546	18.903011536356882	0.9533817262950711	0.3059351290979305	-0.03002527405795714	0.008380704984441082	7.38780461702235e-05
5.494910691944824	18.91132265234706	0.9505961185448544	0.3062487636714913	-0.030020367114618474	0.00940903720682427	0.00014720830016009303
5.500858708355188	18.91962624284528	0.9478080466582393	0.3065994190482478	-0.03001325453382343	0.010519661302694038	0.0002133774238514526
5.506837085311014	18.927923232208467	0.9450173556147377	0.30698996238667553	-0.03000418684173229	0.011716300152830832	0.0002720307627341328
5.512846664198016	18.936214616035816	0.9422238408383778	0.3074233744739032	-0.02999342761240965	0.01300236261683078	0.00032277687967936336
5.518888356772252	18.94450146301063	0.9394272460031831	0.30790273562708537	-0.02998125464111357	0.014380834595463226	0.00036518913888232505
5.524963148266417	18.952784916246333	0.9366272608576581	0.30843120739231794	-0.029967960942067013	0.015854152956977563	0.0003988109713966609
5.5310721001358	18.96106619401715	0.9338235191179289	0.30901200926497285	-0.029953855566036754	0.017424056179648144	0.0004231612809078078
5.537216352330248	18.969346589737963	0.9310155964951047	0.3096483898512209	-0.029939264010113827	0.01909141758743832	0.00043774667768776277
5.543397124964777	18.977627471046034	0.9282030089409367	0.3103435919929683	-0.02992452813647545	0.020856064252419673	0.0004420762091511476
5.5496157192380595	18.985910277813844	0.9253852112147105	0.31110081035501214	-0.02991000546302397	0.022716550861315528	0.0004356802035445594
5.555873517428063	18.99419651890498	0.9225615958974702	0.3119231414151014	-0.02989606762316495	0.02466993180268005	0.00041813519577074785
5.562171981771712	19.00248776746607	0.9197314930070666	0.3128135241890375	-0.02988309780254469	0.02671148321808408	0.00038909461860768676
5.568512652003662	19.010785654518326	0.9168941703965674	0.3137746707775998	-0.029871487021936448	0.028834397656870587	0.0003483234182474064
5.574897141303571	19.01909186059332	0.9140488351540926	0.31480898578849253	-0.029861628899716868	0.031029450326782924	0.00029574366658741895
5.581327130367771	19.027408105130775	0.9111946362619345	0.3159184730463648	-0.029853912778330133	0.033284617736167726	0.00023148364160207956
5.587804359277324	19.03573613331877	0.9083306688178996	0.31710462775687426	-0.029848714870899424	0.03558464131528577	0.00015593722292127775
5.594330616802994	19.044077700038983	0.9054559801731711	0.3183683139154012	-0.029846387107398162	0.037910584755809364	6.983290503787974e-05
5.600907726738234	19.052434550542152	0.9025695783991486	0.3197096235095105	-0.029847243415426404	0.04023928782327765	-2.5689240847241657e-05
5.607537731148597	19.060808650682116	0.8996705197685164	0.3211470917812608	-0.029848173483976063	0.043124048152507984	-2.790205648980203e-05
5.614222896026854	19.069202189543375	0.8967579283940346	0.32268116145830433	-0.029849093659283833	0.046022090311306996	-2.7605259233204893e-05
5.620965500392917	19.077617309903957	0.8938309274123737	0.3243098511609404	-0.029850246587893595	0.04886069107908351	-3.458785829278786e-05
5.627767806318664	19.086056070741506	0.8908886356816171	0.3260307415241369	-0.029851875025040886	0.05162671089589572	-4.885311441872672e-05
5.634632050304319	19.094520437190717	0.8879301708150911	0.3278410757443775	-0.029854220381665426	0.054310026607219404	-7.03606987362049e-05
5.641560436470952	19.10301227305277	0.884954651501253	0.3297378467387678	-0.029857520231942415	0.05690312983171082	-9.89955083096848e-05
5.648555131350006	19.11153333550016	0.8819611993323636	0.33171787269741815	-0.029862004907550112	0.05940077875950832	-0.0001345402682308211
5.655618260078057	19.120085271669133	0.8789489403381336	0.333777862592173	-0.029867893387992544	0.06179969684264422	-0.00017665441327298457
5.662751903812371	19.128669616854626	0.8759170064028795	0.3359144714382197	-0.02987538860419747	0.06409826538139704	-0.0002248564861476803
5.669958098200058	19.137287794056242	0.8728645367244439	0.3381243477460996	-0.029884672324912785	0.06629628923639803	-0.00027851162145951764
5.677238832756828	19.145941114662765	0.8697906794558002	0.3404041734346063	-0.02989589962994796	0.06839477065520054	-0.00033681915105508085
5.684596051015037	19.15463078007727	0.866694593660994	0.3427506967553598	-0.029909193138359172	0.07039569962260539	-0.0003988052523363357
5.692031651313541	19.163357884109367	0.8635754517027353	0.3451607593071565	-0.02992463701205662	0.07230187655390219	-0.00046331621092350123
5.699547488122023	19.172123415993447	0.8604324421688282	0.34763131832279404	-0.029942270755821114	0.07411677046912656	-0.0005290123129348338
5.707145373796163	19.180928263903418	0.8572647734383769	0.3501594637293034	-0.029962082890899352	0.07584436219528035	-0.0005943640523471923
5.7148270806640795	19.189773218846522	0.8540716779822473	0.3527424311724083	-0.029984004519800996	0.07748902329314518	-0.0006576488670493073
5.722594343363591	19.198658978847394	0.8508524174824583	0.35537761186707845	-0.030007902799616834	0.07905542084010582	-0.000716948394474977
5.730448861356489	19.207586153347172	0.8476062888506589	0.35806255926477926	-0.030033574341384414	0.0805484219310258	-0.0007701462530273923
5.738392301537718	19.216555267738407	0.844332631229822	0.36079499203419285	-0.030060738508576754	0.08197298308240689	-0.0008149250157701623
5.746426300873626	19.22556676798095	0.8410308340497098	0.3635727955727417	-0.03008903076835583	0.08333410615646254	-0.0008487677933723032
5.754552469016844	19.234621025263813	0.837700346197293	0.3663940212330134	-0.03011799601154592	0.08463676980814946	-0.000868957295702811
5.7627723908384985	19.24371834067472	0.8343406863666105	0.36925688363469616	-0.03014708191439464	0.08588587205048115	-0.0008725770854614835
5.771087628823394	19.25285894984927	0.8309514546427273	0.37215975630645676	-0.030175632408066387	0.08708618015281788	-0.0008565148101523836
5.779499725278597	19.262043027581065	0.8275323453656104	0.3751011659936685	-0.03020288130681612	0.08824229061635064	-0.0008174669624918002
5.788010204309463	19.271270692382174	0.8240831613096128	0.3780797857538818	-0.03022794618666622	0.08935859280639868	-0.0007519463955030608
5.796620573519476	19.28054201098937	0.8206038292007175	0.381094427039822	-0.030249822627485264	0.0904392385782046	-0.0006562932245712124
5.805332325393184	19.289857002818025	0.8170944165773504	0.3841440309172651	-0.030267378943877227	0.09148811632329557	-0.0005266894917588948
5.814146938323898	19.299215644370893	0.8135551499796352	0.38722765855961294	-0.030279351585200988	0.09250882927043444	-0.0003591792397127575
5.823065877250408	19.308617873614136	0.8099864344263544	0.390344481142285	-0.03028434139075174	0.09350467748015948	-0.00014969416652246617
5.832090593870166	19.31806359433781	0.8063888741080486	0.39349376930829183	-0.030280810940096943	0.09447864498020556	0.00010591351964398752
5.841222526385232	19.3275526805048	0.8027632937625474	0.3966748809318306	-0.03026709044964886	0.09543334870616378	0.00041161471344258434
5.8504630986092865	19.337084980423377	0.7991107559898789	0.39988723578323815	-0.03024145480805358	0.09637064554222614	0.0007690692478583622
5.859813718609771	19.346660320878975	0.795432578121964	0.4031303158628988	-0.03020206568435671	0.0972924023898189	0.0011816737109060851
5.869275777130782	19.35627851159906	0.7917303566787085	0.40640366588521837	-0.030146914858790636	0.09820050066958594	0.0016545247669823202
5.878850645598638	19.365939349993848	0.7880059953482266	0.40970688219274054	-0.030073838411814043	0.09909648922566515	0.002192293409297716
5.888539673564459	19.37564262607326	0.7842617320874393	0.4130396020798794	-0.029980533871041607	0.09998159661416546	0.0027991362231730927
5.898344185595605	19.385388127570803	0.7805001648496335	0.41640149371441376	-0.029864580951161363	0.100856749036032	0.003478587596407247
5.908265477640394	19.395175645305535	0.7767242753307075	0.419792247018789	-0.029723466594838707	0.10172259913125746	0.004233430689679751
5.918304812904707	19.405004978811814	0.7729374499956576	0.42321156569976753	-0.02955461509060354	0.1025795604293582	0.005065545127055028
5.928463417293934	19.414875942261464	0.7691434975004422	0.42665916070764387	-0.029355424124537916	0.10342785023629134	0.005975728981968698
5.938742474492415	19.4247883706971	0.7653466614587938	0.4301347454729041	-0.029123307706620347	0.10426754295780799	0.006963492537527009
5.949143120768566	19.434742126581753	0.7615516273247127	0.43363803280435514	-0.02885574692852013	0.10509861994353029	0.008026823343006468
5.959666439617258	19.44473710665747	0.7577635219600167	0.43716873421901337	-0.028550349670198576	0.10592104243974788	0.009161917749646491
5.970313456378305	19.454773249090433	0.7539879042354561	0.44072656169862223	-0.028204920352393817	0.10673482438826475	0.010362879534142728
5.98108513298687	19.464850540847856	0.750230744785906	0.44431123155283	-0.027817540875061414	0.10754009562623092	0.011621384319971931
5.991982363044478	19.474969025227615	0.7464983927826027	0.4479224714754389	-0.027386664048330272	0.10833719767826848	0.012926304801934291
6.003005967431462	19.48512880942763	0.7427975273209934	0.4515600301220826	-0.026911220611086042	0.10912675939931231	0.014263303117326967
6.014156690706476	19.495330071992726	0.7391350907454963	0.4552236894344876	-0.02639074121456826	0.1099097793721499	0.015614381895533555
6.025435198583723	19.505573069936798	0.7355182009399192	0.4589132803726503	-0.02582549442944025	0.11068772814488115	0.01695740355384022
6.036842076809115	19.515858145274574	0.7319540393219792	0.4626287007871074	-0.02521664202899666	0.11146261243371483	0.018265572013307703
6.048377831807747	19.52618573064264	0.7284497109788126	0.46636993741112903	-0.024566412508200068	0.11223709872064938	0.019506885623897772
6.0600428935254165	19.536556353622338	0.7250120730901606	0.47013709025617806	-0.023878293767814685	0.11301458535147213	0.020643562211561606
6.071837620947915	19.54697063930878	0.721647527504334	0.47393040184044105	-0.023157245593934034	0.11379934752788877	0.021631445216419482
6.083762310867005	19.557429310610768	0.7183617730592837	0.47775029102631333	-0.02240993247678784	0.11459667557616819	0.022419393514385735
6.0958172105154595	19.56793318566662	0.7151595130068675	0.48159739087716635	-0.021644976825343352	0.11541299552559116	0.022948669543334663
6.108002534852747	19.57848317174161	0.7120441127055502	0.48547259827403905	-0.020873231975451198	0.1162562219061834	0.02315234549676471
6.1203184894496765	19.58908025494474	0.7090172025955421	0.48937713469601263	-0.020108074351464836	0.11713609265920553	0.02295472871959076
6.132765300069683	19.599725485044793	0.706078221390404	0.4933126239649267	-0.019365713128107767	0.11806467806742085	0.022270836700712136
6.145343250259869	19.610419954651242	0.7032238944424161	0.49728119110497976	-0.018665514917039484	0.11905701420159319	0.021005946332048612
6.158048387734888	19.62116117706268	0.700457462773937	0.5009474366709903	-0.017913023707590226	0.10998736788536984	0.022574736283477673
6.1708274328352575	19.63190622552288	0.6978894883986225	0.5008193870134379	-0.01592112909771521	-0.003841488952359886	0.05975683829625044
6.18362970812461	19.642618044651627	0.6956161890170417	0.5007340019614188	-0.014037578313913293	-0.0025615509010620202	0.05650652351405748
6.196453076750964	19.653301090369595	0.6936201395278541	0.5006844067895398	-0.012271402236338845	-0.0014878545701580087	0.05298528232723354
6.209295448893242	19.663959454649294	0.691882886848066	0.500663863247676	-0.010628439424694493	-0.0006163057120612595	0.04928888434933059
6.222154789930868	19.674596859373338	0.6903853776407931	0.5006660026526065	-0.0091117856483843	6.418267074141258e-05	0.04549961328930576
6.235029130537516	19.68521665933056	0.6891083226139594	0.5006849881252629	-0.0077222061320928225	0.0005695646947872692	0.04168738548874427
6.247916577463589	19.695821851999447	0.6880324907114119	0.5007155993214569	-0.006458686419981787	0.0009183363957486522	0.03790559136333102
6.260815324790657	19.70641509283099	0.687138983152272	0.5007533364070752	-0.0053181906331583205	0.0011321130809548161	0.034214873604704016
6.273723664091633	19.716998714660633	0.68640945647795	0.500794382446061	-0.0042966193975661	0.0012313816817695797	0.03064713706776661
6.286639992940582	19.72757474903482	0.6858262735959584	0.5008356006963998	-0.003388841523452973	0.001236548016744352	0.027233336223393807
6.299562821952398	19.738144949075124	0.6853726364950942	0.500874495188782	-0.0025889378503845574	0.001166835265604983	0.02399711019205245
6.312490779880151	19.748710812994336	0.6850326862284443	0.5009091567729326	-0.0018904164440128656	0.0010398479991526202	0.020955642191150765
6.32542261669107	19.759273607631005	0.6847915739028039	0.5009382002511273	-0.0012864006122373392	0.0008713047950302107	0.018120474953265783
6.3383572046616425	19.76983439152322	0.6846355062091471	0.5009606981847201	-0.0007697915458151067	0.0006749384261120967	0.015498271992666977
6.35129353761278	19.780394037161777	0.6845517688193171	0.5009761137284742	-0.00033340742330811147	0.0004624666960938593	0.013091523675209856
6.364230728459152	19.790953252158168	0.6845287307687364	0.5009842358219988	2.9899160255229998e-05	0.00024366315203225167	0.010899197506900245
6.377168005293422	19.801512599151952	0.6845558327372773	0.5009851185134389	0.0003271435870200095	2.6481051794533038e-05	0.008917332802943385
6.3901047062488905	19.81207251435028	0.6846235619283028	0.5009790258398884	0.0005651296009816798	-0.00018277993553208278	0.00713958041885011
6.403040273380588	19.822633324637632	0.6847234160284388	0.5009663819684007	0.0007503858936015542	-0.00037931590993138525	0.005557688778596233
6.415974245797064	19.833195263233307	0.6848478585091714	0.5009477276319975	0.0008891171555599528	-0.0005596298913654778	0.004161937858751954
6.428906252275105	19.843758483917608	0.684990267308854	0.5009236831149191	0.0009871679330020976	-0.0007213353432120378	0.0029415233232643443
6.441836003556897	19.85432307386076	0.6851448787131083	0.5008949162056738	0.001049997711055754	-0.0008630071366026908	0.0018848933416096888
6.454763284510749	19.864889065110177	0.6853067280358157	0.5008621164008513	0.0010826657366852799	-0.0009839940293161484	0.0009800407688857669
6.4676879463140695	19.875456444805945	0.6854715884949882	0.5008259733654299	0.0010898241967043734	-0.0010842909694529549	0.00021475380057279776
6.48060989878663	19.886025164198045	0.6856359094801069	0.5007871601866449	0.0010757184671719292	-0.0011643952893744872	-0.000423171885973336
6.493529102988246	19.896595146552357	0.6857967552221353	0.5007463206236271	0.0010441932592319377	-0.001225186832487819	-0.0009457562381997482
6.506445564161707	19.90716629402623	0.685951744705559	0.5007040592659038	0.0009987035928173144	-0.0012678406869720245	-0.0013646899924387014
6.519359325085431	19.91773849359841	0.6860989935045144	0.5006609350151315	0.0009423296330832856	-0.0012937274893175818	-0.0016912187920208649
6.532270459883957	19.92831162213893	0.6862370580827876	0.5006174566945137	0.0008777945295087805	-0.0013043495933452603	-0.0019360531072351544
6.545179068322853	19.93888555069779	0.6863648829701562	0.5005740807012103	0.0008074844942301928	-0.0013012797807178205	-0.002109301058357627
6.558085270604563	19.949460148091397	0.6864817511150056	0.5005312103072532	0.0007334704505846032	-0.001286111805551101	-0.002220421309367688
6.570989202668127	19.96003528386039	0.6865872376147583	0.5004891961639714	0.0006575306709848491	-0.0012604242892152468	-0.0022781933879926232
6.583891011985878	19.970610830668175	0.6866811669407203	0.5004483378395751	0.0005811739050536889	-0.0012257497255398462	-0.002290702977934802
6.596790853843141	19.98118666620549	0.6867635737015424	0.5004088860868258	0.000505662575025627	-0.001183552578209912	-0.002265339900841858
6.609688888080624	19.991762674661587	0.6868346669286786	0.5003710456767503	0.00043203568470304496	-0.001135212299459478	-0.0022088067096774603
6.622585276273787	20.002338747817248	0.6868947978169685	0.5003349785205196	0.00036113115141723275	-0.0010820146851032635	-0.002127135998574367
6.635480179323797	20.012914785813134	0.6869444308127491	0.5003008073183041	0.0002936073267090374	-0.0010251360653123819	-0.00202571474124586
6.648373755430036	20.023490697640423	0.68698411790971	0.500268619039597	0.0002299635231708151	-0.000965648360499886	-0.0019093141061466703
6.661266158409959	20.034066401393893	0.6870144759880433	0.500238468490933	0.0001705594081857335	-0.000904516459485239	-0.0017821234495524467
6.674157536335819	20.04464182432671	0.6870361670143681	0.5002103818593899	0.00011563316543559958	-0.0008425989460365208	-0.001647787282504019
6.68704803045789	20.05521690274213	0.6870498809075912	0.5001843602044475	6.531835899867631e-05	-0.0007806496481242892	-0.0015094441931076984
6.699937774383991	20.065791581753103	0.6870563208684815	0.5001603827717083	1.965946427030957e-05	-0.0007193229820891747	-0.0013697668418510024
6.712826893485574	20.07636581493652	0.6870561909674977	0.5001384101277749	-2.1373945502117216e-05	-0.0006591793179454848	-0.0012310022931728037
6.725715504503281	20.086939563906608	0.6870501857856883	0.5001183871484327	-5.787434719080293e-05	-0.0006006893802233792	-0.0010950120506605715
6.7386037153261205	20.097512797828443	0.6870389819066447	0.500100245760582	-8.998472321151894e-05	-0.0005442416354928905	-0.0009633112806214798
6.751491624919328	20.108085492888982	0.6870232310630076	0.5000839074403105	-0.00011788828351705401	-0.0004901496081220235	-0.000837106809166052
6.764379323378571	20.118657631740913	0.6870035547483853	0.5000692855073832	-0.00014179940224237563	-0.00043865798780291397	-0.0007173335617596484
6.777266892090313	20.12922920293238	0.6869805401143597	0.5000562871915263	-0.00016195570852960232	-0.0003899494756940627	-0.0006046891886167995
6.7901544039798045	20.139800200333177	0.6869547369821464	0.5000448154743526	-0.0001786112648457151	-0.0003441515152021452	-0.0004996666894833834
6.803041923830043	20.150370622565962	0.6869266558091166	0.5000347707168559	-0.0001920307618412415	-0.000301342724897338	-0.0004025849098657924
6.815929508656961	20.160940472449283	0.6868967664615289	0.5000260520792603	-0.00020248465604804153	-0.00026155912786388167	-0.00031361682620400084
6.828817208127835	20.171509756457564	0.6868654976562105	0.5000185587452796	-0.0002102451754602331	-0.00022480001942136557	-0.00023281558236574695
6.841705065011648	20.18207848420173	0.6868332369454174	0.5000121909636436	-0.00021558311780815905	-0.0001910334490834434	-0.00016013827043777863
6.854593115651728	20.192646667932934	0.6868003311305015	0.5000068509202485	-0.0002187653671058306	-0.00016020130185143372	-9.5467478930147e-05
6.867481390452507	20.20321432207076	0.6867670870012409	0.5000024434535504	-0.00022005305544309852	-0.00013222400094581126	-3.863065011803825e-05
6.8803699143736194	20.213781462756234	0.686733772308635	0.4999988766288708	-0.0002197002989405536	-0.00010700474038823581	1.0582695076347536e-05
6.893258707425902	20.22434810742929	0.6867006168895711	0.4999960621882099	-0.00021795343912598165	-8.443321982985852e-05	5.240579443715777e-05
6.9061477851650475	20.234914274429634	0.6866678138720002	0.49999391588730596	-0.00021505072350213683	-6.438902711960793e-05	8.708146871534337e-05
6.919037159179613	20.245479982619354	0.6866355208990883	0.4999923577297747	-0.00021122236167788835	-4.6744725939063526e-05	0.00011485085472745525
6.931926837571119	20.256045251025125	0.6866038613202347	0.4999913121189924	-0.00020669089611448761	-3.136832346908407e-05	0.00013594396690202274
6.944816825424817	20.266610098497736	0.6865729253058811	0.49999070793767886	-0.00020167182900455682	-1.812543940771908e-05	0.00015057201329792306
6.957707125270472	20.27717454338628	0.6865427708517003	0.49999047856836754	-0.0001963744491618162	-6.881079339689108e-06	0.00015892139528221862
6.970597737533075	20.287738603224266	0.6865134246460798	0.49999056186523283	-0.00019100280483952297	2.4989059582998477e-06	0.00016114932966879796
6.983488660973951	20.298302294424857	0.686484882782851	0.4999909000888133	-0.0001857567703007834	1.0146707413946675e-05	0.00015738103616218788
6.996379893123124	20.30886563198253	0.6864571113090014	0.4999914398135442	-0.0001808331553079331	1.6191741927045965e-05	0.00014770844978550886
7.009271430704149	20.31942862917845	0.6864300466046924	0.4999921318170878	-0.00017642680798512735	2.0760106305788714e-05	0.00013219041968417247
7.022163270052774	20.329991297287197	0.6864035956003569	0.4999929309598753	-0.0001727316621392509	2.397428362428842e-05	0.00011085437537629384
7.035055407530976	20.34055364528268	0.6863776358430029	0.49999379606220085	-0.00016994168068079225	2.5953069767844785e-05	8.369944375375912e-05
7.047947839937852	20.35111567954137	0.6863520154311741	0.4999946897845142	-0.00016825164674883896	2.6811669401249005e-05	5.070101795860012e-05
7.06084056491879	20.36167740354154	0.6863265528453475	0.49999557851684173	-0.00016785775403042576	2.6661969825183907e-05	1.1816781552395015e-05
7.073733581374121	20.372238817557545	0.6863010367079374	0.49999643228125384	-0.00016895794717334119	2.5612932360656147e-05	-3.3005794287462435e-05
7.086626889868175	20.38279991834884	0.686275225514561	0.4999972246506245	-0.00017175196250470535	2.3771081120325524e-05	-8.38204599409264e-05
7.099520493039193	20.39336069884404	0.6862488473858254	0.4999979326857739	-0.00017644101836054616	2.1241054481798012e-05	-0.0001406716756752233
7.112414396010094	20.403921147821013	0.6862215998966462	0.499998536891707	-0.00018322710333957689	1.8126177993799047e-05	-0.00020358254937092056
7.125308606799402	20.41448124958483	0.6861931500480086	0.499999021193424	-0.0001923118098278973	1.4529051510942173e-05	-0.0002725411946496129
7.138203136730907	20.42504098364629	0.6861631344541231	0.4999993729286853	-0.00020389465917430204	1.0552057840340661e-05	-0.000347485480392141
7.151098000839755	20.435600324404547	0.6861311598260896	0.49999958285565804	-0.00021817086432358564	6.297809181258234e-06	-0.0004282861544785077
7.163993218271678	20.44615924083854	0.6860968038414197	0.4999996451711389	-0.0002353284752676116	1.869464425793899e-06	-0.0005147283283207797
7.176888812670941	20.456717696212976	0.6860596164970263	0.49999955753380176	-0.0002555448528158611	-2.6291201104726463e-06	-0.0006064913264474828
7.189784812551372	20.46727564780572	0.6860191220514686	0.49999932108536815	-0.0002789824170491001	-7.093453007753829e-06	-0.0007031269269971681
7.202681251643454	20.47783304666481	0.6859748216702589	0.4999989404612654	-0.000305783618208682	-1.1418723079546203e-05	-0.0008040360347874571
7.21557816920898	20.488389837404558	0.6859261968957229	0.49999842378064546	-0.0003360650805576876	-1.5500418598627424e-05	-0.0009084438704701688
7.228475610313202	20.49894595805159	0.6858727140701318	0.4999977826043126	-0.0003699108732889142	-1.923528998429484e-05	-0.0010153737819367978
7.241373626042657	20.509501339953136	0.68581382984737	0.4999970318475688	-0.0004073648679159042	-2.2522702315646302e-05	-0.0011236198388097
7.2542722736550855	20.520055907761424	0.6857489979340363	0.4999961896338201	-0.0004484221482345403	-2.5266412462563756e-05	-0.0012317184095590832
7.267171616645966	20.530609579509473	0.6856776772053594	0.499995277073644	-0.0004930194477717713	-2.7376805284901133e-05	-0.0013379189861169333
7.280071724714246	20.541162266795265	0.6855993413443072	0.4999943179534837	-0.0005410246003307083	-2.8773604811509594e-05	-0.0014401545767681106
7.292972673607925	20.551713875092815	0.6855134901534574	0.49999333831779935	-0.0005922250026044787	-2.9389070530260102e-05	-0.0015360120682131155
7.3058745448281135	20.562264304210302	0.6854196626881924	0.49999236592911095	-0.0006463151036634585	-2.917166065154091e-05	-0.0016227030317693945
7.318777425168407	20.572813448917064	0.6853174523561493	0.499991429591638	-0.0007028829549890778	-2.809012418778794e-05	-0.0016970355397685761
7.331681406009839	20.583361199823205	0.6852065387685278	0.4999905580806718	-0.0007612025282046582	-2.6145328984530313e-05	-0.0017495871964674121
7.3445865816560385	20.59390744523991	0.6850868543368195	0.49998977385072046	-0.0008186627292274886	-2.352689853782e-05	-0.001723806030684911
7.357493046342308	20.60445207479509	0.6849585277910735	0.49998910428995047	-0.0008752830610428548	-2.008682310120342e-05	-0.0016986099544609907
7.370400893481723	20.614994980364724	0.6848217102911814	0.499988572365777	-0.00093074777266285	-1.5957725203206297e-05	-0.0016639413485998557
7.383310215039897	20.62553605658855	0.6846766259444124	0.49998819612990014	-0.0009844095175861947	-1.1287076302415828e-05	-0.001609852347700341
7.396221100361953	20.636075202020265	0.6845236218617444	0.49998798777647324	-0.001035291791579068	-6.250602805408877e-06	-0.0015264682197861981
7.409133634446258	20.64661232089974	0.6843632179312554	0.49998795237178856	-0.0010820902438858826	-1.0621405385287356e-06	-0.0014039535692044385
7.422047895660693	20.657147325539643	0.6841961564618664	0.4999880863637299	-0.0011231730971094135	4.019758240143497e-06	-0.0012324855967059299
7.434963952898919	20.667680139322908	0.6840234518080194	0.49998837599531837	-0.001156581002915941	8.688947654894182e-06	-0.0010022371741958316
7.447881862176636	20.678210700311492	0.6838464400293398	0.49998879576453775	-0.0011800267498311907	1.2593076581703889e-05	-0.0007033724074574902
7.460801662671593	20.688738965470346	0.6836668285691233	0.49998930709235995	-0.0011908953289644344	1.5339834667092698e-05	-0.0003260573739973166
7.473723372216015	20.699264915513215	0.6834867458513834	0.4999898573815164	-0.0011862449556521017	1.6508674693197102e-05	0.00013951119936997792
7.486646982256492	20.709788560378872	0.6833087905978266	0.499990379669003	-0.001162809739357883	1.5668624600446156e-05	0.0007030564888265517
7.499572452304256	20.720309945347296	0.6831360805532685	0.4999907930939072	-0.001117004789900318	1.240274712769452e-05	0.0013741484837269593
7.51249970390815	20.73082915780469	0.682972300180613	0.4999910044163483	-0.0010449346439210814	6.339673232382638e-06	0.0021621043793771002
7.525428614193489	20.741346334664065	0.6828217467448305	0.49999091083024827	-0.0009424059899663134	-2.8075830016671846e-06	0.0030758596186430376
7.538359009022261	20.751861670443816	0.6826893740498301	0.499990404308101	-0.0008049457625320439	-1.5195664418265167e-05	0.004123806823028081
7.55129065584348	20.762375425999604	0.6825808329234949	0.49998937769551854	-0.0006278257634166051	-3.0798377472147234e-05	0.0053135999734631656
7.5642232563165095	20.77288793789506	0.6825025073653758	0.49998773273097336	-0.00040609505185457243	-4.9348936356003126e-05	0.0066519213468609825
7.577156438804365	20.783399628382618	0.6824615450798663	0.4999853900961835	-0.00013462142133165695	-7.027904369752856e-05	0.008144208915687467
7.590089750847491	20.793911015947465	0.6824658809165646	0.49998230149749984	0.0001918566505082856	-9.265796050832807e-05	0.009794342155198277
7.6030226517405035	20.8044227263437	0.6825242515306477	0.4999784636315865	0.0005786661338453659	-0.00011513597740151347	0.011604284500112413
7.615954505343642	20.814935504021395	0.6826461993612962	0.4999739336923924	0.0010311221690483111	-0.00013589817582243177	0.013573681056088357
7.628884573266028	20.825450223805593	0.6828420638074969	0.4999688458243142	0.001554435855862543	-0.0001526360423446561	0.015699410604426964
7.641812008557807	20.835967902641865	0.6831229572598566	0.49996342761348905	0.002153605571005413	-0.0001625463247556009	0.0179750914542861
7.654735850041528	20.846489711167212	0.6835007234262513	0.49995801533255513	0.0028332902812983536	-0.00016236842801562522	0.02039054130878821
7.667655017398294	20.85701698479799	0.6839878751696769	0.4999530662147349	0.0035976633483135157	-0.000148473534609228	0.02293119201045485
7.680568307100185	20.867551233947722	0.6845975088596529	0.4999491655367017	0.00445024537657473	-0.00011702034099610555	0.025577460847836422
7.693474389246609	20.878094152895788	0.6853431920243788	0.4999470257489797	0.005393714744059347	-6.419363166226493e-05	0.028304081024538536
7.706371852033894	20.88864756901657	0.6862254555611917	0.4999474499291312	0.006253260493272046	1.2725404545276751e-05	0.02578637247638096
7.71925987030916	20.899212619984745	0.6870934777960299	0.4999509471148254	0.005205672065866618	0.0001049155708249211	-0.031427652822162866
7.73213964862988	20.90978796381	0.68781011578893	0.49995692608434733	0.004254751628589359	0.00017936908566027707	-0.028527613118317828
7.745012757683076	20.920371782889585	0.6883898444696789	0.499964578361896	0.003398232050446578	0.00022956832646017994	-0.025695587344283396
7.757880600978045	20.930962430218816	0.6888467174962577	0.49997319194023204	0.0026328508359416062	0.0002584073500787265	-0.022961436435149155
7.770744421703805	20.941558424350003	0.6891942338600986	0.4999821676950165	0.0019545637595740507	0.00026927264353499583	-0.020348612291026667
7.783605311319989	20.952158443279483	0.6894452346583951	0.4999910240721716	0.0013587342315591702	0.00026569131465277137	-0.017874885840446428
7.796464219295069	20.962761317379343	0.6896118264984162	0.49999939336146754	0.0008402996400297767	0.00025107867887866125	-0.015553037745881805
7.809321963520179	20.973366021511623	0.689705328217926	0.5000070123388451	0.0003939161079956667	0.0002285693213610115	-0.0133915059610233
7.822179241028033	20.983971666479245	0.6897362378310161	0.5000137096770104	1.4083167633678872e-05	0.0002009201451727824	-0.011394988210859635
7.83503663873168	20.994577489976447	0.6897142168333885	0.5000193917857105	-0.00030475010641823757	0.00017046326176566195	-0.009564998221557493
7.847894643966615	21.0051828472011	0.6896480892254667	0.500024028336201	-0.0005680959515919694	0.00013909651664547988	-0.007900375355211956
7.860753654676634	21.015787201285725	0.6895458528344318	0.5000276383581957	-0.0007813542219056158	0.00010830066384202866	-0.006397748109409393
7.8736139891291375	21.026390113693008	0.6894147007357521	0.500030277429777	-0.0009497526376893073	7.917215463436912e-05	-0.005051952473510744
7.88647589508373	21.036991234709095	0.6892610507899115	0.5000320264639434	-0.0010782995189620238	5.247103666196112e-05	-0.003856406438181502
7.899339558365135	21.04759029415054	0.6890905815178373	0.5000329819440316	-0.0011717476196944573	2.8664420190658867e-05	-0.002803443021972999
7.9122051108175055	21.058187092386305	0.6889082727401059	0.5000332482050796	-0.0012345677081739628	7.987856161112312e-06	-0.001884602654385175
7.925072637634318	21.068781491758703	0.6887184495954793	0.5000329311038153	-0.0012709306815313845	-9.513004886290071e-06	-0.001090889200722657
7.937942184062761	21.079373408463024	0.6885248287317526	0.500032132881689	-0.0012846970529172053	-2.394662138580285e-05	-0.00041299114157462104
7.950813761505903	21.089962804941255	0.6883305656354141	0.5000309492658737	-0.001279412662177468	-3.550842204186583e-05	0.00015853172219211975
7.963687354451967	21.10054968398366	0.688138302598296	0.500029576202041	-0.0012583044595169193	-4.119191497980774e-05	0.000633246079816464
7.976562924192592	21.111134081217592	0.687950215544248	0.5000279933276991	-0.0012243004381764667	-4.748623025609019e-05	0.0010201206402135812
7.989440411918051	21.121716058077688	0.6877680597011238	0.5000262704794485	-0.0011800250390875374	-5.1685447521939906e-05	0.001328261972667884
8.00231974397509	21.13229569753609	0.6875932143597759	0.5000244670570748	-0.0011278153162853591	-5.410267120927532e-05	0.0015662916840653415
8.015200835367363	21.14287309932843	0.6874267253667963	0.5000226324280669	-0.001069734967011103	-5.5038870238076706e-05	0.0017424104782276845
8.028083592826793	21.153448375720732	0.6872693453681661	0.5000208066189814	-0.0010075899923473906	-5.477427256156811e-05	0.001864349239911375
8.04096791748769	21.164021647792488	0.6871215715944685	0.5000190211858746	-0.0009429454773213628	-5.356299320846374e-05	0.0019393354507808312
8.053853707194857	21.174593042206755	0.6869836810503382	0.5000173001784302	-0.0008771430562202204	-5.163022332973541e-05	0.0019740726330342746
8.06674085847602	21.185162688435266	0.686855763032218	0.5000156611320296	-0.0008113186913323883	-4.917139201767233e-05	0.001974730946634964
8.07962926820782	21.195730716404533	0.6867377489506931	0.5000141160388194	-0.0007464204507562681	-4.635279631015382e-05	0.0019469472172836066
8.092518835003563	21.20629725452794	0.6866294394774936	0.5000126722635486	-0.0006832260232760988	-4.3313258123482336e-05	0.0018958328244050727
8.1054094603496	21.216862428088692	0.6865305290734413	0.5000113333817588	-0.0006223597557588491	-4.01664536918831e-05	0.001825988025517491
8.118301049515846	21.227426357938935	0.6864406279829358	0.5000100999276956	-0.0005643090412159059	-3.7003621895864956e-05	0.0017415214362882987
8.131193512264712	21.23798915948136	0.6863592818037453	0.5000089700465504	-0.0005094399236318237	-3.389643435568297e-05	0.0016460735275224641
8.14408676338117	21.248550941900987	0.6862859887585882	0.5000079400514692	-0.0004580118194088547	-3.08998524390885e-05	0.0015428431266890702
8.156980723045345	21.25911180761659	0.6862202148079094	0.5000070048894021	-0.0004101912846957694	-2.8054862010412153e-05	0.001434616041392559
8.169875317067547	21.26967185192308	0.6861614067519973	0.5000061585226238	-0.00036606478360719545	-2.5391003348594942e-05	0.0013237950326572205
8.182770477004143	21.28023116279828	0.6861090034756966	0.5000053942346042	-0.00032565043437031785	-2.2928640581703216e-05	0.0012124304771063293
8.195666140171342	21.2907898208497	0.686062445490998	0.5000047048683646	-0.0002889087292974196	-2.068098719190383e-05	0.001102251152186948
8.208562249572381	21.30134789937895	0.6860211829321928	0.5000040830082546	-0.0002557522401298863	-1.865580329222443e-05	0.0009946946750260006
8.221458753752318	21.31190546454384	0.6859846821554925	0.500003521111653	-0.00022605433368002998	-1.6856898041550218e-05	0.0008909371934956907
8.234355606593171	21.32246257559999	0.6859524310904431	0.5000030116010659	-0.00019965693298136994	-1.528531760837464e-05	0.0007919220209598023
8.247252767060859	21.333019285206063	0.6859239434844404	0.5000025469227891	-0.0001763773680013514	-1.3940348299237296e-05	0.0006983869494005574
8.260150198914072	21.343575639778592	0.6858987621744771	0.5000021195773738	-0.00015601436643341952	-1.2820362460998616e-05	0.0006108900470379557
8.273047870384039	21.35413167988397	0.6858764615122414	0.5000017221323615	-0.00013835323972586781	-1.1923350370168026e-05	0.0005298338012265513
8.28594575383296	21.36468744065724	0.6858566490600041	0.5000013472152072	-0.00012317032370377836	-1.1247514630963078e-05	0.0004554874806626826
8.298843825397805	21.375242952238466	0.6858389666656142	0.5000009874950485	-0.0001102367346911573	-1.079160475888928e-05	0.00038800767037863157
8.311742064625706	21.38579824021909	0.6858230909394193	0.5000006356752438	-9.932250888290322e-05	-1.0554594143197587e-05	0.00032742677424762225
8.324640454105245	21.396353326090946	0.6858087334632852	0.500000284403739	-9.019600007766585e-05	-1.0538145138139591e-05	0.0002737952641571217
8.337538979095878	21.406908227696025	0.6857956406339184	0.49999992629165596	-8.262930981783047e-05	-1.0743362491764357e-05	0.00022700070779506124
8.3504376271616	21.41746295967008	0.6857835930598518	0.4999995538557475	-7.639874942231634e-05	-1.1173077253451347e-05	0.00018691681186542425
8.363336387810287	21.42801753387678	0.6857724048274131	0.4999991594709856	-7.128610784965287e-05	-1.1831542856196351e-05	0.00015337924717990446
8.376235252140546	21.43857195983023	0.6857619225985443	0.4999987353224129	-6.707960369168614e-05	-1.2724457182249214e-05	0.0001261951247390016
8.38913421249797	21.4491262451044	0.6857520245842398	0.4999982733886631	-6.357457522687355e-05	-1.3858012495327888e-05	0.00010515085394437776
8.402033262141924	21.459680395727982	0.6857426194287425	0.4999977653917835	-6.0573968450558006e-05	-1.5239906390773676e-05	9.001820328946621e-05
8.414932394923381	21.470234416563628	0.685733645031401	0.49999720276213394	-5.7888671900134955e-05	-1.6878889487694156e-05	8.05588965126916e-05
8.42783160497459	21.48078831167091	0.6857250673254994	0.4999965766069316	-5.533774968489169e-05	-1.8784656070824426e-05	7.652766645729818e-05
8.440730886411078	21.4913420846528	0.6857168790258191	0.4999958776832893	-5.2748620977641884e-05	-2.0967709270961974e-05	7.767386121749432e-05
8.453630233046406	21.50189573898528	0.6857090983495387	0.4999950963765717	-4.9957232123320697e-05	-2.3439201529654967e-05	8.374166562963565e-05
8.466529638120107	21.512449278329882	0.6857017677082574	0.4999942226850298	-4.680826534578948e-05	-2.621074625797432e-05	9.446900332593669e-05
8.479429094039327	21.523002706828926	0.685694952362408	0.49999324621169033	-4.3155425962975764e-05	-2.929420018262227e-05	0.00010958518148441135
8.492328592134836	21.533556029382943	0.6856887390231464	0.4999921561646276	-3.88618479417868e-05	-3.270141188124626e-05	0.00012880734063566894
8.505228122432303	21.544109251909767	0.685683234380919	0.4999909413663924	-3.380065555482845e-05	-3.644394705416683e-05	0.0001518357716087506
8.518127673439983	21.554662381584308	0.6856785635343615	0.4999895902744714	-2.7855716656168796e-05	-4.053275763033331e-05	0.0001783481669597896
8.531027231954358	21.565215427057847	0.6856748682879709	0.4999880910153466	-2.0922620895390116e-05	-4.4977773743024844e-05	0.0002079928728233604
8.54392678288562	21.575768398655118	0.6856723052821057	0.4999864314303454	-1.2909914059814919e-05	-4.9787550036657235e-05	0.00024038120506725592
8.556826309105341	21.586321308547117	0.6856710439143676	0.4999845991376116	-3.740616835436109e-06	-5.496878201338948e-05	0.0002750789167313643
8.569725791319046	21.596874170896832	0.685671264007237	0.4999825816006058	6.645945048547883e-06	-6.052611017543563e-05	0.00031159685651951984
8.582625207967036	21.60742700197471	0.685673153173244	0.4999803662233173	1.8291978847314884e-05	-6.646131865454969e-05	0.00034938101396301006
8.595524535158109	21.617979820240517	0.6856769038263925	0.49997794050855304	3.1218717418265594e-05	-7.277144292862296e-05	0.0003878021571285216
8.608423746640423	21.62853264638693	0.6856827097853326	0.49997529217465403	4.5423537444863606e-05	-7.945001696991075e-05	0.00042614460079794036
8.62132281381424	21.63908550333933	0.6856907624117187	0.49997240932307524	6.0876704941355796e-05	-8.648554736316228e-05	0.00046359502489476574
8.634221705792791	21.64963841620626	0.6857012462267438	0.49996928063398793	7.751774030894243e-05	-9.386067261777344e-05	0.0004992310610275994
8.647120389517797	21.660191412174033	0.6857143339484095	0.4999658955927726	9.525140480175538e-05	-0.00010155123645984779	0.0005320099347843884
8.660018829936897	21.670744520338403	0.6857301808928665	0.4999622447490124	0.00011394331666955519	-0.00010952531280803066	0.0005607573560339951
8.672916990250949	21.681297771465452	0.6857489186853184	0.4999583200183773	0.00013341521688168143	-0.00011774191905223894	0.0005841570063637865
8.685814832239236	21.691851197672914	0.6857706482283163	0.4999541149757715	0.0001534398952514571	-0.0001261512781723306	0.0006007403510932706
8.698712316673088	21.702404832024023	0.6857954318826839	0.4999496253458674	0.00017373586367805532	-0.0001346888971229081	0.0006088790527979463
8.711609403827635	21.712958708024477	0.6858232848212511	0.49994484938753037	0.00019396175484114763	-0.00014327875011122353	0.0006067767348927691
8.724506054100821	21.723512859011816	0.6858541655222927	0.49993978839638276	0.00021371055654670167	-0.0001518297344269813	0.0005924640511666217
8.737402228750797	21.734067317427595	0.6858879653806769	0.49993444723834335	0.00023250371802478308	-0.00016023474118157863	0.0005637948443424431
8.750297890763758	21.744622113963093	0.6859244974321171	0.49992883505645763	0.00024978532140919996	-0.00016836545657293228	0.0005184481015325069
8.763193005864157	21.755177276569466	0.6859634842006505	0.499922966004698	0.0002649163196973448	-0.0001760715527891291	0.00045392994864434585
8.776087543677994	21.76573282932235	0.6860045446900946	0.49991686007005803	0.0002771689805544166	-0.00018317803919874412	0.0003675798257121563
8.788981479061146	21.776288791132874	0.6860471805691164	0.49991054404936236	0.0002857217783016308	-0.00018948062087222547	0.00025658393241642733
8.801874793604295	21.786845174297987	0.6860907616243063	0.49990405262954624	0.00028965481957633765	-0.00019474259448448703	0.00011799123824120608
8.814767477325253	21.797401982884143	0.6861345105799384	0.4998974296416328	0.00028794603894911967	-0.00019868963740377637	-5.12634188165406e-05
8.827659530559444	21.8079592109411	0.6861774874193958	0.49989072950874336	0.0002794684092896562	-0.0002010039866822432	-0.0002543288897839028
8.84055096605791	21.818516840544397	0.6862185733784678	0.49988401888523853	0.00026298838955157445	-0.0002013187051442015	-0.0004944005921424534
8.853441811301366	21.82907483966875	0.6862564548190856	0.49987737859008696	0.00023716589707120373	-0.00019920885454937067	-0.0007746747744111209
8.866332110166988	21.83963315865798	0.6862895338085655	0.49987081825533547	0.00019958665056377497	-0.0001968100425462245	-0.0011273773952228633
8.879221926024895	21.850191725700633	0.6863158786403665	0.4998643902376639	0.00014825712172209825	-0.00019284053015017536	-0.0015398858652503023
8.892111347045851	21.8607504450655	0.686333341637531	0.4998582833074525	8.23182501676317e-05	-0.00018320790634172572	-0.0019781661466339966
8.905000489996091	21.871309196653574	0.6863396254251629	0.4998527088953324	6.515736569490809e-07	-0.00016723236360399586	-0.0024500002953204785
8.917889502630496	21.881867834331086	0.686332246185606	0.49984790362278314	-9.80868647125858e-05	-0.00014415817647715656	-0.0029621531510860472
8.930778566515835	21.892426183881486	0.6863085026329865	0.4998441325057937	-0.00021542472467807715	-0.00011313350968340512	-0.003520135798964741
8.943667900239728	21.90298404066957	0.6862654511029957	0.4998416930678924	-0.00035303416214240276	-7.3183137039175e-05	-0.004128283123929769
8.95655776292843	21.913541167085107	0.6861998869064784	0.49984091766403366	-0.0005126879881815542	-2.3262115760425763e-05	-0.004789614781174546
8.969448458015194	21.92409728985867	0.6861083325625896	0.4998421785711538	-0.000696212228470523	3.782721360393409e-05	-0.005505727208669061
8.982340337191127	21.93465209734687	0.6859870335395984	0.4998458910378276	-0.0009054338700739256	0.00011137400021244662	-0.006276649248102081
8.995233804442943	21.945205236875925	0.6858319622302713	0.4998525175417156	-0.0011421236913223562	0.0001987951166414969	-0.007100694637452917
9.008129320098533	21.955756312261837	0.685638830949181	0.4998625719168678	-0.0014079334698927197	0.0003016312545646709	-0.007974293357110904
9.02102740475761	21.966304881607194	0.6854031148347182	0.49987662199281413	-0.0017043270151036434	0.00042150227839229015	-0.008891806356327707
9.033928642974503	21.97685045548544	0.6851200856062223	0.4998952920597011	-0.0020325046965270327	0.0005601020066117476	-0.009845330442701692
9.046833686547714	21.98739249563408	0.6847848571887422	0.49991926366632333	-0.002393321004036387	0.0007191481986664786	-0.010824489225280632
9.059743257238015	21.997930414273025	0.6843924442078684	0.49994927449978893	-0.00278719579194258	0.0009003250039667373	-0.011816243637185803
9.072658148743026	22.008463574193996	0.6839378348542988	0.49998611696481465	-0.0032140120618480168	0.001105273950772699	-0.012804488097163096
9.08557922766934	22.018991289728437	0.6834160790662558	0.5000306292613408	-0.0036730148549708437	0.0013353688980908467	-0.01377008379368483
9.098507433236087	22.02951282871003	0.6828223931250208	0.5000836860232107	-0.004162694914461771	0.0015917028624430447	-0.014690401784727799
9.111443775453365	22.040027415594096	0.68215228236904	0.5001461834675911	-0.004680665610469076	0.0018749233424542842	-0.015539120880219137
9.124389331448036	22.050534235869304	0.6814016832455752	0.5002190195366168	-0.005223531361557569	0.0021850820871649156	-0.016285972532654763
9.137345239589083	22.061032441912552	0.680567126058307	0.5003030678706792	-0.0057867478241085514	0.0025214500444273643	-0.016896493876529504
9.150312691058208	22.07152116046652	0.6796459197594273	0.5003991471531652	-0.006364474089004819	0.002882378503870372	-0.017331787946888052
9.163292918489992	22.081999501936682	0.678636360059396	0.5005079834651704	-0.00694941806023237	0.003265089396563031	-0.017548319136826487
9.176287181291235	22.09246657172615	0.6775379620106478	0.5006301675842278	-0.007532675800207956	0.00366552361540058	-0.01749773219926756
9.189296747276751	22.10292148388142	0.6763517180705796	0.5007661080206968	-0.008103566378511796	0.004078213144878129	-0.017126717349115188
9.202322870287874	22.113363377373812	0.675080382405766	0.5009159816183216	-0.008649464106218103	0.004496207986209463	-0.01637693183118919
9.215366763514307	22.12379143540721	0.6737287818696738	0.5010796842327551	-0.00915563061059472	0.004911078497487308	-0.01518499513129851
9.228429568330547	22.134204908228238	0.6723041536560063	0.5012567857632036	-0.009605049632761625	0.005313045989738956	-0.013482570665007094
9.24151231863694	22.14460314005749	0.6708165091523893	0.5014464984528931	-0.009978267135830428	0.005691380779748468	-0.011196525092064053
9.25461594776221	22.154985541373097	0.6692654278444065	0.5016476515561996	-0.010432111795575369	0.006034593201483961	-0.013615339792348295
9.267741914916495	22.16535076987313	0.6674997764713272	0.5018584897074972	-0.012791835670535377	0.006325144653180006	-0.07079171624880026
9.280893591283169	22.175694896136193	0.6653848665777383	0.5020755315872871	-0.015013616772634273	0.006511256526346895	-0.06665343306296692
9.294074552038058	22.18601348406688	0.6629421548710133	0.5022949393471956	-0.01708695110372336	0.006582232949673476	-0.0622000299326726
9.307288021988096	22.19630228492944	0.6601944394610909	0.5025132001183498	-0.01900526784212949	0.00654782330783008	-0.0575495021521839
9.320536872981947	22.20655726032962	0.6571653134772496	0.5027272869740906	-0.020765371223457472	0.006422605867042812	-0.05280310143983943
9.333823630827181	22.216774602069457	0.6538786952634668	0.5029347505750685	-0.02236692638655836	0.0062239082462262636	-0.04804665489302674
9.347150489298356	22.22695074829065	0.6503584290259149	0.5031337545421419	-0.02381198905530468	0.005970119251367725	-0.043351880062389575
9.360519329167403	22.237082395519437	0.6466279501708798	0.50332306684305	-0.025104578396982623	0.005679369288729641	-0.03877768025033833
9.373931740516692	22.24716650642502	0.642710009833723	0.503502018550111	-0.02625029198509433	0.005368551495109881	-0.03437140764335117
9.387389046917688	22.25720031330258	0.6386264532783769	0.5036704411787748	-0.027255961470312125	0.005052679164847831	-0.03017008455653371
9.400892330331834	22.267181317450053	0.6343980469918596	0.5038285895557347	-0.02812934718422698	0.004744451633954311	-0.02620157141744566
9.414442455862346	22.277107284756514	0.6300443494162176	0.503977060546606	-0.02887886980343077	0.00445413007162699	-0.022485678576113756
9.428040095688786	22.286976237906924	0.6255836204057804	0.5041167087629786	-0.029513376781133173	0.004189446855133869	-0.019035209331072136
9.441685751717129	22.29678644568347	0.6210327646555318	0.5042485688754288	-0.030041941402415027	0.003955803755300963	-0.01585693863845564
9.455379776643943	22.306536409884355	0.6164073045415934	0.5043737826681306	-0.030473691918313787	0.0037564141793624724	-0.0129525154769628
9.469122393237177	22.316224850371235	0.6117213780638093	0.5044935356940862	-0.03081766839519688	0.003592591191312477	-0.010319294306492966
9.482913711779451	22.325850688771634	0.6069877578322519	0.5046090045702862	-0.03108270480727865	0.0034640667129701135	-0.007951092362453087
9.496753745653486	22.33541303129941	0.6022178873622184	0.5047213118325314	-0.03127733384716252	0.0033692183061338754	-0.0058388711965160775
9.510642425126008	22.344911151126734	0.5974219312533613	0.5048314928378227	-0.0314097122121204	0.0033054306054409004	-0.003971350948736523
9.52457960947548	22.35434447072258	0.5926088361429682	0.5049404728320308	-0.031487563956211544	0.0032694002824924743	-0.0023355523227341223
9.538565097547407	22.363712544456355	0.5877863996975605	0.5050490481039357	-0.03151813973270837	0.003257258621709518	-0.0009172732949046716
9.552598636873034	22.373015041736608	0.5829613452184671	0.5051578781344626	-0.0315081899399181	0.0032649013885116436	0.00029849378370810713
9.566679931525778	22.38225173092162	0.5781393997451535	0.5052674820412135	-0.03146394976979345	0.003288117682667027	0.001327205103739663
9.580808648838893	22.39142246415409	0.5733253738668196	0.5053782402115528	-0.03139113436417275	0.0033227455944189535	0.0021844621686209703
9.594984425145384	22.400527163254335	0.5685232417162344	0.5054904012179785	-0.03129494251079202	0.0033648306782867073	0.0028857556014217182
9.609206870681959	22.409565806757428	0.5637362198822082	0.5056040911561721	-0.031180067337731186	0.003410698632140507	0.0034462551918250923
9.623475573745644	22.418538418116814	0.558966844232774	0.505719323452254	-0.03105071264348087	0.0034569693660344743	0.003880640827509595
9.63779010421552	22.427445055090356	0.5542170438351915	0.5058360120721	-0.0309106137459824	0.003500659072222364	0.00420296692495415
9.652150016563022	22.436285800313616	0.5494882113360794	0.5059539854526378	-0.030763061732687013	0.003539201885860298	0.004426560398861735
9.666554852403383	22.445060753007617	0.5447812693544107	0.5060729985047538	-0.03061093015469289	0.0035703920232803502	0.004563947339823848
9.681004142653734	22.45377002176878	0.5400967325697612	0.5061927461432137	-0.030456703424860683	0.0035924296000327165	0.004626801894966193
9.695497409382622	22.46241371839471	0.5354347652972542	0.5063128762261364	-0.030302506183548794	0.00360390291833171	0.004625917239356821
9.710034167392381	22.47099195267002	0.5307952344581903	0.5064330010524668	-0.0301501330288475	0.003603745204252483	0.004571194641038941
9.72461392556372	22.479504828029214	0.5261777579428863	0.5065527076116775	-0.030001078111325106	0.0035911971710807337	0.004471647525671856
9.739236188006936	22.48795243802435	0.5215817484221524	0.5066715676784853	-0.02985656422718486	0.003565802376318052	0.004335416524207356
9.753900455062011	22.496334863526087	0.517006452719565	0.5067891467552804	-0.0297175710333509	0.003527372654696625	0.004169795815018748
9.768606224152354	22.504652170568725	0.512450986917812	0.5069050105493544	-0.029584862087548087	0.003475914149655454	0.003981268374084311
9.783352990512382	22.512904408764218	0.5079143673973048	0.507018731690087	-0.0294590105880649	0.0034116345237013034	0.003775544984495609
9.798140247839251	22.5210916102315	0.5033955380162752	0.5071298963464249	-0.029340423644802365	0.0033349399827542936	0.0035576082978760275
9.812967488837499	22.529213788947192	0.4988933936975351	0.5072381057778302	-0.029229364821457684	0.0032462832318775328	0.0033317647003404615
9.827834205659823	22.537270940450227	0.49440680068056503	0.5073429804948155	-0.02912597512515602	0.003146241795894995	0.0031016908890500036
9.842739890304065	22.545263041869294	0.4899346136772236	0.5074441635139363	-0.029030292288031785	0.00303549085616512	0.0028704851137269487
9.857684034961885	22.55319005221135	0.4854756902008071	0.5075413220498953	-0.028942268328577075	0.0029147563570369496	0.0026407187836412827
9.872666132317017	22.56105191285707	0.4810289023340184	0.5076341487424495	-0.028861785432986606	0.0027848010501623317	0.0024144868677141145
9.88768567580072	22.568848548219965	0.4765931461914778	0.5077223622305321	-0.028788670195014927	0.0026464049108508338	0.002193457139150251
9.902742159808792	22.576579866529535	0.47216734932540866	0.5078057072665547	-0.028722706270758614	0.002500351343429099	0.0019789177276894913
9.917835079886206	22.584245760704775	0.46775047631269345	0.5078839544984612	-0.028663645514602244	0.002347417213985052	0.001771822684691177
9.932963932882172	22.59184610928734	0.4633415327512942	0.5079568997639913	-0.028611217670451904	0.002188358216247972	0.001572835324510226
9.948128217080102	22.599380777409127	0.458939567881203	0.5080243633357586	-0.028565138701270542	0.002023907396509048	0.001382369075440645
9.963327432306743	22.606849617772927	0.45454367603240403	0.5080861888178357	-0.028525117837553415	0.0018547646984881426	0.0012006259115140256
9.978561080022345	22.614252471627587	0.4501529970897948	0.5081422419759011	-0.028490863434359023	0.0016815949704017377	0.0010276320958317675
9.993828663395075	22.62158916972332	0.4457667161513451	0.5081924094293074	-0.028462087719107215	0.0015050238224871505	0.0008632714575543157
10.009129687361265	22.628859533235246	0.44138406254330803	0.5082365972810475	-0.0284385105151532	0.0013256357639420005	0.0007073161186204514
10.024463658673696	22.63606337464663	0.43700430834325066	0.5082747297466687	-0.028419862022826717	0.001143974171466199	0.0005594547697945616
10.03983008593915	22.64320049858543	0.4326267665498891	0.508306747740138	-0.0284058847324731	0.0009605399976248556	0.0004193187106084215
10.055228479646347	22.65027070261046	0.42825078902693686	0.5083326075283473	-0.028396334547521822	0.0007757938302401211	0.00028650554853830386
10.070658352185292	22.657273777945324	0.42387576433728996	0.5083522793950559	-0.02839098118081089	0.0005901561754026402	0.0001606010013279468
10.086119217857973	22.664209510160127	0.41950111557394026	0.5083657463564308	-0.028389607892993038	0.0004040090053433305	4.1198634535645904e-05
10.101610592880666	22.671077679802874	0.4151262982841628	0.5083730029565727	-0.028392010629607865	0.00021769815810518942	-7.208209844479472e-05
10.117131995377854	22.67787806298391	0.4107507985748537	0.5083740541273222	-0.02839799661299043	3.153526593494883e-05	-0.00017957950147712255
10.132682945366987	22.684610431918067	0.40637413147874085	0.5083689141129814	-0.028407382439901905	-0.00015420029723156657	-0.00028157480734422715
10.148262964731911	22.69127455542983	0.40199583965393937	0.5083576053893826	-0.02841999173194406	-0.00033926158503424435	-0.00037827876126450804
10.163871577186136	22.69787019942947	0.3976154924815998	0.508340157884692	-0.02843565237817231	-0.0005234250277944333	-0.0004698193868473942
10.179508308224282	22.704397127368043	0.3932326856201078	0.5083166080205072	-0.02845419342095497	-0.0007064958225331496	-0.0005562312834798837
10.195172685057154	22.710855100678682	0.3888470410685995	0.5082869978741691	-0.02847544161686066	-0.0008883042968737497	-0.0006374458771707628
10.210864236529321	22.717243879214212	0.3844582077858912	0.5082513743908554	-0.028499217713002744	-0.001068704415627365	-0.0007132828842625787
10.226582493015954	22.723563221690767	0.38006586290508826	0.5082097885760024	-0.028525332480402375	-0.001247574370840532	-0.0007834430219888394
10.242326986295977	22.729812886147894	0.375669713577883	0.5081622947519703	-0.02855358254137789	-0.0014248146545912793	-0.0008475018292654931
10.25809724940089	22.735992630437142	0.37126949947562365	0.5081089499375914	-0.02858374603397946	-0.0016003443730023762	-0.0009049047780469058
10.27389281643404	22.74210221274957	0.3668649959682153	0.508049812979196	-0.028615578164195226	-0.0017741087010521553	-0.0009549639064729342
10.289713222354305	22.748141392192668	0.3624560179947387	0.5079849437427097	-0.028648806689885644	-0.001946077050810564	-0.0009968557707126164
10.305558002720588	22.75410992942842	0.35804242463087593	0.5079144021909313	-0.028683127397354586	-0.0021162465157635174	-0.0010296212240683918
10.32142669339688	22.760007587385317	0.3536241243481583	0.5078382477180746	-0.028718199627498824	-0.0022846341538307405	-0.0010521669043272249
10.337318830212876	22.76583413205528	0.349201080950641	0.5077565380341691	-0.028753641933983116	-0.002451290490504884	-0.001063269194528755
10.353233948571406	22.771589333384537	0.3447733201636291	0.5076693280379122	-0.028789027947296503	-0.0026162998655877776	-0.001061580399401681
10.369171583002677	22.777272966270473	0.3403409368340339	0.5075766687708514	-0.028823882535019905	-0.0027797779936496155	-0.001045637631702192
10.385131266663757	22.782884811674723	0.33590410268706394	0.5074786062134397	-0.028857678368374634	-0.0029418767076659948	-0.001013875000641748
10.40111253077727	22.788424657860162	0.33146307456794455	0.507375179843859	-0.02888983301036438	-0.0031027910757040426	-0.0009646392596923128
10.417114904007063	22.793892301759456	0.32701820307767515	0.5072664212312893	-0.02891970665482655	-0.0032627583678270077	-0.0008962093338650047
10.433137911773239	22.79928755048249	0.3225699414895233	0.507152352639325	-0.02894660066304597	-0.0034220577517431513	-0.0008068202465828117
10.449181075504834	22.804610222966325	0.31811885481025953	0.5070329853465403	-0.028969757064928558	-0.0035810187780644324	-0.000694692056477523
10.465243911830981	22.80986015176963	0.3136656288235878	0.5069083180875534	-0.028988359197916463	-0.003740017765467075	-0.0005580639896371072
10.481325931717421	22.815037185012187	0.30921107892350375	0.5067783355274843	-0.02900153368079888	-0.0038994767990370195	-0.00039523448647234554
10.497426639552565	22.82014118845546	0.3047561585147517	0.506643006629647	-0.02900835393857201	-0.00405986693291744	-0.00020460773319393654
10.513545532192284	22.825172047717444	0.30030196672297954	0.5065022833019793	-0.029007845501741868	-0.004221699828459629	1.5253104904327098e-05
10.529682097976822	22.830129670611242	0.2958497551203903	0.5063560991356185	-0.028998993329368495	-0.004385524989744043	0.0002655651712010767
10.545835815733534	22.835013989591	0.29140093313429527	0.5062043683728298	-0.028980751415928187	-0.00455192288292209	0.0005472574032092017
10.562006153786362	22.839824964284823	0.286957071764236	0.5060469853521845	-0.02895205495223883	-0.004721490618876049	0.0008608939106808255
10.578192568995892	22.844562584087317	0.28251990519075576	0.5058838242928423	-0.02891183533015963	-0.004894831779952759	0.0012065886623761817
10.594394505691566	22.849226870709252	0.2780913262493782	0.5057147290212545	-0.028859085379756084	-0.005072858147441295	0.0015824985121063583
10.610611394502227	22.853817880550118	0.27367337418188503	0.5055395109919407	-0.02879289530976819	-0.005256540879279832	0.001985702099636929
10.626842651542201	22.858335706951376	0.2692682229595122	0.5053579666555614	-0.02871240833653368	-0.00544633009128732	0.0024146091970352855
10.643087678129227	22.862780482433212	0.26487817311249046	0.5051698877212908	-0.02861681762641734	-0.005642368028058559	0.002867721303490128
10.659345860801581	22.86715238084358	0.2605056405469344	0.5049750642601778	-0.02850540776882179	-0.005844703833354155	0.0033422957278665274
10.67561657156316	22.871451619300284	0.25615313869260786	0.5047732893430787	-0.02837759990388314	-0.006053247512949426	0.0038342359481595995
10.691899168432284	22.875678459820794	0.25182325340427875	0.5045643654400307	-0.028233000797171993	-0.006267717091426334	0.00433797320133442
10.708192996376866	22.879833210524794	0.24751860999985356	0.5043481128349653	-0.02807145612424289	-0.006487578151953551	0.004846340187873002
10.72449738872654	22.88391622628427	0.24324183178512032	0.5041243803386118	-0.02789310818552232	-0.006711974890599215	0.005350438161617053
10.740811669160937	22.887927908685338	0.23899548938972778	0.5038930586115211	-0.0276984582164257	-0.006939651812724477	0.005839499072898586
10.757135154383215	22.891868705155368	0.23478204022393312	0.503654096459818	-0.0274884333878318	-0.00716886455109168	0.006300744857816973
10.773467157599393	22.895739107098496	0.2306037573625834	0.5034075205184634	-0.02726445850776051	-0.007397278240634646	0.006719246402138831
10.789806992937459	22.899539646872316	0.22646264717367035	0.5031534588117326	-0.02702853233503551	-0.007621851201922573	0.007077785181749981
10.80615398095633	22.903270893429323	0.22236035503538165	0.5028921687812212	-0.026783308298998578	-0.007838700915337029	0.0073567210811080926
10.822507455414426	22.906933446438416	0.21829805852949985	0.5026240704954368	-0.026532179285392046	-0.00804294857353482	0.007533870408195995
10.8388667714917	22.91052792869499	0.21427634756161623	0.5023497859121016	-0.026279365996829895	-0.008228537500054181	0.007584398656864522
10.85523131568874	22.91405497662326	0.21029509094084525	0.5020701852681086	-0.026030008225969993	-0.008388019319783115	0.007480733125797052
10.871600517663394	22.91751522867168	0.2063532890538758	0.5017864419130709	-0.025790258191429605	-0.008512300651133713	0.007192501036211757
10.887973864310624	22.92090931140185	0.2024489123897763	0.501500097198308	-0.02556737488025159	-0.00859034144287944	0.00668649933534049
10.904350916446687	22.924237823073142	0.19857872581139063	0.5012131373804553	-0.025369818117458802	-0.008608794535579764	0.005926702883783612
10.92073132852573	22.927501314529326	0.19473809862336453	0.5009280848982172	-0.02520734084404762	-0.008551574467140931	0.004874318202335273
10.937114871896906	22.930700267199086	0.19092080065089903	0.5006481068278387	-0.025091077831336964	-0.008399342111353729	0.003487890381319741
10.95350146220444	22.93383506802833	0.187118784709901	0.5003771438067788	-0.02503362879385103	-0.008128890631800062	0.0017234711245782582
10.969891191641882	22.936905981167275	0.18332195600795634	0.5001200632168653	-0.02504913358755702	-0.007712417697403662	-0.0004651438111798836
10.986284367014337	22.93991311632043	0.17951794017864878	0.4998828488408897	-0.025153191032434984	-0.007116431279270375	-0.0031217233463389188
11.002681554180343	22.942856393556028	0.1756918160396088	0.4996727919801021	-0.025363368808833345	-0.006301705823626987	-0.006305333291950938
11.019083745801545	22.945735524005325	0.17182581943361064	0.4995058002263977	-0.025698658924589845	-0.005009752611133569	-0.010058703472694922
11.035492283879208	22.94854994087051	0.16789910463446933	0.49938414017623145	-0.02617995762786472	-0.003649801504986643	-0.014438961098246316
11.051908816775818	22.951298733173203	0.1638874786378659	0.49932083079550216	-0.02682976586042104	-0.0018992814218780332	-0.019494246976689587
11.068335323782671	22.953981514811357	0.15992825832932048	0.49932831804392197	-0.02549069245186958	0.00022461745259253645	0.04017220225654385
11.08477334499541	22.956601953197623	0.15632188259732352	0.49940685406482893	-0.02216477677762176	0.0023560806272094914	0.09977747022743466
11.101223625284002	22.959167685865168	0.15320097441219088	0.49954347177837355	-0.019068764195628883	0.004098531406338085	0.09288037745978622
11.117686470310982	22.961686615922023	0.15053009879292478	0.49972305234340364	-0.016209160202567085	0.005387416950902008	0.08578811979185394
11.134161862229043	22.96416598936947	0.14827336183270545	0.4999315979499251	-0.013588019202649473	0.006256368195644521	0.07863422999752837
11.15064948673922	22.966612403306716	0.14639495609128067	0.5001566117458005	-0.01120364684423659	0.0067504142542188054	0.07153117075238652
11.167148770224209	22.96903182146383	0.1448596197137278	0.5003872309281864	-0.009051242632457542	0.006918576457434612	0.06457212635337141
11.183658923884412	22.971429595709367	0.1436330187985623	0.5006144221609657	-0.007123475975222654	0.006815738569875965	0.05783299971704669
11.20017899240819	22.97381049244737	0.14268206143636977	0.5008309713984944	-0.005411000152023332	0.006496479224773197	0.051374274695979674
11.21670790050422	22.976178722220446	0.14197513198073297	0.5010312829769563	-0.0039031547683471488	0.006009349828022834	0.04523536151028554
11.233244498966254	22.97853797213257	0.14148231289808574	0.5012114802985932	-0.0025875552282081014	0.005405922343541868	0.03946798620417144
11.249787605584785	22.98089144074968	0.14117554660732326	0.5013689385009367	-0.0014513913183510265	0.004723748815717881	0.034084917295712246
11.266336037442754	22.983241873333366	0.14102870756907482	0.5015021753368263	-0.00048137710650701264	0.003997107733830691	0.029100426355320418
11.28288863895857	22.985591597689726	0.141017660623653	0.5016106585122868	0.0003359804787665359	0.0032544977345548964	0.02452072755820646
11.299444304367045	22.987942560053487	0.14112028299859597	0.5016946255536204	0.001014153059068011	0.0025190134679848914	0.020345177409044256
11.316001995041958	22.99029636054748	0.141316454731356	0.5017549214103618	0.0015663994752604285	0.001808877665860455	0.016567392485772516
11.332560752158827	22.99265428781195	0.1415880221680212	0.5017928531382649	0.0020056085874431673	0.0011379535413233296	0.013176273365482173
11.349119705245975	22.995017352455935	0.1419187390178063	0.5018100642518045	0.0023441730586467925	0.0005163348716201801	0.010156934136108747
11.36567807720028	22.99738631904458	0.14229418919813927	0.5018084269486404	0.0025938910200151073	-4.911784308910807e-05	0.007491538841049456
11.382235186286174	22.999761736388418	0.14270169540607047	0.5017899497436196	0.0027658925730072123	-0.0005543150861398751	0.0051600465897631426
11.398790445589842	23.002143965955185	0.14313021701244102	0.5017566995499312	0.0028705881901035786	-0.000997504906242838	0.0031408685128909712
11.415343360465782	23.00453320829288	0.14357024051420716	0.501710742679564	0.002917636202506599	-0.0013787053463420829	0.0014114403720906252
11.431893524411539	23.006929527393606	0.14401366540536586	0.5016540938395802	0.0029159267439404658	-0.0016994645567571837	-5.1283756984019566e-05
11.44844061372088	23.009332872965718	0.14445368795167512	0.5015886786664755	0.0028735796672693294	-0.001962454656630562	-0.0012704123001341019
11.464984381314036	23.011743100633222	0.14488468499219148	0.5015163070935068	0.002797954158958289	-0.0021711467468274936	-0.002268765249331223
11.481524650023905	23.01415999010248	0.145302099542953	0.5014386529667005	0.002695667967670257	-0.002329623443599103	-0.003068585738640963
11.498061305615316	23.01658326136837	0.14570232965589627	0.5013572444155082	0.0025726243540099675	-0.002442256246961285	-0.003691308409808677
11.514594289744233	23.019012589048057	0.14608262168968397	0.5012734562728618	0.002434045079200682	-0.002513644051688239	-0.004157378244278553
11.531123593018792	23.021447614944822	0.14644096888202685	0.501188510609979	0.002284507919524044	-0.0025483697107578688	-0.004486114790299139
11.547649248308538	23.023887958957793	0.14677601587662029	0.5011034784642623	0.0021279873972226285	-0.002550964238434746	-0.004695615669042478
11.564171324386802	23.026333228455616	0.14708696965013598	0.5010192860531648	0.001967897574396384	-0.002525772234570522	-0.0048026946847873255
11.580689919984774	23.02878302623852	0.14737351710643584	0.5009367218715195	0.001807135929211068	-0.002476925378213931	-0.004822849355559468
11.597205158293903	23.031236957211092	0.14763574945329425	0.500856445807122	0.0016481274769942044	-0.0024082818817748727	-0.004770253566505909
11.613717181964468	23.033694633878692	0.14787409118777475	0.5007789997686848	0.0014928399346428756	-0.0023233811176211093	-0.004658626270539866
11.630226148544805	23.036155680768196	0.1480892407668757	0.5007048141342879	0.0013429211515628807	-0.002225569008192111	-0.004497563492399847
11.646732226400479	23.03861973799761	0.14828211690816312	0.500634222486537	0.001199634590302013	-0.0021177494171059326	-0.004298596837826036
11.663235591146085	23.041086463986357	0.1484538060662773	0.5005674697693471	0.0010639381881390264	-0.002002581505924577	-0.004070892064889594
11.679736422499177	23.043555537419895	0.1486055187901393	0.5005047225301351	0.0009365215535308411	-0.0018824171703169636	-0.0038224990382455595
11.69623490155828	23.04602665858454	0.14873855160846558	0.5004460781329721	0.0008178408268642065	-0.0017593319112662546	-0.0035604217999990395
11.712731208469474	23.048499550159274	0.1488542540679164	0.5003915736051854	0.0007081510972157599	-0.0016351358315016091	-0.0032906918894533934
11.729225520455161	23.050973957545764	0.14895400053549207	0.5003411939693558	0.0006075363009494762	-0.0015113890737046684	-0.0030184438879885113
11.745718010176525	23.053449648810638	0.1490391663708518	0.5002948800463	0.0005159365806894805	-0.001389417691034749	-0.0027479916077998686
11.762208844400197	23.05592641430682	0.1491111080756304	0.500252535627073	0.0004331731248031685	-0.0012703325764713306	-0.002482903676589361
11.7786981829392	23.058404066033834	0.1491711470337322	0.5002140340419992	0.0003589705377987954	-0.0011550475520412957	-0.002226077610131194
11.7951861778389	23.06088243679044	0.14922055646784407	0.5001792240900784	0.0002929768197795614	-0.001044298557517741	-0.00197981154057702
11.811672972782073	23.063361379167116	0.14926055125227064	0.5001479355097073	0.00023478105423148263	-0.0009386574110604607	-0.0017458729664423652
11.828158702686839	23.06584076441971	0.1492922802400417	0.5001199837447567	0.00018392892386540758	-0.0008385529484685817	-0.001525563910982252
11.844643493470741	23.068320481259786	0.1493168207815917	0.5000951741668518	0.00013993617575724172	-0.0007442873371223937	-0.0013197824432449742
11.861127461958777	23.07080043459267	0.1493351751332173	0.5000733058205976	0.00010230017816343936	-0.0006560503876069745	-0.001129079927814071
11.877610715914672	23.07328054422927	0.1493482684752351	0.500054174672492	7.050970340824872e-05	-0.0005739344431579963	-0.000953714242655719
11.894093354175812	23.07576074359352	0.14935694828144241	0.5000375764028687	4.4053080759368126e-05	-0.0004979480886922197	-0.0007936986794664182
11.910575466873958	23.078240978443244	0.14936198480390442	0.500023308772257	2.2424865328362812e-05	-0.0004280289183509761	-0.0006488464629301593
11.927057135725661	23.08072120561881	0.14936407245838915	0.5000111735967326	5.131153715365482e-06	-0.00036405526572828265	-0.00051881134838992
11.94353843437791	23.083201391830663	0.14936383191700792	0.5000009783674865	-8.306307031320857e-06	-0.00030585687738314576	-0.00040312382240059025
11.960019428796162	23.085681512494084	0.14936181273516616	0.49999253754691725	-1.834709435438702e-05	-0.000253224617077605	-0.00030122361969198494
11.976500177683668	23.08816155061706	0.14935849635915702	0.49998567358815565	-2.5430039021398243e-05	-0.00020591876284992058	-0.0002124883400103365
11.992980732922184	23.090641495744762	0.14935429937951392	0.4999802176819927	-2.9971990208719756e-05	-0.00016367718488743564	-0.00013625853561964528
12.009461140025468	23.09312134296248	0.14934957691153736	0.49997601028463867	-3.236731914118415e-05	-0.0001262219206200624	-7.185986797393192e-05
12.025941438598522	23.095601091956965	0.14934462600315165	0.499972901450189	-3.298801106246881e-05	-9.326503348944984e-05	-1.862075763853954e-05
12.042421662796587	23.0980807461351	0.14933968898670283	0.4999707509941505	-3.218427776388464e-05	-6.451368115377192e-05	2.4111998957524797e-05
12.058901841778967	23.10056031179738	0.14933495670405691	0.49996942851426285	-3.0285589284428744e-05	-3.9674396629609385e-05	5.696065438367694e-05
12.075382000153795	23.103039797363028	0.1493305715484397	0.4999688132928151	-2.7602039332805263e-05	-1.845664343119667e-05	8.050649854870439e-05
12.091862158410667	23.105519212642704	0.14932663027908208	0.4999687941025592	-2.4425962318850597e-05	-5.757076786586244e-07	9.528231041864003e-05
12.108342333338967	23.10799856815441	0.1493231865766038	0.4999692689371967	-2.1033726558860723e-05	1.4245039123969924e-05	0.0001017670727996962
12.124822538430323	23.1104778744777	0.14932025331808887	0.4999701446838969	-1.768763279738646e-05	2.6272401005100465e-05	0.00010038281284422796
12.141302784264324	23.11295714164124	0.14931780456131874	0.49997133675534666	-1.4637849418326111e-05	3.576214349193447e-05	9.14935013718104e-05
12.15778307887711	23.115436378538813	0.1493157772375772	0.4999727686961098	-1.2124321027810319e-05	4.295822289165806e-05	7.540585171547373e-05
12.17426342811294	23.117915592368774	0.14931407256176288	0.49997437177625065	-1.0378590146020776e-05	4.80924042246318e-05	5.237192645368627e-05
12.190743835959179	23.120394788092558	0.14931255717768727	0.4999760845838685	-9.625471155565541e-06	5.138422853566164e-05	2.2593569713656997e-05
12.207224304865463	23.122873967907985	0.1493110640649535	0.4999778526261201	-1.0084524556014057e-05	5.304126754962614e-05	-1.3771602013455494e-05
12.223704836047997	23.125353130733853	0.1493093932421353	0.4999796279462485	-1.1971273327003813e-05	5.325960385190068e-05	-5.6602463129692716e-05
12.240185429780063	23.127832271702868	0.14930731230938696	0.4999813687634064	-1.5498108298979322e-05	5.222451473583711e-05	-0.0001058050491592653
12.256666085669893	23.13031138166078	0.1493045568816748	0.49998303913994274	-2.0874829092651308e-05	5.011129609029502e-05	-0.00016130162381015965
12.273146802927076	23.13279044667063	0.1493008309718884	0.4999846086790337	-2.8308767385066686e-05	4.708617272802386e-05	-0.0002230181487724614
12.289627580618506	23.135269447521882	0.14929580739111864	0.4999860522543189	-3.800443965310629e-05	4.330725855451391e-05	-0.00029087016804118826
12.306108417914801	23.137748359245574	0.149289128241522	0.4999873497713961	-5.016267477284234e-05	3.892551231676538e-05	-0.0003647470535920816
12.322589314327866	23.14022715063781	0.1492804055852054	0.4999884859596632	-6.497916518365339e-05	3.4085648013856804e-05	-0.00044449471232433193
12.339070269939917	23.142705783795364	0.14926922238058055	0.49998945019126545	-8.264238701499525e-05	2.8926948067215097e-05	-0.0005298966549402553
12.35555128562403	23.14518421366877	0.1492551337857663	0.4999902363219778	-0.00010333083633386497	2.3583921371949417e-05	-0.0006206534795660915
12.372032363255665	23.147662387639883	0.1492376689365642	0.4999908425479354	-0.00012720952936122394	1.818677872705091e-05	-0.0007163607908207683
12.388513505914272	23.15014024513274	0.14921633331432677	0.49999127127003434	-0.00015442571578374475	1.2861662967564874e-05	-0.000816485592675624
12.404994718073329	23.152617717268395	0.14919061182656695	0.4999915289563271	-0.0001851037565522123	7.730588780590427e-06	-0.0009203412230540275
12.421476005776643	23.155094726576582	0.14915997273028225	0.49999162599115876	-0.00021933912060778717	2.91104494997257e-06	-0.0010270609216672464
12.43795737679793	23.157571186779034	0.1491238725345204	0.4999915764982734	-0.00025719145952590624	-1.4847865609970612e-06	-0.0011355701675435713
12.454438840779924	23.160047002661532	0.14908176202448775	0.49999139812381455	-0.00029867672484413187	-5.351233767445861e-06	-0.0012445579595467683
12.47092040934848	23.162522070054283	0.14903309355426386	0.4999911117638975	-0.0003437583004702349	-8.59079751182819e-06	-0.0013524472687830894
12.487402096196185	23.164996275942233	0.14897732975866268	0.49999074122054765	-0.00039233713201888333	-1.1116300494286433e-05	-0.0014573649464594501
12.503883917129158	23.167469498729712	0.14891395383665604	0.4999903127694951	-0.0004442408467166937	-1.2853531575699796e-05	-0.0015571114409343124
12.52036589006984	23.16994160868601	0.14884248155869104	0.4999898546233057	-0.0004992118717245428	-1.3744385684588165e-05	-0.0016491307502354714
12.536848035007631	23.17241246860098	0.14876247514779792	0.4999893962743328	-0.0005568945756837193	-1.3750469186979052e-05	-0.0017304811187752933
12.553330373888572	23.174881934682176	0.14867355917913472	0.49998896770378676	-0.0006168214786836499	-1.2857116382066892e-05	-0.0017978070899979232
12.569812930338282	23.177349858200902	0.14857552552809578	0.49998859694738745	-0.0006772515744968329	-1.112269197821464e-05	-0.0018129028743954928
12.586295729022813	23.179816089138633	0.14846840122949675	0.4999883087880815	-0.0007368215936655493	-8.644779179361264e-06	-0.001787100575061492
12.602778795138132	23.182280479224612	0.14835232605801318	0.4999881282004325	-0.0007954064771480526	-5.417629469621039e-06	-0.001757546504475105
12.61926215418713	23.18474288288979	0.14822748396540297	0.49998807539350637	-0.0008525479883107074	-1.5842077830601232e-06	-0.0017142453348796436
12.635745831637466	23.18720315838359	0.14809415332188505	0.49998816509118305	-0.000907457866616333	2.690930300931772e-06	-0.0016472963491687709
12.652229852427103	23.18966116971115	0.14795275677257524	0.49998840541090556	-0.0009590197685115073	7.2095916750635765e-06	-0.0015468570568552284
12.668714240307906	23.192116789384592	0.1478039108797548	0.49998879646626704	-0.0010057901721594678	1.17316608441439e-05	-0.0014031121094388165
12.685199017021445	23.194569901985155	0.14764847568746395	0.499989328808574	-0.001045998521185405	1.5970269206536645e-05	-0.0012062504707781132
12.701684201304932	23.19702040853552	0.14748760429624205	0.4999899818409124	-0.001077546972686913	1.9590970151760637e-05	-0.0009464535450452353
12.718169807729915	23.199468231683248	0.14732279247347124	0.49999072235639935	-0.0010980102038088324	2.221546460823807e-05	-0.0006138969336575772
12.73465584538155	23.20191332169688	0.1471559282486806	0.49999150337228543	-0.0011046358215947099	2.3430476583835104e-05	-0.00019876853357632084
12.75114231639238	23.20435566327553	0.14698934135303804	0.4999922634521759	-0.0010943460138405493	2.280239671470983e-05	0.00030869423262481105
12.767629214351372	23.206795283170525	0.1468258522577701	0.4999929267280047	-0.0010637411736058632	1.9898274862481596e-05	0.0009181452070405736
12.784116522616403	23.209232258613508	0.1466688204472571	0.49999340385103025	-0.0010091063257720366	1.4313690765626316e-05	0.0016390454350147998
12.800604212566515	23.211666726539267	0.14652219142912085	0.4999935941119687	-0.0009264212793278534	5.707828152992768e-06	0.0024805513933255003
12.81709224183849	23.214098893583134	0.14639054183607295	0.4999933889725039	-0.0008113755225501338	-6.154183942277621e-06	0.0034513727033315803
12.833580552600596	23.21652904682147	0.1462791218132141	0.4999926772406257	-0.0006593889685103823	-2.1351956347073703e-05	0.004559596621192546
12.850069069923984	23.218957565209898	0.1461938937107049	0.49999135209636975	-0.00046563974432954234	-3.975432767978294e-05	0.005812476725425196
12.866557700318298	23.22138493165653	0.14614156591634744	0.49998932010381797	-0.00022510029799593947	-6.095977655437848e-05	0.0072161833900080885
12.883046330502014	23.223811745646916	0.1461296204669663	0.49998651228637536	6.741683050142499e-05	-8.423452328003452e-05	0.008775513854920935
12.899534826478925	23.226238736312922	0.14616633287310626	0.49998289721379285	0.0004172021622743308	-0.00010845217747389957	0.010493559953187175
12.91602303298794	23.228666775809515	0.1462607823802469	0.49997849586542614	0.0008295798921254316	-0.00013204045099980935	0.012371331895533026
12.93251077338288	23.231096892830724	0.14642285067341104	0.4999733978303636	0.0013098244553514113	-0.00015294105187802897	0.014407336896779392
12.948997849980936	23.233530286059047	0.14666320681248576	0.4999677781320244	0.0018630615159701057	-0.00016859095017708522	0.016597111818560835
12.965484044890024	23.235968337300775	0.14699327596517087	0.4999619135864821	0.0024941518434461827	-0.0001759363662674612	0.018932709824282315
12.981969121285774	23.238412624012774	0.14742518928533316	0.49995619726080226	0.003207556562727486	-0.00017148977039481905	0.02140214157843909
12.998452825056688	23.24086493087425	0.1479717120661723	0.4999511491019849	0.0040071822845031526	-0.00015144476452057972	0.02398877165327001
13.014934886668474	23.243327259998964	0.14864614708190743	0.49994742027632155	0.004896204708913137	-0.00011186476989920953	0.026670672732299523
13.031415023015748	23.245801839319004	0.14946220981975822	0.49994578822173474	0.005876869391063405	-4.8961637604554055e-05	0.029419940464508035
13.0478930046592	23.248290677504006	0.1503518097405535	0.4999469891927631	0.005866973811375333	3.60291308515656e-05	-0.00029686739064217787
13.064368917774672	23.250793758981665	0.15116426828602778	0.499951067041622	0.004858470033730315	0.0001223354657663237	-0.030255113329350592
13.080843148697356	23.253309033064234	0.1518311982577843	0.49995734619467763	0.003945756376913725	0.00018837459166929618	-0.027381409704497713
13.097316097852458	23.25583422898752	0.15236690871844413	0.4999650658299195	0.003126142640330671	0.00023158905725603616	-0.02458841209749162
13.113788110693118	23.258367304973586	0.15278523062263352	0.49997356541586363	0.0023960331751762738	0.00025498757832346467	-0.021903283954631925
13.130259481307329	23.260906439603016	0.1530993961269629	0.4999822960270648	0.0017511303212375757	0.00026191833603589365	-0.01934708561816094
13.146730456791094	23.263450021550295	0.1533219465866346	0.49999082224268254	0.0011866141317388112	0.0002557864685332217	-0.016935485684962937
13.163201242002476	23.265996638067325	0.15346466580499865	0.49999881668612706	0.000697299779221218	0.00023983330333615543	-0.014679430575527798
13.179672004397066	23.26854506255839	0.15353853530425424	0.5000060497997448	0.00027777378573043404	0.00021699340857662152	-0.012585779804723524
13.196142878731184	23.27109424155172	0.1535537085371164	0.5000123768268313	-7.749005601198389e-05	0.00018981081288304584	-0.01065791525227254
13.212613971500257	23.273643281338483	0.15351950146525814	0.5000177242982994	-0.0003740291617124569	0.0001604241449809942	-0.008896173171014191
13.229085365023934	23.27619143451742	0.15344439686049605	0.50002207577734	-0.0006173117267378258	0.00013054437348029337	-0.007298476950761068
13.245557121127161	23.27873808664399	0.153336059861689	0.5000254587082887	-0.000812668215623723	0.00010148793298980668	-0.005860694666576914
13.2620292844091	23.28128274315596	0.15320136284668018	0.5000279325373589	-0.0009652368603176595	7.421488003903331e-05	-0.0045770593408180965
13.278501885105516	23.283825016716452	0.15304641767068508	0.5000295782188842	-0.0010799210661913761	4.937045838181662e-05	-0.003440526176211504
13.294974941565858	23.286364615087862	0.15287661357900054	0.5000304894395777	-0.0011613573514429214	2.733663946777459e-05	-0.0024430885575463593
13.311448462378868	23.288901329625375	0.15269665929930057	0.5000307655521666	-0.0012138925225079582	8.28340360273634e-06	-0.0015760551319510987
13.327922448180551	23.29143502445519	0.152510628003763	0.5000305058442953	-0.001241568897476723	-7.79120179464978e-06	-0.0008302912490629434
13.344396893180006	23.29396562638229	0.1523220040066694	0.5000298052944185	-0.0012481164238107197	-2.1016452615550352e-05	-0.00019642579001989783
13.360871786446365	23.296493115555837	0.15213373022892224	0.5000287518550828	-0.0012369506410958258	-3.1603126432177406e-05	0.00033497348144680665
13.377347114957706	23.299017517207595	0.15194825605482262	0.500027543854792	-0.0012111694050866342	-3.6240008725331396e-05	0.0007734370802757503
13.393822862774218	23.30153889359527	0.15176758366398088	0.5000261450672896	-0.0011735769715190125	-4.196362507326251e-05	0.0011277730070286423
13.410299009910112	23.304057336664982	0.15159331299490011	0.5000246188003444	-0.0011266780519189057	-4.5788008357291655e-05	0.001406967588003203
13.426775534788307	23.30657296201805	0.15142668576095827	0.5000230185842703	-0.001072695747750583	-4.800648222185931e-05	0.0016194691250496726
13.443252414787779	23.309085903306467	0.15126862701431687	0.5000213886561136	-0.0010135862724083484	-4.889784469855715e-05	0.0017732842602670405
13.45972962670322	23.311596307296792	0.1511197843715768	0.5000197646826566	-0.0009510550937632058	-4.87192037027283e-05	0.0018759353593542794
13.476207147130507	23.314104329563452	0.1509805647217856	0.5000181746251409	-0.0008865740131503285	-4.7701725473161155e-05	0.0019344324183863208
13.492684952788924	23.316610130769643	0.15085116830535086	0.5000166396699559	-0.0008213987727485993	-4.6048655544547516e-05	0.0019552572120518736
13.509163020789044	23.31911387349222	0.15073162010994118	0.500015175167606	-0.0007565868436638804	-4.393507050191823e-05	0.0019443578725415673
13.525641328853508	23.321615719546287	0.15062179857814006	0.5000137915380702	-0.0006930151022586162	-4.1508886070060053e-05	0.0019071522421579242
13.542119855496548	23.32411582776524	0.15052146166222788	0.5000124951138666	-0.0006313971527731123	-3.8892726107009866e-05	0.00184853848456512
13.55859858016716	23.326614352192767	0.15043027029476572	0.5000112889030429	-0.0005723000995207197	-3.618632470589385e-05	0.0017729115975717773
13.575077483359951	23.32911144064455	0.15034780937039513	0.500010173262672	-0.0005161606128181787	-3.346921112146933e-05	0.0016841846010762303
13.59155654669716	23.33160723359923	0.1502736063551466	0.5000091464803109	-0.0004633001689056983	-3.080347083533864e-05	0.0015858133173744123
13.608035752984904	23.334101863380067	0.1502071476552538	0.500008205265066	-0.0004139393761189117	-2.823645734499583e-05	0.001480823783603598
13.624515086246422	23.336595453591205	0.1501478928886328	0.5000073451541464	-0.0003682113273843528	-2.5803327585048975e-05	0.0013718414620367658
13.640994531734757	23.339088118774757	0.15009528720939894	0.5000065608413105	-0.00032617394338948163	-2.3529385078685225e-05	0.001261121519846137
13.657474075927256	23.341579964257548	0.15004877183960702	0.5000058464370436	-0.00028782129135473646	-2.1432128001098694e-05	0.0011505795610423546
13.67395370650406	23.344071086158927	0.15000779296332567	0.5000051956679291	-0.0002530938819391597	-1.9523073436059713e-05	0.0010418222824673017
13.690433412312586	23.346561571533645	0.1499718091366318	0.5000046020251732	-0.0002218879615480353	-1.7809282673138774e-05	0.0009361776117337331
13.706913183320017	23.349051498626334	0.14994029736357997	0.500004058870559	-0.00019406382915719645	-1.629463842264374e-05	0.0008347239717251648
13.723393010555538	23.351540937216626	0.14991275798300469	0.5000035595055514	-0.00016945321690662162	-1.4980950219964686e-05	0.0007383183675172448
13.739872886044031	23.354029949036278	0.14988871850451607	0.5000030972146031	-0.000147865780835628	-1.3868728447705574e-05	0.0006476230821298083
13.756352802732787	23.356518588241958	0.1498677365245113	0.500002665283153	-0.0001290947547594801	-1.2957943505085216e-05	0.0005631307822844361
13.77283275441265	23.35900690192944	0.14984940184471054	0.5000022569990831	-0.00011292182394612912	-1.2248522097092463e-05	0.0004851879244005292
13.789312735634866	23.361494930676916	0.14983333790689277	0.5000018656423306	-9.912127847050284e-05	-1.1740702571271762e-05	0.0004140163642687885
13.80579274162526	23.36398270910664	0.14981920257248343	0.5000014844863342	-8.746450862178903e-05	-1.1434679892530614e-05	0.0003497030954614146
13.822272768195493	23.366470266455558	0.14980668858149204	0.5000011066925424	-7.771974283827407e-05	-1.1333813755431178e-05	0.00029234297350544863
13.838752811652727	23.36895762715119	0.149795523599448	0.5000007253593614	-6.965774884739169e-05	-1.1439995435075368e-05	0.00024185981972647087
13.855232868709718	23.37144481138323	0.14978546977791837	0.500000333454786	-6.30525537702736e-05	-1.1757137259140343e-05	0.00019815585231354303
13.87171293639462	23.37393183566645	0.14977632314807213	0.4999999237802653	-5.7682928262156493e-05	-1.2290235621429837e-05	0.00016108876524351324
13.88819301196119	23.376418713391654	0.14976791281586196	0.4999994889225802	-5.333352136730157e-05	-1.3045730554187445e-05	0.00013048220684564764
13.90467309280004	23.378905455361938	0.14976010000755025	0.49999902122608375	-4.9795701351388024e-05	-1.4030894896196744e-05	0.00010613460047740635
13.921153176351465	23.381392070312117	0.14975277700576245	0.49999851276344665	-4.686816005008664e-05	-1.5253879112750645e-05	8.782623903904151e-05
13.93763326001995	23.383878565409752	0.14974586600774872	0.49999795529575086	-4.435733540430334e-05	-1.6724030875171144e-05	7.53247393734991e-05
13.954113341090435	23.386364946736737	0.1497393179295967	0.4999973402424176	-4.207770231222195e-05	-1.8451599997527895e-05	6.838899276244155e-05
13.970593416646727	23.388851219750713	0.14973311117254473	0.49999665865510207	-3.9851981890248465e-05	-2.0447619466596274e-05	6.677161265920467e-05
13.987073483492212	23.391337389725756	0.14972725036016687	0.499995901196349	-3.7511316462106155e-05	-2.2723762592673185e-05	7.021996284426943e-05
14.00355353807319	23.39382346217198	0.14972176504817966	0.49999505812382206	-3.489545560842339e-05	-2.529217581083523e-05	7.8475825610483e-05
14.020033576405016	23.396309443233527	0.14971670840192683	0.4999941192810771	-3.1852996343465427e-05	-2.8165282351055587e-05	9.127377794873872e-05
14.036513594001441	23.398795340064396	0.14971215583022382	0.49999307409591104	-2.824171847058443e-05	-3.1355554981660665e-05	0.00010833833618642976
14.0529935858075	23.401281161181306	0.14970820355818246	0.49999191158737577	-2.392905410120685e-05	-3.4875256058887215e-05	0.00012937993108132738
14.069473546136416	23.403766916792396	0.1497049671158907	0.4999906203818714	-1.8792728197526413e-05	-3.873616512976347e-05	0.00015408977711041318
14.085953468611182	23.40625261910029	0.14970257971441706	0.4999891887424441	-1.2721604656743638e-05	-4.2949182822251985e-05	0.0001821337062234833
14.102433346111452	23.408738282577357	0.14970119047552807	0.4999876046095548	-5.616770497778964e-06	-4.7523986678286484e-05	0.0002131450247689403
14.11891317072665	23.411223924210567	0.14970096247677994	0.4999858556558112	2.607111941027854e-06	-5.2468612308139745e-05	0.00024671647316420455
14.135392933716242	23.41370956371261	0.14970207056931842	0.49998392935695624	1.2020157573210338e-05	-5.77889656497035e-05	0.0002823913689654746
14.151872625477964	23.41619522369521	0.14970469892157554	0.49998181305533396	2.267528831561322e-05	-6.348904866975894e-05	0.0003196539222720865
14.168352235526012	23.418680929799784	0.14970903823926052	0.49997949411019926	3.460593070425371e-05	-6.9568354042102e-05	0.0003579192716592147
14.184831752481097	23.421166710780017	0.1497152826089909	0.4999769600217129	4.782335030804439e-05	-7.602265458876782e-05	0.0003965225881137209
14.201311164073223	23.423652598529497	0.14972362590996272	0.49997419857473774	6.23136149884171e-05	-8.284340925213048e-05	0.0004347079404111811
14.217790457159259	23.42613862804708	0.14973425773704374	0.49997119801921397	7.803418143879456e-05	-9.001666571550193e-05	0.00047161699351132476
14.234269617757684	23.428624837331594	0.14974735877801784	0.4999679472795748	9.491010174316677e-05	-9.752218917732388e-05	0.0005062776091311656
14.25074863110293	23.431111267196542	0.14976309558781747	0.4999644361955595	0.00011282985448608744	-0.0001053325204590987	0.0005375925822876202
14.267227481721978	23.433597960994614	0.14978161470392976	0.49996065579973714	0.0001316408134855711	-0.00011341187467041645	0.000564328769984509
14.283706153535967	23.436084964240866	0.14980303604940828	0.49995659861600134	0.00015114437053980175	-0.00012171551207455187	0.0005851067116269201
14.30018462999018	23.438572324122617	0.14982744557427563	0.4999522590356697	0.0001710907530290942	-0.00013018740994942985	0.0005983914746787733
14.31666289421692	23.441060088883585	0.1498548870925718	0.49994763376296864	0.000191173580738584	-0.00013875818103294108	0.0006024848312846952
14.33314092923424	23.443548307068856	0.14988535327802385	0.49994272225002784	0.00021102419286064751	-0.00014734538822264116	0.0005955183636619065
14.349618718184084	23.446037026616786	0.149918775790377	0.49993752722144286	0.00023020583377482873	-0.0001558508575506193	0.0005754492274254361
14.36609624461414	23.448526293783704	0.14995501451484364	0.4999320552355309	0.0002482077464076614	-0.000164159577357169	0.0005400573789849799
14.382573492809973	23.45101615188751	0.149993845919557	0.4999263174698336	0.00026443942044811084	-0.00017213297091841107	0.0004869502212134825
14.399050448182395	23.45350663985617	0.15003495054562022	0.4999203304425567	0.00027822487647699215	-0.00017961081830761595	0.0004135636808664404
14.415527097714095	23.455997790567373	0.1500778996582788	0.4999141169119825	0.00028879728933843486	-0.00018640591722521115	0.00031717238584328176
14.43200343047256	23.45848962896679	0.15012214112264713	0.4999077068938063	0.00029529410878251276	-0.0001923005452845443	0.00019490458332233605
14.44847943819527	23.46098216995348	0.1501669845877285	0.4999011388080916	0.0002967527885035837	-0.00019704257143935404	4.376039163212734e-05
14.464955115954043	23.46347541602276	0.15021158609151497	0.499894460816263	0.00029210739736727694	-0.0002003397548595444	-0.0001393617340892029
14.481430462906038	23.465969354659197	0.1502549322374949	0.49988773234193185	0.00028018633669873723	-0.00020185422993238396	-0.0003576318200561916
14.497905483138739	23.468463955475094	0.15029582412881673	0.49988102580885024	0.0002597114168018657	-0.00020119599244749353	-0.0006142475969061466
14.514380186618611	23.470959167093717	0.15033286128663972	0.49987442873590293	0.00022929857497415424	-0.00019791218842096374	-0.0009123852548313428
14.530854587709022	23.473454912665666	0.15036429594679643	0.49986788515012337	0.00018574578924473136	-0.00019630757338923063	-0.001306583571882687
14.547328707269207	23.475951083756275	0.15038806759406703	0.4998615519862685	0.00012812475213632566	-0.0001899949156458374	-0.0017286311132521713
14.56380257733724	23.478447537702582	0.1504019718472505	0.49985562721289656	5.5463168270738144e-05	-0.00017774320115637022	-0.0021798475159676258
14.58027624257793	23.480944095267734	0.15040363845307864	0.4998503326079285	-3.3457657784144124e-05	-0.00015883814904249532	-0.0026676247816464684
14.59674976156493	23.483440537743604	0.15039049701039178	0.4998459163993396	-0.00014006224885645082	-0.00013248625766548928	-0.003198137732169201
14.613223208239006	23.48593660355172	0.15035974862368637	0.4998426568649998	-0.0002659430272129214	-9.778603019556452e-05	-0.003776423350694118
14.629696673538836	23.488431984440492	0.15030834357186706	0.4998408657461114	-0.00041281852990612816	-5.3733566649995246e-05	-0.004406265080796204
14.646170267184942	23.490926321381036	0.15023296554246066	0.4998408917578614	-0.0005824881211336605	7.803525008504247e-07	-0.00509008773682597
14.662644119604504	23.493419200273834	0.1501300230040976	0.4998431244547094	-0.0007767825346548855	6.698090543863429e-05	-0.005828832405636752
14.679118383993472	23.495910147590013	0.14999564838187313	0.49984799884384545	-0.000997509685069492	0.0001462316740820535	-0.0066218145124381945
14.695593238475608	23.49839862607699	0.14982570579496837	0.49985599825753035	-0.0012463950479056254	0.00023998241054539528	-0.007466560885084007
14.712068888323515	23.500884030672225	0.14961580818727294	0.49986765844985453	-0.0015250163603946721	0.00034980576972738005	-0.008358639374671404
14.728545568213079	23.50336568478383	0.1493613447513037	0.49988357048162213	-0.0018347319733976928	0.00047736095302854825	-0.009291468390090615
14.745023544444718	23.505842837106602	0.1490575196256418	0.49990438267692633	-0.0021766024877114655	0.0006243658591276928	-0.010256115429413199
14.761503117043535	23.50831465915555	0.14869940291940456	0.4999308002113637	-0.002551305114273148	0.0007925260331215318	-0.011241078796850462
14.777984621637227	23.510780243714798	0.14828199509520884	0.49996358309902006	-0.002959041676186015	0.0009834866296893204	-0.01223209685738601
14.794468431038414	23.51323860442355	0.14780030621346646	0.5000035436068292	-0.003399433195662886	0.001198815234541415	-0.01321174558430612
14.810954956353363	23.515688676730846	0.14724945102977113	0.5000515358452547	-0.003871415036011979	0.0014397671566785313	-0.01415945521047279
14.827444647436888	23.51812932046324	0.14662476106858388	0.5001084446082641	-0.004373117089680962	0.0017072628985215796	-0.015051061610069484
14.843937992545074	23.520559324284232	0.1459219153717415	0.5001751683824971	-0.004901737159071684	0.002001713240220993	-0.0158586020817217
14.860435516961674	23.522977412338143	0.14513709114767928	0.5002525969434938	-0.0054534059544051	0.002322856848825168	-0.01655006386000247
14.876937780383688	23.52538225339771	0.1442671356773752	0.5003415835825611	-0.006023043923709275	0.0026695991973586207	-0.017089139079125255
14.89344537284696	23.52777247286096	0.14330976079618735	0.5004429114334431	-0.006604210587405097	0.003039835558712657	-0.017434999910874643
14.909958908964175	23.530146667968623	0.14226376117766396	0.5005572536414092	-0.007188947357757769	0.003430266278445908	-0.017542103110580194
14.926479020273007	23.532503426642872	0.1411292575166617	0.5006851288050245	-0.007767614945621763	0.003836254955163515	-0.017360027635919862
14.943006345541676	23.53484135037966	0.13990796551958493	0.5008268528197491	-0.008328727039143365	0.004251720495429731	-0.01683336280564809
14.95954151894398	23.537159081656633	0.13860349133369382	0.5009824894129838	-0.008858782331845495	0.004669097857087844	-0.01590165878106395
14.976085156096927	23.539455336344492	0.13722165366431663	0.5011518014371098	-0.009342097755051163	0.005079360793017648	-0.014499462696170093
14.992637838153412	23.541728941643722	0.13577083240367166	0.501334212372154	-0.009760645100251921	0.00547232813265423	-0.012556420356022762
15.00920009431524	23.543978880086943	0.13426234299083956	0.5015287785453741	-0.01009389585969116	0.005836985291198188	-0.009997522783177157
15.025772444262003	23.546203878813902	0.13262734810270932	0.5017341343143981	-0.011416922820282541	0.006160673177527573	-0.03969080881774147
15.042355608712867	23.548400610876108	0.1307159357416472	0.5019477965115426	-0.013719665487335529	0.006409866036192995	-0.06908228001158964
15.058950451901392	23.550563719315765	0.12846413856078948	0.5021661006181214	-0.015879948545645044	0.00654912333805103	-0.0648084917492855
15.07555769817234	23.55268770510498	0.12589399065623139	0.5023853198749839	-0.01788892522857998	0.006576577866952284	-0.06026930048804804
15.0921778694069	23.55476741814173	0.1230286375693064	0.5026021256163137	-0.019741448031897493	0.006504172421907093	-0.05557568409952551
15.108811297485959	23.55679807520002	0.1198918220249521	0.5028137195456766	-0.02143552896367398	0.006347818084999237	-0.0508224279532946
15.125458142311013	23.558775270638975	0.11650744364869248	0.5030178997574688	-0.02297184363583285	0.006125406579855405	-0.046089440164766154
15.142118413172858	23.560694980596598	0.11289918670423209	0.5032130779901348	-0.02435327900220638	0.005855347228675348	-0.041443060991205836
15.158791991654725	23.5625535613923	0.10909021021272661	0.5033982554568325	-0.02558452375802186	0.005555324271556566	-0.03693734267446439
15.17547865463515	23.564347742867323	0.10510289504028687	0.5035729728887212	-0.02667170033585778	0.005241523249295291	-0.03261529733507769
15.192178096317024	23.56607461739578	0.10095864269883267	0.5037372403829613	-0.02762203681655792	0.004928025140939861	-0.02851009442100429
15.208889948510281	23.567731625291238	0.096677720740546	0.503891458496485	-0.02844357704283328	0.0046265437398159154	-0.024646206788260842
15.225613798685426	23.569316537317267	0.0922791497462338	0.5040363350536013	-0.029144926819141086	0.004346297067227934	-0.021040493289234068
15.242349205512081	23.570827434975744	0.08778062706401095	0.5041728032117849	-0.029735033998807083	0.004094045117042722	-0.01770321538998001
15.259095711811268	23.572262689206166	0.08319848261786769	0.5043019461351638	-0.03022300015554214	0.003874288090674166	-0.014638984702051744
15.275852854950177	23.573620938071503	0.07854766233463185	0.5044249268600067	-0.03061792130715454	0.0036894221501378183	-0.011847634548372033
15.29262017483076	23.574901063947053	0.0738417349804091	0.5045429300995284	-0.030928755378158458	0.0035400976049407146	-0.00932502213011754
15.309397219705764	23.576102170663987	0.06909291847601735	0.5046571122597229	-0.03116421381991461	0.003425465238413413	-0.007063753252684764
15.326183550049869	23.57722356098831	0.06431212208914862	0.5047685612657399	-0.03133267502687099	0.0033434706226983905	-0.005053836208691474
15.342978740803337	23.578264714755136	0.05950900120167291	0.504878268443659	-0.03144211723037192	0.0032912157890006635	-0.0032832661050278744
15.359782382257913	23.579225267910566	0.05469202170444955	0.5049871060048643	-0.03150006852334704	0.0032651272961997865	-0.001738538789253724
15.376594079832069	23.58010499265456	0.04986853141090264	0.5050958141163353	-0.031513571965492225	0.0032612438125938087	-0.00040510326435566635
15.393413453007607	23.580903778827757	0.045044836188056214	0.505204994181966	-0.03148916376427828	0.003275402445564766	0.0007322460364183065
15.410240133641404	23.58162161663586	0.040226278833522526	0.5053151075177539	-0.031432862567665976	0.003303400556237148	0.0016890358983692021
15.427073763862316	23.582258580765853	0.03541731901461488	0.5054264795104526	-0.031350168245351376	0.003341160266252573	0.002480829669437935
15.443913993743353	23.58281481591345	0.03062161285174953	0.5055393076193209	-0.031246068547913487	0.0033848437525906775	0.003122990923136682
15.460760478872544	23.583290523710914	0.025842090994455492	0.5056536706473149	-0.031125052183702876	0.003430891325641996	0.0036304909263182774
15.477612877921226	23.583685951022026	0.021081034262170777	0.50576954026961	-0.030991127076057962	0.003476089150350836	0.004017753229347362
15.494470850318372	23.58400137955404	0.016340146109622637	0.5058867944110614	-0.030847842659274156	0.0035176247179674646	0.004298532503514136
15.511334054100507	23.584237116721834	0.011620621360029991	0.5060052305890671	-0.030698315185806176	0.003553085806820994	0.004485824204039394
15.528202143956825	23.584393487689386	0.006923210815287989	0.50612457821446	-0.0305452551429075	0.003580429216970036	0.0045918012869604116
15.545074769508945	23.584470828508117	0.0022482814713869585	0.5062445121885549	-0.03039099608219752	0.0035980196629520917	0.004627771821299385
15.561951573861727	23.584469480267593	-0.0024041278240298754	0.5063646654415902	-0.030237524164422623	0.003604598015818695	0.004604157533246932
15.578832192401325	23.584389784171954	-0.007034255320150507	0.5064846393317476	-0.030086507833364584	0.0035992171116111813	0.004530489931741124
15.59571625183662	23.584232077456548	-0.011642569897222703	0.5066040143623587	-0.029939327224228946	0.0035812513042020695	0.004415418274069148
15.612603369489985	23.583996690060566	-0.01622972910910051	0.5067223595383744	-0.02979710290111643	0.003550355643919129	0.004266729693375458
15.6294931528131	23.5836839419742	-0.020796541593577272	0.506839240397175	-0.02966072359242735	0.0035064261054049105	0.00409137926067236
15.646385199097159	23.583294141182932	-0.025343933667017392	0.5069542254679449	-0.029530872692893922	0.0034495524399976037	0.0038955269860029393
15.66327909536646	23.58282758213552	-0.02987291989818277	0.5070668927397984	-0.02940805338957869	0.0033800184490923512	0.0036845790994569382
15.680174418455973	23.582284544666145	-0.03438457743785822	0.5071768354020829	-0.029292612256652927	0.0032982801595177877	0.003463233987772949
15.697070735184822	23.58166529330867	-0.03888002382897702	0.5072836624044622	-0.029184761090691225	0.0032048103593993547	0.0032355349788511863
15.713967602626013	23.580970076944734	-0.04336039804831457	0.5073870037045437	-0.029084597234125997	0.0031002392870360593	0.003004915696956859
15.730864568506913	23.580199128729856	-0.04782684453976312	0.5074865125033697	-0.02899212212979621	0.002985264245512903	0.002774253129893597
15.74776117168256	23.57935266624971	-0.05228049996105987	0.5075818667065093	-0.02890725818281288	0.002860626370560532	0.0025459184094997855
15.764656942665157	23.578430891862787	-0.056722482385240934	0.5076727699327886	-0.0288298639580431	0.002727097059971336	0.0023218267430933923
15.781551404193069	23.577433993190336	-0.06115388270382945	0.5077589518155459	-0.028759747758875683	0.002585456749041207	0.0021034859750223255
15.798444071824607	23.57636214371913	-0.06557575798743559	0.5078401680261122	-0.028696679648995027	0.002436486577585508	0.001892043296419666
15.815334454545129	23.575215503486664	-0.06998912657005417	0.5079161998364361	-0.02864040198499055	0.00228095456411956	0.0016883299201342844
15.832222055375462	23.573994219822584	-0.0743949646342193	0.5079868534089679	-0.028590638539343127	0.002119607423683922	0.0014929033694226221
15.849106371973456	23.57269842812384	-0.07879420408721963	0.508051958888824	-0.02854710229545109	0.0019531646363205417	0.00130608731676113
15.86598689722039	23.571328252644534	-0.0831877315308654	0.5081113692418134	-0.028509501998222338	0.0017823108227291956	0.0011280089168625314
15.88286311978647	23.569883807284793	-0.08757638814079989	0.5081649590625996	-0.028477547548978382	0.0016076948486406554	0.0009586334773185521
15.899734524670889	23.568365196365836	-0.09196097028428354	0.5082126232196914	-0.028450954324723363	0.0014299249294441622	0.0007977967276507577
15.916600593711966	23.566772515381352	-0.09634223071788979	0.5082542754742417	-0.0284294465093473	0.0012495678444482653	0.0006452344612818617
15.933460806065328	23.56510585171768	-0.10072088021939868	0.5082898470941529	-0.02841275951179561	0.0010671487961291738	0.0005006099265508053
15.950314638648802	23.563365285337635	-0.1050975895198509	0.5083192854743752	-0.028400641549976242	0.0008831515959940592	0.0003635388545809115
15.967161566552946	23.561550889424936	-0.10947299141307343	0.5083425527713151	-0.028392854471207204	0.000698019087991057	0.00023361236307119758
15.984001063417953	23.55966273098797	-0.1138476829305262	0.508359624639573	-0.028389173872401904	0.0005121562177171561	0.00011041796415900774
16.00083260177755	23.557700871423545	-0.11822222747927241	0.5083704889685415	-0.02838938858871201	0.00032593002903755696	-6.441489303182446e-06
16.01765565337029	23.555665367042728	-0.12259715685001311	0.5083751446933215	-0.028393299603361635	0.00013967189317992115	-0.00011733043948877911
16.034469689420245	23.553556269562357	-0.12697297301071012	0.5083736006856684	-0.028400718433580663	-4.632009010855547e-05	-0.0002225649065709587
16.051274180889084	23.551373626567003	-0.1313501496091278	0.5083658747101685	-0.028411465039739917	-0.00023177913587125792	-0.000322398184777601
16.06806859870188	23.54911748194737	-0.13572913311495355	0.5083519924485652	-0.028425365306117882	-0.00041646772931557474	-0.0004170079913388969
16.08485241394901	23.546787876322167	-0.14011034353911134	0.5083319865844913	-0.02844224813469702	-0.0006001758136571574	-0.0005064848573742469
16.101625098065533	23.544384847451564	-0.14449417467390846	0.5083058958676894	-0.028461942192783845	-0.0007827214052150001	-0.0005908217426046435
16.118386122993215	23.541908430650754	-0.14888099380455075	0.5082737644461759	-0.028484272350200228	-0.0009639425559817669	-0.0006699047224914866
16.1351349613286	23.539358659212958	-0.15327114084851315	0.5082356410542168	-0.028509055852938	-0.0011437016785301383	-0.0007435050821331536
16.151871086457074	23.536735564852528	-0.1576649268844688	0.5081915782221599	-0.02853609826613073	-0.0013218848903218286	-0.0008112723957819443
16.1685939726762	23.534039178178805	-0.16206263203920035	0.5081416315340214	-0.02856518922817521	-0.001498400581254646	-0.0008727288613342509
16.185303095309642	23.5312695292122	-0.1664645027072887	0.5080858587508376	-0.028596098063702745	-0.001673183440281912	-0.000927265065825921
16.20199793081822	23.528426647953452	-0.17087074808640879	0.5080243192797935	-0.028628569293311795	-0.0018461840832897625	-0.0009741368882715674
16.218677956910696	23.52551056501783	-0.17528153601815075	0.5079570732483527	-0.028662318106828795	-0.00201738090192287	-0.0010124644055100193
16.23534265265234	23.522521312346854	-0.17969698813197807	0.5078841806178654	-0.02869702584860258	-0.002186778879544215	-0.0010412322532136363
16.25199149857344	23.519458924009562	-0.18411717430036276	0.507805700132158	-0.02873233558709206	-0.0023544145415202813	-0.001059292154684362
16.268623976784927	23.516323437104127	-0.18854210642522143	0.5077216885944941	-0.02876784783545134	-0.002520346105099882	-0.0010653674507782314
16.285239571102696	23.513114892771085	-0.19297173158711198	0.5076321996125757	-0.028803116522849125	-0.0026846694371289895	-0.0010580606219335617
16.301837767176888	23.509833337329873	-0.1974059246017057	0.507537282347419	-0.028837645303606295	-0.002847517938034038	-0.0010358634227150974
16.318418052632786	23.50647882354762	-0.2018444800458608	0.5074369803392076	-0.02887088431315569	-0.0030090602328927385	-0.000997170286481817
16.3349799172268	23.503051412048386	-0.20628710383307933	0.5073313301509382	-0.028902227498529467	-0.003169505637420219	-0.0009402955612132294
16.35152285301634	23.499551172870397	-0.2107334044372408	0.5072203598007731	-0.028931010660261186	-0.0033291104966064844	-0.0008634948519516173
16.36804635454683	23.495978187176195	-0.2151828838867271	0.5071040872976257	-0.028956510354781285	-0.003488175087956759	-0.0007649908356029899
16.384549919060973	23.49233254911778	-0.21963492867628864	0.5069825191011669	-0.028977943829355864	-0.0036470458888780417	-0.0006430042372374298
16.40103304673051	23.4886143678569	-0.2240888007704038	0.5068556484185813	-0.028994470177484185	-0.0038061204739129263	-0.0004957904438497027
16.41749524091466	23.484823769736792	-0.22854362890257543	0.5067234537149704	-0.029005192911770835	-0.003965841105646797	-0.00032168202859960765
16.43393600845065	23.480960900597065	-0.23299840040774653	0.5065858971981375	-0.029009164178398873	-0.004126695503077003	-0.00011913799884113233
16.45035485997816	23.477025928219934	-0.2374519538594541	0.5064429233796756	-0.029005390849338317	-0.004289214552501411	0.00011319987181660144
16.466751310304666	23.473019044889494	-0.24190297282182407	0.5062944580222538	-0.02899284273922224	-0.004453960721722383	0.0003764433034822015
16.483124878817254	23.468940470039968	-0.2463499810660298	0.5061404072070428	-0.02897046321951369	-0.004621524455708181	0.0006713855912563217
16.49947508994585	23.46479045296232	-0.2507913396425588	0.5059806568931661	-0.028937182504510602	-0.004792509415891731	0.0009984214500927688
16.51580147368636	23.460569275530116	-0.25522524624472576	0.5058150729924036	-0.028891933899227853	-0.00496751702261892	0.0013574581584823763
16.532103565869942	23.45627725494405	-0.2596497438848784	0.5056434827241217	-0.02883375971451435	-0.005147708048286535	0.0017452255414049827
16.548380908343272	23.451914746276188	-0.26406273531828073	0.5054656877760707	-0.028761780469502223	-0.005333848441415394	0.0021593773503639003
16.564633049657935	23.44748214467939	-0.26846199169831336	0.5052814828168547	-0.028675148570309224	-0.005526148776402005	0.00259895697578992
16.580859546123637	23.442979887365993	-0.2728451603719161	0.5050906589627059	-0.028573082004450016	-0.005724715624416758	0.00306199697577631
16.597059962960994	23.4384084553586	-0.2772097786612905	0.5048930072614627	-0.028454908258824914	-0.005929551037265885	0.0035452123687530423
16.613233875543184	23.43376837489667	-0.28155329466899526	0.5046883238504742	-0.028320111669659045	-0.006140502329637943	0.0040438976749760285
16.629380870739787	23.429060218362945	-0.2858730956536591	0.5044764170463084	-0.028168384560522456	-0.006357204124964998	0.004551813274097753
16.645500548377214	23.424284604582073	-0.2901665445719421	0.5042571166123474	-0.02799968248574462	-0.006579013018822812	0.005061062243334971
16.661592522831516	23.41944219833138	-0.29443102542251426	0.5040302854720616	-0.027814283839123672	-0.006804934208565779	0.00556195939862855
16.677656424771303	23.41453370889043	-0.29866399805742316	0.5037958341992037	-0.027612854014792732	-0.007033538185736222	0.006042894729928157
16.693691903072025	23.409559887441663	-0.30286306314328665	0.5035537386570189	-0.027396514221232418	-0.007262866265543054	0.006490193806809402
16.70969862692765	23.40452152311955	-0.30702603795739836	0.5033040612173377	-0.027166914949162516	-0.007490323190433982	0.0068879781620972
16.725676288193085	23.399419437489897	-0.31115104369049856	0.5030469760893012	-0.026926313979348936	-0.00771255384109554	0.007218029094407252
16.741624604001128	23.394254477224326	-0.31523660489715116	0.502782799389621	-0.02667765868648088	-0.007925300990402373	0.00745965878604153
16.75754331971194	23.389027504717568	-0.31928176168504285	0.5025120247259117	-0.026424672249256848	-0.008123239911272784	0.007589593116720877
16.77343221227259	23.383739386376476	-0.3232861951651282	0.5022353652417976	-0.026171943213872145	-0.00829978452342145	0.007581871061540999
16.789291094090032	23.378390978289595	-0.32725036659484413	0.5019538032913036	-0.025925017677969633	-0.00844685851481893	0.007407766077075433
16.805119817554363	23.37298310896396	-0.33117567053672503	0.501668649173803	-0.025690493164553543	-0.008554623525016028	0.00703573540248262
16.820918280391876	23.367516558791028	-0.33506460222564727	0.5013816106783181	-0.025476113040627038	-0.008611154864548831	0.0064314037177952265
16.836686432080313	23.361992035875325	-0.3389209391918653	0.5010948755557135	-0.02529086010456302	-0.008602053678135782	0.005557588081920536
16.852424281623428	23.35641014782659	-0.3427499370277676	0.5008112094579148	-0.02514504772002904	-0.008509982933956758	0.0043743715360193775
16.868131907058736	23.350771369077467	-0.346558539019759	0.500534072348243	-0.02505040661511943	-0.008314113290156482	0.002839233147288545
16.88380946716166	23.345076003242472	-0.35035559920139725	0.5002677568822126	-0.02502016519491231	-0.007989463980911545	0.0009072426062137043
16.89945721591038	23.339324139978586	-0.3541521182316453	0.5000175527614812	-0.02506912093650295	-0.007506123621941641	-0.0014686722477192217
16.915075520385795	23.333515605740672	-0.35796149137857936	0.49978994154101586	-0.025213700150256358	-0.0068283366139591335	-0.0043373764126023815
16.9306648829813	23.32764990778416	-0.36179975566329114	0.49959283064249044	-0.025471842504340734	-0.005913326955761557	-0.007744270622531232
16.946226079312254	23.321726128424697	-0.3656858944417118	0.49944292020231307	-0.025863442497328366	-0.004497313205320651	-0.011747999789628925
16.9617600567646	23.315742902543835	-0.3696421038397289	0.49934319903458335	-0.026410100263298413	-0.0029916350318885438	-0.01639973297910139
16.977267865737403	23.30969837908285	-0.3736940472986978	0.4993076986715237	-0.02713501789568784	-0.0010650108917900827	-0.021747528971682882
16.992751371403347	23.303591679830355	-0.3775677269494273	0.4993473241352745	-0.024055237165678773	0.0011887639125256059	0.09239342190027207
17.008214824582613	23.29742780767907	-0.380964104863624	0.49945350542597644	-0.020823318825510077	0.003185438721057773	0.09695755020506074
17.023662816778753	23.29121349071904	-0.3838896259736132	0.499611171234682	-0.017825030268273326	0.0047299742611690895	0.08994865671710249
17.039099382696534	23.284955204744353	-0.3863800441334457	0.4998055972293946	-0.015064866455474387	0.00583277984137795	0.08280491438396816
17.05452795216359	23.278659022407307	-0.3884713250266387	0.5000233733939133	-0.012543178165574327	0.0065332849926207194	0.07565064869700185
17.06995138385495	23.272330606740546	-0.3901991387789311	0.5002526757512307	-0.010256846253891326	0.00687907138827034	0.06858995735048999
17.085372009574705	23.265975206147655	-0.39159843464680066	0.5004834013904764	-0.008199900961744066	0.006921770507094541	0.06170835876441784
17.100791686507318	23.259597651055227	-0.392703088782222	0.5007073033522675	-0.006364067424703956	0.0067170608017454595	0.05507500611120331
17.116211853771542	23.253202353026225	-0.39354561710617625	0.5009179175958113	-0.004739258460287924	0.006318429753446462	0.048744268932480975
17.131633587146904	23.246793308144287	-0.3941569641522825	0.5011103312544917	-0.003314234458027866	0.005772412555803067	0.042750720067801735
17.147057654193684	23.240374103088854	-0.3945663056625275	0.5012812840487995	-0.002076238298402499	0.0051285867969698	0.03713988478876102
17.162484565613564	23.233947925900296	-0.39480090855279437	0.5014286749887004	-0.0010121998251003568	0.004421731169683336	0.03192115419906428
17.17791461894614	23.227517581380827	-0.39488607504084977	0.5015514624156318	-0.00010869417788716817	0.0036836256539335968	0.02710516941639566
17.193347938962432	23.221085508938724	-0.39484510054766364	0.5016494753840668	0.0006478070707417624	0.0029403916842185318	0.022695037458867917
17.20878451328999	23.214653803062035	-0.394699265909941	0.5017232393073938	0.0012707235242529617	0.0022129200696964714	0.018687493605335982
17.224224223472774	23.20822423579881	-0.3944678591910351	0.5017738224866376	0.0017731895195418695	0.0015174974712720644	0.015073979858667238
17.239666871719148	23.20179828064894	-0.3941682224920331	0.5018026975063161	0.0021679105145689472	0.0008662524174923377	0.011841629850812326
17.25511220361129	23.19537713732237	-0.39381581937523563	0.5018116219960808	0.0024670491496898393	0.000267736276912463	0.008974159053626746
17.27055992719915	23.188961756819694	-0.39342431878192835	0.5018025411844385	0.0026821378922491194	-0.000272422983452649	0.006452662276778409
17.286009728798692	23.182552866400073	-0.39300569164381804	0.5017775003620749	0.0028240152872535847	-0.0007512234973918307	0.004256321850133969
17.301461285782427	23.17615099407919	-0.3925703167406266	0.5017385745495945	0.002902782895639792	-0.0011677733676564543	0.0023630282515862155
17.316914276784548	23.16975649230607	-0.39212709272458696	0.5016878145007321	0.002927780186558238	-0.001522800606777361	0.0007499187275533814
17.332368389634535	23.163369560569866	-0.3916835536097714	0.5016272008325664	0.00290757481560483	-0.0018184093156079345	-0.0006061611286022308
17.347823327326413	23.156990266741715	-0.3912459853958592	0.5015586123233846	0.0028499658846938207	-0.0020576546612228073	-0.001728267927330283
17.363278812348607	23.150618566994424	-0.3908195418528816	0.5014838020351909	0.0027619979922553148	-0.0022443081337803483	-0.0026390367731551905
17.378734589630998	23.1442543242094	-0.3904083578318436	0.5014043819680265	0.002649984066605356	-0.0023826015930615545	-0.003360417769498773
17.394190428360332	23.137897324814215	-0.3900156587779537	0.5013218142584435	0.002519535179331407	-0.0024770309446354843	-0.003913466618218452
17.409646122876357	23.131547294035872	-0.38964386540750545	0.501237407661731	0.0023755957260761973	-0.0025321976269278633	-0.004318183597656299
17.425101492832813	23.125203909586173	-0.38929469276386214	0.501152318226139	0.002222482551028648	-0.0025526828512768608	-0.0045933952514264735
17.440556382790156	23.118866813817558	-0.38896924309211267	0.5010675537629146	0.002063926769607833	-0.00254293372889687	-0.004756673442624442
17.45601066137065	23.11253562441259	-0.38866809216714415	0.5009839799412396	0.001903117213902259	-0.002507214522133671	-0.0048242866711672204
17.47146422008627	23.106209943684984	-0.38839136887680614	0.5009023287424892	0.0017427445789983166	-0.002449535866276234	-0.004811179047118271
17.486916971937593	23.09988936657796	-0.38813882800250266	0.5008232077274981	0.001585045496311578	-0.0023736303786157276	-0.004730972480602154
17.502368849856975	23.093573487455906	-0.3879099162794544	0.5007471100914306	0.0014318455863159135	-0.002282929030302767	-0.004595997299869932
17.51781980505484	23.087261905789184	-0.3877038318632033	0.5006744246968586	0.001284601938330862	-0.0021805618000744482	-0.004417309439551543
17.533269805318216	23.080954230832894	-0.387519577406477	0.500605446374963	0.0011444436028240556	-0.002069349630650736	-0.004204750065204189
17.548718833304008	23.074650085397874	-0.38735600706397466	0.5005403859478195	0.0010122100469566778	-0.0019518127960025894	-0.00396700667602134
17.564166884857546	23.068349108810718	-0.38721186776099786	0.5004793799151814	0.0008884873947429082	-0.001830180966522284	-0.0037116795664130873
17.57961396738117	23.062050959155272	-0.38708583508795485	0.5004224996896911	0.0007736422861888757	-0.0017064067560982347	-0.003445353256620969
17.595060098271674	23.05575531488321	-0.3869765442024314	0.5003697602887887	0.0006678532525210046	-0.0015821820212495183	-0.0031736710100361354
17.61050530344071	23.049461875875927	-0.3868826161308942	0.5003211284707745	0.0005711395581248829	-0.0014589545365167552	-0.002901410831883655
17.62594961592827	23.043170364034005	-0.38680267986472566	0.5002765302456388	0.00048338750494517335	-0.0013379467514634338	-0.002632561595391292
17.641393074615728	23.036880523464735	-0.38673539064153856	0.5002358577856261	0.0004043742325412994	-0.001220173798647601	-0.002370398172116219
17.65683572304255	23.030592120331647	-0.3866794447938174	0.5001989757232732	0.0003337890775485724	-0.0011064618694451094	-0.002117554649781811
17.672277608328447	23.024304942424287	-0.38663359153394705	0.5001657268597632	0.0002712525806663036	-0.0009974659045411194	-0.0018760949064680651
17.687718780200477	23.01801879850035	-0.3865966420285379	0.5001359372823045	0.00021633324838844973	-0.0008936873232608473	-0.001647579968335616
17.703159290123242	23.0117335174468	-0.3865674760964515	0.5001094209279605	0.0001685621907804581	-0.0007954906299936315	-0.0014331317282397491
17.71859919052887	23.005448947301126	-0.38654504684476343	0.5000859836147179	0.00012744576673713964	-0.0007031193970606493	-0.0012334927212995532
17.734038534142506	22.999164954168716	-0.38652838353563934	0.5000654265692128	9.247637468568606e-05	-0.000616711365011109	-0.0010490817615436078
17.74947737339813	22.992881421067658	-0.3865165929552531	0.5000475494824534	6.314153016354554e-05	-0.0005363126026927699	-0.0008800453356642154
17.76491575993891	22.98659824672777	-0.38650885953383757	0.5000321531260932	3.893137269176293e-05	-0.00046189069075577654	-0.0007263047241534783
17.78035374419588	22.980315344366556	-0.38650444444407306	0.5000190415625689	1.934474315200309e-05	-0.0003933469057022332	-0.0005875988861927954
17.79579137503844	22.97403264046103	-0.386502683883537	0.5000080239833536	3.893970224588765e-06	-0.00033052737644998555	-0.00046352318782242984
17.811228699489998	22.967750073530837	-0.38650298672608724	0.49999891621159165	-7.891499899666846e-06	-0.0002732331528621436	-0.0003535641037276684
17.8266657625023	22.961467592945077	-0.38650483170698213	0.4999915419046196	-1.6462501327950527e-05	-0.00022122920916287146	-0.00025713004284851044
17.8421026067812	22.955185157762497	-0.3865077642873491	0.4999857334432949	-2.2248450360995256e-05	-0.00017425383974216589	-0.00017357847099134185
17.857539272657263	22.94890273561233	-0.38651139332542406	0.49998133261086397	-2.5656434858141036e-05	-0.00013202497292755784	-0.00010223953491437337
17.872975797995466	22.942620301620398	-0.38651538766479165	0.49997819105446206	-2.707098040930799e-05	-9.424669205666548e-05	-4.243636653500853e-05
17.888412218137738	22.936337837383505	-0.3865194727336736	0.4999761705585742	-2.6854389664126236e-05	-6.061487663613815e-05	6.4977223554526344e-06
17.90384856587269	22.930055329993493	-0.38652342723416006	0.4999751431565969	-2.5347557663039105e-05	-3.0822059317932155e-05	4.520496003261388e-05
17.919284871427006	22.92377277111082	-0.3865270799861112	0.4999749911053576	-2.2871172326767583e-05	-4.561537181334739e-06	7.429156008814569e-05
17.93472116247351	22.91749015608648	-0.3865303069772179	0.4999756067445781	-1.972721527139648e-05	1.846917661708834e-05	9.43187116611332e-05
17.95015746415122	22.911207483129978	-0.3865330286583456	0.4999768922621039	-1.62006836264336e-05	3.856552577613174e-05	0.00010579594934888637
17.965593799093067	22.904924752520408	-0.38653520751172166	0.4999787593832143	-1.2561458642231333e-05	5.6013633310274706e-05	0.00010917674952606803
17.981030187457495	22.89864196585714	-0.38653684590867987	0.4999811290005981	-9.06625137234471e-06	7.108852151342253e-05	0.00010485621809659868
17.99646664696046	22.892359125346214	-0.38653798426346575	0.4999839307593682	-5.9605596225816054e-06	8.405276310165492e-05	9.317075249289316e-05
18.01190319290477	22.886076233118317	-0.3865386994799407	0.49998710260995244	-3.4805738256024395e-06	9.515551752472214e-05	7.439957390937497e-05
18.027339838204146	22.879793290574295	-0.386539103678819	0.4999905903394181	-1.854972158088697e-06	0.00010463188396899877	4.876805002541226e-05
18.04277659339973	22.8735102977542	-0.3865393431842102	0.4999943470894519	-1.3065471952721266e-06	0.00011270250101227757	1.645274888449712e-05
18.05821346666738	22.867227252726213	-0.3865395977396948	0.49999833287268575	-2.0536086910052215e-06	0.00011957349701639271	-2.2411844871992858e-05
18.073650463814413	22.860944150992093	-0.3865400799158275	0.5000025141009771	-4.311107614405233e-06	0.00012543684874341676	-6.772496770200034e-05
18.089087588264363	22.854660984906776	-0.38654103466273015	0.5000068630650574	-8.291427454818075e-06	0.00013046892242141454	-0.00011940959521238527
18.104524841028418	22.848377743110493	-0.38654273895330304	0.5000113574383815	-1.4204789265772383e-05	0.00013483119974619904	-0.00017740085432862933
18.119962220664203	22.842094409972077	-0.3865455014544821	0.5000159798137744	-2.2259216982342333e-05	0.00013867126181040836	-0.0002416328314970985
18.13539972322199	22.835810965043517	-0.38654966215584674	0.5000207172191224	-3.266000916060338e-05	0.00014212216047624894	-0.0003120237653478315
18.15083734217853	22.829527382527193	-0.3865555918767269	0.5000255606277098	-4.560866336267674e-05	0.00014530225766176534	-0.00038845962606220063
18.16627506835914	22.823243630758466	-0.38656369156478654	0.5000305044566742	-6.130119912835992e-05	0.00014831486899008264	-0.0004707760729704958
18.18171288984919	22.816959671707703	-0.38657439129086973	0.5000355460453481	-7.9925825516618e-05	0.00015124766028579964	-0.0005587387916477424
18.197150791896384	22.81067546050766	-0.38658814883672554	0.5000406851030184	-0.00010165989957767839	0.00015417173018513757	-0.0006520222218318121
18.21258875680556	22.80439094501372	-0.3866054477641504	0.5000459231138513	-0.00012666612290244215	0.00015714032508099056	-0.0007501866997429123
18.228026763828023	22.798106065406643	-0.3866267948461893	0.5000512626846384	-0.00015508792512044392	0.0001601871237103145	-0.0008526540665400531
18.243464789047817	22.791820753849453	-0.38665271673343427	0.5000567068190265	-0.0001870439854386284	0.00016332403175315952	-0.0009586818095455332
18.258902805267454	22.785534934212322	-0.3866837557212966	0.5000622581000004	-0.00022262184699266	0.0001665384293405474	-0.0010673358466209493
18.274340781896097	22.779248521881783	-0.38672046447760117	0.5000679177604808	-0.00026187058356049933	0.00016978981454838252	-0.001177462097035179
18.289778684843295	22.772961423672996	-0.3867633995841669	0.5000736846201749	-0.0003047924846619133	0.00017300579096883383	-0.0012876570330424186
18.30521647642168	22.76667353786635	-0.38681311374144955	0.5000795538654418	-0.0003513337331348806	0.00017607735816127003	-0.0013962374541890204
18.320654115262336	22.76038475439244	-0.38687014648213247	0.5000855156476908	-0.00040137405980110013	0.00017885346763076964	-0.0015012097999865831
18.336091556246657	22.75409495519213	-0.38693501323809937	0.5000915534754556	-0.00045471537228143475	0.00018113483310866214	-0.001600239374410039
18.351528750458893	22.747804014781014	-0.3870081926058836	0.5000976423751139	-0.000511069370458499	0.00018266698991849844	-0.0016906199453119288
18.3669656451638	22.74151180105047	-0.38709011165889234	0.5001037467964042	-0.0005700441792157413	0.00018313263887441888	-0.001769244262717274
18.38240218381404	22.735218176339885	-0.3871811291609366	0.5001098182409142	-0.0006311300506341	0.00018214333546286637	-0.0018325761425507638
18.397838306092435	22.72892299881717	-0.38728151654536824	0.5001157925948756	-0.0006936842127047124	0.00017923061900398257	-0.0018766248621183757
18.413273947994544	22.72262612420685	-0.3873914365380235	0.5001215871535949	-0.0007569149705120682	0.00017383676173080427	-0.0018969227342206729
18.4287090419575	22.716327407906807	-0.3875109193208056	0.500127097333018	-0.0008198651985736057	0.0001653053828313585	-0.001888506841846126
18.444143517041887	22.710026707536198	-0.3876398361567905	0.5001321930681015	-0.000881395400393453	0.00015287205263194272	-0.001845906054595419
18.459577299173965	22.703723885957956	-0.38777787042791323	0.5001367149166425	-0.0009401665528997995	0.00013565545634106822	-0.001763134575190391
18.475010311456817	22.697418814819358	-0.38792448607334623	0.5001404698982276	-0.0009946230000558093	0.00011264944764910868	-0.0016336934146802973
18.49044247456016	22.69111137865351	-0.3880788934613893	0.5001432271162018	-0.0010429757112573597	8.271653930905958e-05	-0.0014505813360465181
18.505873707199992	22.68480147958279	-0.3882400127808751	0.5001447132326297	-0.0010831862765001248	4.45834928973893e-05	-0.0012063169572829602
18.52130392672117	22.678489042662537	-0.38840643510054607	0.5001446078880721	-0.001112952071587445	-3.1603366810692987e-06	-0.0008929738526196134
18.5367330497979	22.672174021898794	-0.3885763813174012	0.5001425391834646	-0.001129693092774305	-6.20611381963918e-05	-0.0005022306356058081
18.552160993269375	22.66585640696826	-0.388747659298392	0.5001380793714685	-0.0011305410308970977	-0.00013379435986257855	-2.5438143683781062e-05
18.567587675130245	22.65953623066087	-0.3889176196147725	0.5001307409280477	-0.0011123312299659923	-0.00022015330261139043	0.000546294027933166
18.58301301569796	22.653213577055904	-0.38908311037549437	0.5001199732142062	-0.0010715982539379783	-0.00032303141523433974	0.001221989280840426
18.598436938981315	22.646888590430926	-0.38924043178573675	0.5001051599381645	-0.001004575866871991	-0.0004443982812455838	0.002010671611979625
18.613859374275904	22.640561484888988	-0.38938529118922427	0.5000856176581064	-0.000907202315127406	-0.0005862684017405505	0.0029212065523375494
18.629280258013324	22.634232554673464	-0.38951275949849007	0.5000605955813748	-0.0007751318850687516	-0.0007506623019459822	0.003962112901759635
18.644699535890407	22.627902185121233	-0.38961723007543747	0.5000292768928835	-0.0006037537936583556	-0.0009395606547410195	0.00514134274231188
18.6601171653018	22.62157086418437	-0.3896923812947611	0.4999907817994072	-0.00038821955030752175	-0.0011548528042865686	0.006466027300525017
18.675533118093533	22.615239194427872	-0.38973114420408983	0.4999441724468944	-0.00012348000644163984	-0.0013982805753851486	0.007942186315976459
18.690947383646183	22.608907905385916	-0.3897256768856761	0.4998884597934177	0.00019566662083058152	-0.001671379604299627	0.009574398818166642
18.706359972282137	22.60257786613311	-0.3896673473231846	0.49982261235722447	0.0005745144026770995	-0.001975423085798965	0.011365433455395542
18.721770918970417	22.596250097900107	-0.3895467267813656	0.4997455665963028	0.0010183756331235895	-0.0023113728276493244	0.013315836913394705
18.73718028727418	22.589925786535602	-0.38935359591341334	0.49965623844067075	0.0015324916135024036	-0.0026798446689633446	0.015423479411364426
18.752588173448	22.583606294589604	-0.389076966017639	0.4995535352106747	0.0021219268414962673	-0.0030810968998819677	0.017683056839815907
18.767994710543242	22.577293172767213	-0.3887051180685357	0.4994363668017239	0.0027914451676278157	-0.003515052268525085	0.02008554978394644
18.78340007231855	22.570988170477975	-0.38822566234413863	0.4993036546011417	0.0035453665173109904	-0.003981366017465968	0.02261764049049525
18.798804476677088	22.56469324518475	-0.3876256216586582	0.4991543361302668	0.004387402842492213	-0.004479554126248312	0.02526108975543665
18.814208188262043	22.558410570237584	-0.3868915413838055	0.4989873628870494	0.005320472068620456	-0.005009197296519383	0.02799207678384728
18.829611519735987	22.552142540863077	-0.38600962960141705	0.498801688319821	0.006346488944295668	-0.005570237016853642	0.030780506270256323
18.844956327822363	22.545914592994595	-0.38511960336881357	0.4948289054799113	0.00547586818501436	-0.11918348519729124	-0.026118622778439234
18.86017882306713	22.53975080426591	-0.38437365013820957	0.49055426670167407	0.004515302296772377	-0.12823916334711916	-0.02881697664725949
18.875274216357987	22.533650317717584	-0.383769323744134	0.4863349974001004	0.0036492316054516707	-0.1265780790472108	-0.025982120739621185
18.890243290182188	22.527610287386267	-0.38329061930511865	0.48216823610111104	0.0028740291861292884	-0.12500283896968137	-0.02325607257967149
18.905086860639766	22.521628185126765	-0.38292250955003476	0.47805136559935957	0.002185327131032502	-0.12350611505254276	-0.02066106165290358
18.919805774148596	22.515701773861366	-0.38265100541328845	0.47398201668917794	0.0015782244689571223	-0.12208046730544748	-0.018213079862261387
18.934400904559737	22.50982908102697	-0.38246318678588154	0.469958062414131	0.0010474638930413694	-0.12071862825140872	-0.015922817277472592
18.948873150523315	22.50400837271388	-0.3823472089925673	0.4659776061136635	0.0005875804516948421	-0.11941368901402334	-0.01379650324039582
18.963223433005503	22.498238128857594	-0.38229228982263114	0.462038965710786	0.00019302521362210163	-0.11815921208632499	-0.011836657142182216
18.97745269290232	22.49251701973697	-0.38228868127632826	0.4581406561238202	-0.0001417332566220732	-0.11694928760897315	-0.010042754107325245
18.991561888729862	22.486843883944577	-0.3823276295943474	0.4542813712025039	-0.000422126965634291	-0.11577854763949158	-0.008411811270366533
19.00555199439449	22.481217707924845	-0.3824013266075027	0.4504599661897958	-0.0006534236490734274	-0.11464215038124267	-0.006938900503174093
19.019423997062283	22.475637607119967	-0.38250285497249914	0.446675441386214	-0.0008406767674140092	-0.11353574410745122	-0.005617593550217454
19.033178895156	22.470102808720405	-0.3826261294420621	0.44292692743830825	-0.0009886882833491579	-0.11245541843717242	-0.004440345478054457
19.04681769651172	22.464612635983862	-0.38276583594938884	0.43921367247783194	-0.0011019823571625652	-0.11139764881429161	-0.0033988222144022166
19.060341416727635	22.45916649406226	-0.382917369963559	0.4355350311942951	-0.0011847882818730496	-0.11035923850610418	-0.002484177741314536
19.073751077980198	22.453763857082414	-0.3830767902315059	0.4318904734309542	-0.0012412587921435498	-0.10933673290022722	-0.0016941153081150061
19.08704770767328	22.44840425661257	-0.3832407384633108	0.42827953526855134	-0.0012747040434775805	-0.10832814487208559	-0.0010033575400209191
19.100232337252976	22.443087271958305	-0.3834063678129124	0.42470183636058145	-0.0012884499518241465	-0.10733096723909531	-0.00041237725039697926
19.11330600162999	22.437812521205124	-0.3835713089402105	0.4211570799640263	-0.0012855232937495293	-0.1063426918966542	8.77997422385177e-05
19.126269738912296	22.432579653189897	-0.38373361775863224	0.41764504968668825	-0.00126866132584482	-0.10536090832013995	0.0005058590371412803
19.13912459042393	22.427388340425733	-0.38389172645027203	0.41416560761862925	-0.0012403240428748353	-0.10438326204177026	0.0008501184890995399
19.151871601016722	22.422238272881764	-0.38404439790962935	0.410718693637622	-0.0012027083175798342	-0.10340741943021703	0.0011284717588500328
19.164511819063318	22.417129152772905	-0.38419068351372304	0.4073042859794033	-0.0011577607263734682	-0.10243222974655737	0.0013484277361909798
19.177046320829866	22.412060663193593	-0.38432983611102156	0.403924529848977	-0.001107205292019606	-0.10139270313859178	0.0015166632837061533
19.18947619845727	22.407032522311717	-0.38446141744786916	0.40057706800134935	-0.001052541906170535	-0.10042387268797143	0.001639901833639664
19.201802504948187	22.402044447725533	-0.38458512865116	0.39726225069377286	-0.000995077260439271	-0.09944453469999057	0.0017239396246039639
19.214026305336162	22.39709615204981	-0.38470082529745603	0.39398050626569264	-0.0009359356364846374	-0.09845234669896355	0.0017742489588519702
19.22614867840704	22.392187340160756	-0.3848084917151087	0.39073234272953017	-0.0008760759357916622	-0.09744491847879568	0.0017957912441450672
19.238170718675775	22.38731770677235	-0.384908218201379	0.3875183531781038	-0.0008163073761805455	-0.09641969761282446	0.0017930569923407193
19.250093538661595	22.38248693425722	-0.3850001808944396	0.3843392215115537	-0.0007573044855100166	-0.09537395987045197	0.0017700869037355024
19.26191827144259	22.37769469066789	-0.3850846241036555	0.38119572770194843	-0.0006996213055491488	-0.09430482308008004	0.0017304955619991738
19.273646060493288	22.372940633181155	-0.38516184450124313	0.3780878500453517	-0.0006436994295494367	-0.0932363296979011	0.001677656279991364
19.285278077244595	22.368224400542605	-0.3852321776970283	0.3750177119516838	-0.0005898872170234464	-0.09210414281003677	0.0016143663757797128
19.2968155408926	22.363545604774014	-0.3852959872402781	0.37198637627241427	-0.0005384547904949036	-0.0909400703780849	0.001542972795856284
19.308259702791407	22.35890383738873	-0.3853536550083606	0.36899502955780566	-0.0004896004132444972	-0.08974040143825858	0.0014656313175121906
19.319611850346558	22.354298667834822	-0.38540557298636263	0.3660449864397699	-0.00044345944166674083	-0.08850129354107124	0.0013842291473326908
19.33087331107385	22.34972964197185	-0.3854521363526294	0.36313769366393583	-0.0004001132403444963	-0.0872187832750217	0.0013003860396673351
19.342045456803515	22.345196280569674	-0.38549373777309326	0.3602747336212377	-0.000359597246609263	-0.08588880128094531	0.0012154798120570021
19.353129708005216	22.34069807782045	-0.385530762761424	0.3574578272140599	-0.00032190823760449135	-0.08450719221533436	0.0011306702701431486
19.364127538204862	22.336234499859685	-0.3855635859742397	0.35468883586968714	-0.00028701084253442594	-0.08306974033118364	0.0010469218521019597
19.375040478458775	22.33180498329672	-0.3855925683214831	0.3519697624879145	-0.0002548433459382033	-0.08157220145317845	0.0009650248978866789
19.385870121844633	22.327408933759642	-0.3856180547826872	0.3493027510808464	-0.0002253228294217545	-0.08001034221204152	0.0008856154954934642
19.396618127921155	22.323045724464674	-0.38564037283008057	0.34669008483112773	-0.00019834969996777456	-0.07837998749156051	0.0008091938836193981
19.407286227100165	22.318714694825015	-0.38565983136925064	0.3441341822600656	-0.00017381165281929106	-0.07667707713186506	0.0007361414144545048
19.417876224865104	22.314415149119572	-0.38567672011731297	0.3416375911588593	-0.0001515871160445042	-0.07489773303618928	0.0006667361032436068
19.42839000575901	22.310146355247685	-0.3856913093471904	0.33920297989472814	-0.00013154822247832607	-0.07303833792393584	0.0006011668069853441
19.438829537052893	22.305907543602064	-0.38570384993466517	0.3368331256584501	-0.00011356335301625797	-0.0710956270883438	0.0005395460838620429
19.4491968719914	22.3016979060987	-0.3857145736523274	0.33453089917111806	-9.749929312512431e-05	-0.06906679461996112	0.0004819217967340096
19.45949415249746	22.297516595409608	-0.38572369366139697	0.33229924531522914	-8.322304213373443e-05	-0.0669496156766721	0.0004282875297417206
19.469723611200248	22.293362724451878	-0.38573140515866006	0.3301411590975465	-7.060331242552243e-05	-0.06474258653048191	0.0003785918912463832
19.47988757263194	22.289235366194834	-0.3857378861414603	0.32805965629273004	-5.951175319080108e-05	-0.06244508414449579	0.0003327467770416604
19.489988453417656	22.285133553856106	-0.3857432982588365	0.32605773804822574	-4.9823930864780386e-05	-0.060057547335131384	0.0002906346697806395
19.50002876125988	22.28105628156716	-0.3857477877215323	0.32413834866396296	-4.142009581148187e-05	-0.05758168152788704	0.0002521150515989722
19.510011092493414	22.277002505599512	-0.3857514862477553	0.3223043256857164	-3.4185762513928455e-05	-0.05502068934739913	0.00021702999892661714
19.519938127959026	22.27297114625426	-0.3857545120252598	0.3205583413730055	-2.801212799101409e-05	-0.05237952938132945	0.00018520903568744373
19.529812626913962	22.268961090530148	-0.3857569706736031	0.3189028345200246	-2.279635103771516e-05	-0.04966520558942864	0.00015647330859897923
19.53963741866446	22.26497119569874	-0.3857589561933178	0.31733993152189244	-1.8441712650213437e-05	-0.046887089943966904	0.00013063915162506149
19.549415391570054	22.261000293930007	-0.38576055189127906	0.31587135548816136	-1.4857676035648885e-05	-0.044057281011935956	0.00010752109843694486
19.559149479030847	22.257047198127037	-0.38576183127376096	0.31449832211180057	-1.1959862682316045e-05	-0.04119100129082792	8.693440059999234e-05
19.568842642027626	22.253110709145798	-0.3857628589006016	0.31322142090512095	-9.669959186845997e-06	-0.0383070362003895	6.869710486410725e-05
19.5784978477404	22.2491896245936	-0.3857636911955565	0.3120404803146549	-7.915567993312899e-06	-0.035428217713982905	5.263173580599772e-05
19.588117768679066	22.245282861118003	-0.3857643771864109	0.31093660352844993	-6.630013611192132e-06	-0.033116303586151294	3.8566631463626624e-05
19.597704724913775	22.241389477959867	-0.3857649592335858	0.30990587580450674	-5.752111328446995e-06	-0.030921831718297207	2.6337068482356845e-05
19.607260948939956	22.237508569469018	-0.3857654737138734	0.30894655092633067	-5.225908389108246e-06	-0.028779746345285614	1.5786088180164408e-05
19.6167886125209	22.233639254273186	-0.38576595161928223	0.30805645087080646	-5.000430211551694e-06	-0.0267030016657287	6.764345326697713e-06
19.6262898148298	22.22978068015565	-0.3857664191126548	0.30723306011276885	-5.029421917603013e-06	-0.02470172274112747	-8.69751181539097e-07
19.635766574545368	22.225932037085034	-0.3857642475060512	0.3064734670565199	5.1761182149229424e-05	-0.02278779168746931	0.0017037181220049733
19.64522083269852	22.222092594011162	-0.38575439071156703	0.30577448372974225	0.00016079173803963638	-0.020969499803328063	0.0032709166767122093
19.654654448922315	22.218261705211948	-0.385732344040571	0.30513284688195796	0.00031562940237638557	-0.019249105433526904	0.004645129930102477
19.66406919731996	22.214438805169966	-0.3856941966944424	0.3045452548128208	0.0005103524983518029	-0.01762776207411658	0.005841692879262523
19.673466763542365	22.210623403330988	-0.38563657691173714	0.30400840071405033	0.0007395324273029827	-0.016105622963111927	0.006875397868535393
19.682848743069076	22.20681507906862	-0.38555660065681885	0.3035190018752477	0.0009982138654074867	-0.014681965164079552	0.007760443143135128
19.692216640545464	22.20301347684769	-0.3854518237438652	0.3030738249924092	0.001281893441226392	-0.013355306485157054	0.008510387274567162
19.701571870038467	22.199218301581325	-0.3853201972880439	0.30266970781903496	0.0015864971361045012	-0.012123515201227326	0.009138110846343268
19.7109157560831	22.19542931417808	-0.3851600263731657	0.30230357740257724	0.0019083566630017695	-0.010983912493728555	0.009655785806918048
19.720249535426515	22.191646327265367	-0.3849699322023314	0.3019724668292192	0.0022441767930840096	-0.009933317200741748	0.01007460390246721
19.72957435928047	22.187869201118872	-0.38474881646109643	0.30167352221691063	0.002591035708156449	-0.008968338369254281	0.010405767452173188
19.73889129409994	22.184097840563627	-0.3844958303443405	0.3014038919431311	0.0029462966885463807	-0.008088908213387104	0.010657829411697942
19.748201326608037	22.180332190474655	-0.38421034351672484	0.30116110512471117	0.003307705896691449	-0.007283604552599298	0.010842276244352064
19.757505369136112	22.17657223149152	-0.3838919152190233	0.3009427058391934	0.003673254775468684	-0.006551978565531146	0.01096646636331705
19.766804261355013	22.172817977452812	-0.38354027136332486	0.30074637942434734	0.0040411944567353385	-0.005889792445382292	0.011038190437999657
19.776098774062188	22.169069472235822	-0.3831552821295938	0.30056995383457935	0.004410013318194899	-0.0052927676930395635	0.011064565843786822
19.785389613066265	22.165326786776475	-0.38273694168474326	0.30041139955630697	0.004778415570653303	-0.004756628348170729	0.011052067573752097
19.794677423120497	22.161590016266903	-0.38228534987778506	0.3002688283005759	0.005145300950130731	-0.004277137671932086	0.011006561384322848
19.803962791863633	22.15785927752734	-0.38180069577019593	0.30014049068252185	0.005509745553850995	-0.0038501285416224595	0.010933338111607944
19.813246253733777	22.154134706547985	-0.381283242867279	0.30002477308337594	0.005870983834478026	-0.003471527974379205	0.010837148418810921
19.82252829382702	22.150416456195934	-0.38073331592330206	0.2999201938754115	0.006228391750245299	-0.0031373762389321014	0.01072223747301816
19.83180935167265	22.14670469408328	-0.3801512892312863	0.2998253987992861	0.00658147037874925	-0.00284385228376098	0.010592358855118519
19.841089824925028	22.142999600582826	-0.37953757620076883	0.29973915750347035	0.006929833132863128	-0.0025872388744740938	0.010450882623416365
19.850370072948373	22.139301366989326	-0.37889262015860425	0.29966035765454657	0.007273190662686854	-0.002363995467714773	0.010300725894711756
19.859650420465474	22.135610193753205	-0.378216884440056	0.2995880126385637	0.007611380270873421	-0.0021703504794859073	0.010145688245596992
19.868931160705646	22.13192628900883	-0.37751084709694566	0.2995212192807953	0.007944234344036872	-0.002003800733054163	0.009985622194903503
19.878212558432107	22.12824986718319	-0.3767749966815191	0.2994591915023609	0.008271687154783134	-0.001860833353031974	0.009823584322387868
19.887494853242245	22.12458114757172	-0.3760098252748177	0.2994012424969898	0.008593727081662004	-0.0017384701611330036	0.009661197806366073
19.896778262545716	22.120920353104424	-0.3752158240433304	0.2993467802784512	0.008910388025235067	-0.0016338665561576727	0.009499828307191845
19.906062984425958	22.117267709207212	-0.3743934794951237	0.2992953034405139	0.009221741644291901	-0.00154430513811993	0.009340608571705076
19.915349200389638	22.113623442750516	-0.3735432703671328	0.2992463971430877	0.009527890338252906	-0.0014671889227867321	0.009184460818830138
19.92463707800894	22.109987781077532	-0.3726656650824667	0.29919972932734895	0.009828960894440306	-0.0014000344721637175	0.009032116685621976
19.933926773461785	22.106360951105103	-0.3717611197243351	0.2991550471513786	0.010125098710579962	-0.001340465279112493	0.008884134484189739
19.943218433974756	22.102743178490698	-0.37083007648158794	0.29911217362785675	0.010416462496062163	-0.001286205705654924	0.008740913564466065
19.952512200173004	22.09913468685954	-0.3698729625297645	0.29907100443598306	0.010703219349800567	-0.0012350757562099427	0.00860270561215214
19.961808208313577	22.095535697096924	-0.368890189347753	0.2990315031456051	0.010985539578618126	-0.0011850387113383999	0.008469606864526882
19.97110659248615	22.091946426669185	-0.3678821523694841	0.2989937035257772	0.01126359386176361	-0.0011339885948368105	0.008341628494364569
19.980407486725678	22.088367088992	-0.36684923102221206	0.2989577012692315	0.011537547106979134	-0.0010800676963719556	0.008218597356465712
19.98971102698222	22.08479789286246	-0.3657917892073891	0.298923652889133	0.011807554565136377	-0.0010214514029549119	0.008100223744717295
19.999017353028425	22.081239041919822	-0.3647101761487539	0.29889177270713385	0.012073757211821485	-0.0009564054599743872	0.007986079400553302
20.008326610271094	22.077690734143864	-0.3636047276568969	0.2988623296867545	0.012336276898255638	-0.0008832906113802678	0.00787559059302453
20.017638951459254	22.074153161389116	-0.3624757678376515	0.2988356440303492	0.012595211194308656	-0.0008005696921602417	0.007768028881590566
20.02695453900789	22.070626508675563	-0.3613236119401762	0.29881213030906456	0.01285061124475819	-0.0007054116385374634	0.007662001513486025
20.03627354595875	22.06711095397952	-0.36014856834286124	0.2987921672241244	0.013102526170388127	-0.0005988925482061919	0.007557447768898125
20.045596156607377	22.063606668142494	-0.3589509411600623	0.29877620660820436	0.013350945672614033	-0.0004788184776008949	0.007452585066777162
20.054922568201288	22.06011381434201	-0.35773103483311813	0.2987647338204167	0.01359581041055049	-0.0003441836336291842	0.007345942138093658
20.06425299191375	22.05663254780009	-0.3564891586649826	0.2987582616307263	0.01383700460770508	-0.00019416569071144734	0.007235825914637686
20.07358765359574	22.05316301553152	-0.355225632272883	0.298757322993307	0.014074343666300271	-2.8159122577689534e-05	0.007120171757855794
20.08292679428202	22.049705356130712	-0.3539407913871822	0.29876246359325753	0.01430757957599504	0.00015421799851632163	0.006997077290843003
20.092270670408357	22.046259699608513	-0.3526349944630191	0.29877423192937363	0.014536378478452038	0.00035305008348385805	0.006863967073710004
20.101619553688657	22.042826167280747	-0.3513086305612611	0.29879316891867036	0.014760316285873668	0.0005681096789026635	0.00671813422264895
20.110973730847697	22.039404871636215	-0.3499621248324146	0.29881981045696654	0.014978936764701559	0.000799246148885556	0.006558614364836781
20.12033350247006	22.035995916452837	-0.34859595134918286	0.2988546297830495	0.015191534451167587	0.0010445797824880242	0.006377930593980895
20.12969918133347	22.032599396921473	-0.3472106466619937	0.29889806568682636	0.015397358111842747	0.001303077113306447	0.006174709820254779
20.13907109064817	22.029215399701453	-0.3458068179182482	0.2989504901344384	0.015595528602808315	0.0015727334283593664	0.005945114728966942
20.14844956144342	22.025844003156276	-0.3443851552953664	0.2990121885205486	0.01578502966361846	0.0018509515833059723	0.005685031824304422
20.157834929254967	22.022485277683096	-0.34294644541799657	0.299083337669374	0.015964699095205863	0.0021344744647636372	0.005390082947622014
20.167227530036644	22.019139286145272	-0.34149158574001476	0.2991639814753625	0.016133220497281924	0.002419314179655119	0.005055642062281914
20.176627695216126	22.01580608441746	-0.3400215998543476	0.29925400410046044	0.016289115768838916	0.0027006787529374834	0.004676858146709827
20.186035745812617	22.012485722052762	-0.33853765367246513	0.2993531006768181	0.016430738599363715	0.002972897290728791	0.004248684915743822
20.195451985533424	22.00917824308159	-0.337041072390367	0.29946074550228163	0.016556269204278475	0.0032293447639071184	0.003765918147442669
20.20487669276664	22.00588368695148	-0.3355333581284488	0.29957615776169194	0.016663710586284127	0.003462367782307903	0.0032232414601695513
20.214310111357104	22.002602089628194	-0.3340162081197869	0.2996982628073319	0.01675088627309833	0.00366315136919931	0.002615270604426196
20.223752440187237	21.999333484832302	-0.3324915331962987	0.2998256594857545	0.016815441647689413	0.003821900352677359	0.0019366612377324053
20.23320382142512	21.99607790544404	-0.33096147638019685	0.29995657285123883	0.01685484576174502	0.003927400964530204	0.0011821234216682155
20.24266432731407	21.992835385105757	-0.32942843133796673	0.3000888136536934	0.016866397465949232	0.003967224073635856	0.0003465511261263681
20.252133945553215	21.989605959995203	-0.32789506028907317	0.3002197342718909	0.01684723461071512	0.0039276185459242935	-0.000574885657023402
20.261612563198966	21.98638967078963	-0.3263643109783651	0.30034618371732935	0.016794347115616125	0.003793483363152395	-0.00158662485296977
20.271099949068386	21.983186564829392	-0.3248394322281035	0.3004644622326007	0.016704594396044263	0.0035483554581428552	-0.0026925815871557735
20.280595734645523	21.979996698491085	-0.3233239875075477	0.30057027609398645	0.016574727650430176	0.003174415841571838	-0.00389600236842254
20.29009939952574	21.976820137775558	-0.32182186576557087	0.3006590735350642	0.016401399124342336	0.0026639232323339354	-0.00519985578263521
20.299610242871847	21.973656963355605	-0.3203372892444643	0.3007248265329735	0.0161812508534482	0.001972589937276911	-0.006604448126824134
20.309127354372198	21.970507275543415	-0.3188748197179983	0.300761220797595	0.015910838646077705	0.0010918279386443405	-0.008112366221114813
20.318649595943047	21.967371195524148	-0.3174393541350869	0.30076114690810074	0.015586874431082436	-2.2166848271102574e-06	-0.009718926449858048
20.328175575771592	21.964248869166457	-0.3160361143023138	0.30071672321653975	0.015206106004797207	-0.0013327107468304315	-0.011423052788556926
20.337703622004863	21.96114047098566	-0.31467063477697654	0.3006192490810481	0.014765435149354356	-0.002924224064751097	-0.013220125663285589
20.34723175540839	21.958046208611997	-0.3133487401427391	0.3004591829679301	0.014261985885740486	-0.0048019833935407175	-0.015103477908416051
20.356757661529187	21.954966327736823	-0.31207651319223956	0.3002261271078469	0.01369317989992175	-0.0069916758024972875	-0.017064179574562126
20.36627866261985	21.951901117614444	-0.31086025302260645	0.2999088193185469	0.013056818787731956	-0.009519233678999426	-0.019090833365693845
20.37579168960214	21.94885091720998	-0.30970642213719785	0.2994951324743394	0.012351172473495159	-0.012410605326225867	-0.021169389427103943
20.38529325436506	21.9458161220961	-0.30862158179055615	0.29897208194106345	0.011575072845675981	-0.015691515998278255	-0.023282988834575327
20.394779422702985	21.942797192211508	-0.3076123150201832	0.29832584112206184	0.01072801130844957	-0.019387224570048475	-0.025411846116792338
20.404245788203003	21.93979466060125	-0.30668513708413453	0.2975417650904066	0.009810238580014223	-0.02352228094965681	-0.027533181853060466
20.41368744738824	21.936809143260742	-0.30584639337122116	0.2966044221350317	0.008822864687298964	-0.028120288661248084	-0.029621216781457786
20.42309897641546	21.933841350200527	-0.3051021452715627	0.2954976329461814	0.007767956726324908	-0.03320367566550872	-0.03164723882922171
20.432474409549307	21.930892097854436	-0.30445804497237045	0.2942045131642641	0.006648632006540252	-0.03879359345752075	-0.03357974159353965
20.441807219878303	21.92796232284772	-0.30391920074825024	0.29270753919745274	0.005469141514168449	-0.04490921900434282	-0.03538471477115407
20.451090302393627	21.925053097206643	-0.3034900348760324	0.2909885963303991	0.004234943900902746	-0.051568286011609774	-0.03702592839797111
20.460315959554798	21.92216564503361	-0.30317413693215384	0.28902905102603854	0.002952762973519173	-0.05878635913081683	-0.0384654278215072
20.469475890845438	21.91930136016313	-0.30297411785512357	0.28680989331130263	0.001630582405070926	-0.06657473144207479	-0.03966541705344742
20.478561182956984	21.916461825752513	-0.3028914631128158	0.2843115986369682	0.00027779534302982374	-0.07494884023003254	-0.040583611861233077
20.4875623040467	21.913648834578968	-0.30292639753472217	0.28151448848274335	-0.001095032769094083	-0.0839133046267441	-0.04118484336371721
20.496469103826993	21.910864409139016	-0.3030777586497339	0.2783987075951832	-0.0024758750585467245	-0.09347342662680617	-0.04142526868357925
20.505270816477847	21.908110822197205	-0.30334288732906645	0.2749443991037528	-0.003851610326659801	-0.10362925474291539	-0.041272058043392304
20.513956068850547	21.905390616383553	-0.3037175514415455	0.271131846435782	-0.005208032120244243	-0.11437658003912493	-0.040692653807533265
20.522512894009648	21.902706622208484	-0.30419589608111414	0.2669416607067665	-0.006529996623200026	-0.12570557187046522	-0.03965893508867349
20.530928751271745	21.900061973410676	-0.3047704307897427	0.2623550068922732	-0.007801609837030981	-0.13759961443479746	-0.038148396414928676
20.53919055389391	21.897460118453214	-0.30543205943966384	0.2573538773046299	-0.009006454061606915	-0.15003388762929776	-0.03614532673727801
20.54728470582042	21.894904826840484	-0.30617015770784456	0.25192142160692527	-0.010127852380492615	-0.16297367093113724	-0.03364194956657102
20.555197149177452	21.892400188810488	-0.30697270196844384	0.24604234300253972	-0.011149168222580405	-0.17637235813156582	-0.030639475262633664
20.562913424503897	21.889950606876265	-0.3078264519069706	0.23970337028426367	-0.01205413516538207	-0.19016918154828188	-0.027149008284049994
20.570418746014496	21.88756077765644	-0.30871718720367664	0.2328938150751031	-0.01282720999251605	-0.2042866562748179	-0.02319224481401931
20.5776980944995	21.885235662458953	-0.3096299962511211	0.22560622284229218	-0.01345393968907156	-0.21862776698432693	-0.01880189089666536
20.584736330764	21.88298044517082	-0.3105496121075676	0.21783712516663672	-0.013921330682632602	-0.23307293026966236	-0.014021729806831274
20.591518332792297	21.880800476162808	-0.31146078783784786	0.20958789941437922	-0.014218206403578373	-0.2474767725677255	-0.00890627162837309
20.598029159971077	21.87870120117445	-0.312348700080725	0.20086573350333936	-0.014335533855000832	-0.26166497733119565	-0.0035198235426737684
20.604254244804956	21.876688075429875	-0.3131993681658627	0.19168450853867552	-0.014266773636309358	-0.2754367489399162	0.0020628065607441854
20.610179626658343	21.874766459052907	-0.31400006785973267	0.18206666813129238	-0.014007924732712753	-0.2885352122214945	0.0077654671078981104
20.615792223800266	21.872941496126057	-0.314739722861545	0.17204384657991495	-0.013557830221667642	-0.30068464654132226	0.01350283533135337
20.621080141723578	21.871217979513595	-0.31540925727799224	0.16165858356934687	-0.012918223008627104	-0.3115578903170417	0.01918821639121616
20.626033032937592	21.86960019826934	-0.31600188331734336	0.1509658780233929	-0.012093626845314374	-0.3207811663786196	0.024737884899381928
20.630642508895537	21.868091769316077	-0.3165133045673208	0.14003490772309615	-0.011091206533065407	-0.3279291090089033	0.03007260936746896
20.634902609463413	21.86669545355113	-0.3169418183625739	0.12895088659502085	-0.009920488983278603	-0.3325206338422591	0.03512152649360408
20.638810335155622	21.865412956439556	-0.31728830225627	0.1178170788134284	-0.00859297174485785	-0.3340142334477737	0.03982551715262253
20.64240519322328	21.86423191191324	-0.31755890329896674	0.10921669584924473	-0.007121166312210481	-0.25801148892550985	0.04415416297942112
20.646769219290498	21.86279768294926	-0.31733423118361054	0.16640306309022856	0.016263298856306407	1.7155910172295155	0.7015339550555068
20.652835242723654	21.86081002617822	-0.31575279733658335	0.21659921630969178	0.037305360682282504	1.505884596583896	0.631261854779283
20.66038548517621	21.858356684026102	-0.3123719822343784	0.25973092404273057	0.05575538184896102	1.293951231991163	0.5535006350003555
20.669205868649964	21.855533280747128	-0.30699319611851056	0.2959448230392142	0.07149888450542138	1.0864169698945096	0.4723050796938115
20.679091301440558	21.85243838057083	-0.2996215799788866	0.32557142614528883	0.0845343553147717	0.8887980931822383	0.3910641242805096
20.689849411924623	21.84916807591402	-0.2904170724412643	0.34908243608208195	0.0949502435577091	0.7053302981037929	0.312476647288122
20.701303060781026	21.845811151799282	-0.27964424528417353	0.36704814998961555	0.10290256095070276	0.5389714172260078	0.23856952178980959
20.713291941851356	21.842445460176002	-0.26762636778926746	0.38009766301418646	0.1085940946853747	0.39148539073712463	0.17074601204015827
20.725673484640215	21.839135752537207	-0.2547070959002884	0.3888838638956948	0.1122560377020254	0.2635860264452481	0.10985829049952059
20.738323185328394	21.835932917862902	-0.24122129629304598	0.3940544290145241	0.11413255879822917	0.15511695356488192	0.056295632886113674
20.751134441079877	21.832874381805638	-0.22747502032723446	0.3962292763096532	0.11446852453127176	0.06524541885387487	0.010078971991277769
20.764017944978335	21.829985336608257	-0.2137336313394252	0.39598432693161906	0.11350030588323197	-0.007348481341026767	-0.029046559441193973
20.7769007042384	21.82728046587151	-0.2002165451653982	0.393840984039401	0.11144939214964168	-0.06430028676654065	-0.06152741200770871
20.78972475789377	21.824765874323756	-0.18709688054727264	0.3902604780164505	0.10851840484004883	-0.10741518068851569	-0.08792961928778537
20.8024456810372	21.822441002939467	-0.1745044156652119	0.3856421211628461	0.10488904944813338	-0.13855070560813082	-0.10888066175746385
20.81503097251734	21.820300382483303	-0.16253049256462998	0.3803249517385719	0.1007214814336088	-0.15951508272822312	-0.1250270404357368
20.827458385487535	21.818335149025053	-0.15123383342022215	0.3745895553432684	0.09615497490608314	-0.17206189185910656	-0.13699519582576955
20.839714293795566	21.81653428662914	-0.14064650311242072	0.3686644941263739	0.09130897958543444	-0.17775183650683374	-0.14537985961946112
20.851792163296775	21.81488560005335	-0.13077952899039003	0.36273109022253586	0.08628478300439922	-0.17800211711514144	-0.15072589743105635
20.86369113804566	21.81337644749448	-0.1216279181307245	0.3569291962107788	0.08116734815502075	-0.17405682035271175	-0.15352304548135437
20.87541477567556	21.81199426689309	-0.11317493736094306	0.3513629465868381	0.07602720465749238	-0.1669874887182221	-0.15420430492585177
20.88696994241534	21.81072693427664	-0.10539563436022457	0.34610625957866026	0.07092228773275323	-0.15770061024533422	-0.1531475077421746
20.898365868243406	21.809562990867416	-0.09825964318966672	0.3412079410190113	0.0658996579837895	-0.14694955678946914	-0.15067889246891228
20.9096133555457	21.808491771420645	-0.09173335345993368	0.336696305610139	0.06099706460871963	-0.13534906226616897	-0.14707780125209574
20.92072412996595	21.807503460974456	-0.08578153772680495	0.3325832779646221	0.056244336033968036	-0.12339082936550984	-0.14258185724254777
20.93171031943854	21.80658910182727	-0.0803685336861835	0.3288679691947963	0.05166459662880446	-0.11145926309477533	-0.13739218215490714
20.94258404619646	21.80574056763811	-0.07545907165368407	0.32553974740520136	0.04727531763691476	-0.09984665368784432	-0.13167836975669098
20.953357116421223	21.804950517316513	-0.07101882745585912	0.3225808347706862	0.043089216048490656	-0.0887673790354548	-0.12558304765272343
20.964040792797167	21.804212337898235	-0.06701476878459503	0.3199684721046659	0.03911501792447139	-0.07837087998060878	-0.11922594372057801
20.974645636276268	21.803520082854554	-0.0634153508890687	0.31767669566625967	0.03535810352751637	-0.06875329315218563	-0.11270743190865032
20.985181404650426	21.802868410171808	-0.060190606142608294	0.3156777717656258	0.031821051200483695	-0.05996771701901729	-0.10611156981098008
20.995656997177445	21.8022525229636	-0.05731215641261497	0.3139433487254456	0.028504211572504396	-0.052032691205405046	-0.09950518883937894
21.00608043570389	21.801668114317344	-0.054753170190977085	0.31244534024997933	0.02540618400874587	-0.04494025426398847	-0.09294082691275574
21.016458873157795	21.8011113172608	-0.05248829889307647	0.31115655172403056	0.022523943420557115	-0.03866365577846186	-0.08646721764566276
21.02679862219543	21.80057865995036	-0.050493615237284704	0.3100511515503029	0.019853000114083398	-0.033162005211830076	-0.08012829919421163
21.037105198983838	21.800067025808993	-0.04874655170503534	0.30910501480054775	0.017387659352777477	-0.02838410249265281	-0.07396022283917748
21.047383377614825	21.79957361826699	-0.04722583833032033	0.3082959398552557	0.01512124524681058	-0.024272248358762405	-0.06799242317900688
21.057637251110037	21.799095929680547	-0.04591144348924241	0.3076037628282806	0.013046295083558061	-0.020765310809252178	-0.06224850489757557
21.067870295783532	21.798631713945703	-0.04478451950514423	0.3070103913222074	0.011154729000794972	-0.017801145182193077	-0.05674698248289265
21.078085436425116	21.798178962317902	-0.04382735361595539	0.30649977597940536	0.009437998882174978	-0.01531846028406277	-0.05150190355859977
21.08828511036237	21.797735881972	-0.04302332403554501	0.3060578354772997	0.007887219511282611	-0.013258215063170698	-0.04652338112677103
21.098471328960493	21.7973008768809	-0.04235686036775943	0.3056723480745087	0.006493284343423023	-0.01156462208373133	-0.04181805503578764
21.108645735536516	21.79687253064397	-0.04181340740744598	0.3053328205458096	0.005246967724953592	-0.010185825860970528	-0.037389498554082926
21.11880965900776	21.79644959095142	-0.0413793913118535	0.3050303433401332	0.004139014988338677	-0.009074316170292418	-0.033238582098447426
21.128964162872258	21.796030955424946	-0.04104218718900029	0.3047574390429047	0.0031602215537855187	-0.008187128916852955	-0.02936380303659475
21.139110089340413	21.795615658624104	-0.04079008728133696	0.3045079097065604	0.0023015019557267795	-0.007485880090328946	-0.025761587941762195
21.149248098609505	21.795202860051326	-0.04061226908929771	0.30427668731272045	0.0015539495660372347	-0.0069366718152000404	-0.02242657169068635
21.159378703404048	21.79479183302556	-0.04049876295574819	0.30405969052806026	0.0009088876886333093	-0.006509903539808159	-0.019351856322117764
21.169502299001056	21.794381954324855	-0.04044041880229182	0.3038536899941486	0.00035791263862595534	-0.0061800160173510026	-0.01652925150022062
21.179619187733294	21.79397269462165	-0.04042885798115756	0.30365610586424335	-0.00010676891181806291	-0.005927523897157354	-0.013940446513320548
21.1897296020303	21.793563609534544	-0.040456456452184854	0.30346511790091535	-0.0004933161465530473	-0.005729638899838509	-0.01159641704204953
21.1998337241662	21.793154330939043	-0.04051632162469904	0.3032793549172857	-0.0008091097006596656	-0.0055728895088914135	-0.009473806623198551
21.209931700369044	21.792744559090465	-0.040602236054601074	0.30309786359333846	-0.0010611541021101015	-0.005444739718416061	-0.007561332043513079
21.22002365311529	21.792334055306394	-0.040708619952902314	0.3029200282790385	-0.0012560685066089364	-0.005335059428998924	-0.005847432134965048
21.23010969095891	21.791922635161196	-0.040830493446227585	0.3027455013349379	-0.0014000798922567338	-0.005235808323018562	-0.004320341569433934
21.240189916226413	21.79151016217347	-0.0409634387502558	0.3025741431615349	-0.0014990205071053868	-0.005140745202088772	-0.002968218445459583
21.250264430883995	21.79109654196895	-0.041103562525945346	0.30240597116682155	-0.0015583290995805933	-0.005045159841399747	-0.0017792577742561972
21.26033334085808	21.79068171690132	-0.04124745868014227	0.30224111687826205	-0.0015830554607252389	-0.004945628656784839	-0.0007417908343393608
21.270396759064834	21.790265661113196	-0.04139217185457741	0.30207979038850874	-0.0015778678288552866	-0.004839794692601132	0.00015562895609856544
21.280454807377875	21.7898483760187	-0.04153516182380699	0.30192225133385037	-0.0015470627321751374	-0.004726171639752828	0.0009241529004044745
21.290507617737692	21.789429886188316	-0.04167426899553145	0.30176878563346204	-0.0014945768716467121	-0.004603971011648658	0.001574575815852765
21.30055533258169	21.789010235615876	-0.04180768117773831	0.3016196872605055	-0.0014240006751191833	-0.004472951188698856	0.002117285895825869
21.310598104750486	21.788589484346964	-0.04193390174769277	0.3014752443679736	-0.0013385931831544286	-0.004333286775956049	0.0025622247589426484
21.320636097004765	21.788167705447524	-0.042051719329028875	0.30133572915004053	-0.0012412979568519453	-0.00418545653799088	0.0029188567890744933
21.33066948126732	21.787744982291272	-0.04216017905587093	0.3012013908795982	-0.0011347597275777948	-0.004030148113269516	0.003196146878224513
21.340698437687518	21.787321406144343	-0.04225855547758344	0.3010724516228515	-0.0010213415375702115	-0.003868177702399048	0.0034025457002274935
21.35072315360955	21.78689707402598	-0.042346327134745926	0.3009491041904919	-0.0009031421483821553	-0.0037004229707872757	0.003545981675641684
21.360743822512358	21.786472086824226	-0.04242315281644829	0.3008315119408202	-0.0007820135208416484	-0.0035277674901534133	0.0036338588262152037
21.370760642976926	21.786046547646233	-0.04248884949105304	0.3007198101021989	-0.0006595781955370709	-0.0033510551586392527	0.0036730597591373253
21.380773817726475	21.785620560383357	-0.04254337188712239	0.3006141083303411	-0.0005372464263398287	-0.003171053155732673	0.0036699530759172665
21.390783552776234	21.785194228472083	-0.04258679368814679	0.30051449425920845	-0.00041623294147376147	-0.0029884221339780484	0.003630404545982015
21.400790056722116	21.784767653832517	-0.04261929029387734	0.30042103784341456	-0.0002975732266468305	-0.0028036924738172484	0.0035597914448079284
21.410793540191353	21.78434093596721	-0.04264112309226793	0.3003337963243798	-0.00018213924315212774	-0.0026172455710447664	0.003463019504841083
21.420794215473205	21.783914171203943	-0.04265262517907693	0.3002528196827056	-7.065451043584712e-05	-0.0024292992502228184	0.0033445419814884195
21.43079229634348	21.783487452067146	-0.042654188456855764	0.3001781564653046	3.6291502529705825e-05	-0.002239896522032935	0.0032083803889665892
21.440787998093498	21.783060866763478	-0.04264625204117435	0.3001098598985063	0.00013822971913910435	-0.002048897003950793	0.003058146498281957
21.450781537771206	21.78263449876821	-0.04262929189926667	0.3000479942159961	0.00023479856174943447	-0.0018559704753061694	0.002897065278309903
21.46077313464043	21.782208426499846	-0.042603811644744166	0.2999926411494652	0.00032573184158165967	-0.0016605919959249633	0.0027279983949667574
21.4707630108623	21.78178272307153	-0.042570334411291086	0.299943906535206	0.0004108474463905548	-0.001462038427778206	0.0025534681442668534
21.480751392401885	21.78135745610851	-0.04252939572833731	0.2999019270114342	0.000490036826560871	-0.0012593857131528237	0.002375681405109485
21.49073851016222	21.780932687621977	-0.04248153732253699	0.29986687678077073	0.0005632552770375074	-0.001051506919904487	0.002196553514299097
21.50072460134713	21.7805084739303	-0.04242730176997765	0.2998389744183782	0.0006305130090407505	-0.0008370708717739133	0.002017731960097295
21.51070991105385	21.780084865619592	-0.04236722792575381	0.2998184897161118	0.0006918669943123447	-0.0006145410679927612	0.0018406195581478217
21.520694694096022	21.779661907536276	-0.042301847059450864	0.2998057505464054	0.0007474135700241935	-0.00038217509119465855	0.001666397271355465
21.530679217057298	21.77923963880504	-0.042231679627299554	0.29980114974057215	0.0007972817790048948	-0.00013802417499764275	0.001496046269421038
21.54066376057543	21.778818092866327	-0.04215723261416973	0.29980515196455854	0.0008416274276546229	0.00012006671959121184	0.0013303694594918429
21.550648621856407	21.778397297528212	-0.04207899738103692	0.29981830058222714	0.0008806278335238151	0.0003944585300579663	0.0011700121760757653
21.560634117417496	21.77797727502805	-0.04199744795619921	0.2998412244848937	0.0009144772395551586	0.0006877170799994113	0.0010154821809403058
21.570620586057686	21.777558042100083	-0.04191303971112185	0.2998746448657636	0.0009433828665873569	0.0010026114260977628	0.0008671688109659463
21.58060839205278	21.777139610045605	-0.041826208364484654	0.29991938190811807	0.0009675615776797647	0.0013421112706336349	0.0007253613327722328
21.590597928571693	21.776721984803046	-0.041737369260622006	0.29997636134907246	0.0009872371264457425	0.0017093832286319845	0.0005902664629793287
21.600589621308707	21.776305167015774	-0.04164691687120231	0.30004662087121153	0.0010026379608145425	0.0021077856641727294	0.00046202503106400014
21.610583932324932	21.775889152096052	-0.04155522447155017	0.3001313162618845	0.001013995555439317	0.002540861720187686	0.00034072783874322936
21.62058136408998	21.775473930284043	-0.04146264394556931	0.30023172726864494	0.0010215432429768537	0.0030123302028115325	0.0002264306261261032
21.63058246371212	21.775059486701384	-0.04136950567569065	0.3003492630626638	0.0010255155181262353	0.0035260738205646664	0.00011916825448145466
21.640587827342163	21.77464580139929	-0.041276118476678995	0.3004854672063559	0.0010261477845022481	0.004086124310762289	1.8967991280385924e-05
21.65059810473248	21.774232849401766	-0.04118276953448631	0.30064202200247325	0.0010236765179085093	0.004696643883522662	-7.413799781216433e-05
21.660614003928096	21.773820600744973	-0.04108972431365321	0.30082075208023523	0.001018339815223871	0.005361902332858393	-0.00016010108053915296
21.670636296061748	21.77340902051437	-0.04099722639898418	0.3010236270518896	0.0010103783024940783	0.006086249149630149	-0.00023884538189377938
21.680665820218707	21.77299806888183	-0.04090549723941737	0.3012527630448541	0.0010000363698260222	0.006874079788933937	-0.00031025798004168754
21.690703488330268	21.772587701145486	-0.04081473576417452	0.3015104228897189	0.000987563704842902	0.0077297953459435935	-0.0003741799494936006
21.700750290046933	21.772177867775685	-0.04072511784341062	0.30179901470734016	0.0009732170901837733	0.008657754528639428	-0.00043039843977386123
21.710807297533332	21.771768514471077	-0.04063679556772703	0.30212108861052156	0.000957262433512609	0.009662217095440503	-0.0004786397001349304
21.720875670116584	21.771359582229508	-0.040549896323068	0.30247933118923637	0.0009399769920000671	0.010747277361445602	-0.0005185632453762561
21.73095665870836	21.770951007439194	-0.040464521639768214	0.3028765574177167	0.0009216517543109202	0.011916786854408489	-0.0005497571306744037
21.74105160990794	21.770542721996335	-0.04038074579684378	0.30331569956354787	0.0009025939370022536	0.01317426437493681	-0.0005717345192600007
21.75116196967887	21.770134653456243	-0.040298614165125	0.30379979264417734	0.0008831295511843746	0.014522792418883245	-0.0005839315745363738
21.76128928647568	21.769726725225905	-0.040218141275551955	0.30433195590893314	0.0008636059888683431	0.015964897942673074	-0.0005857068694809464
21.771435213679045	21.769318856806883	-0.040139308602040895	0.30491536978060396	0.0008443945749729341	0.01750241615012484	-0.0005763424168622722
21.78160151117756	21.76891096409855	-0.040062062051831486	0.3055532476180412	0.0008258930246427055	0.01913633512311676	-0.0005550465099068609
21.791790045912247	21.768502959772658	-0.03998630916034838	0.3062488016024661	0.0008085277394244167	0.02086661953274687	-0.0005209585565486649
21.80200279117536	21.768094753731553	-0.039911915992496536	0.3070052019767904	0.0007927558688995999	0.02269201122972754	-0.00047315611574450076
21.812241824428135	21.767686253663513	-0.03983870375819658	0.3078255287888515	0.0007790670564046449	0.024609804361831713	-0.0004106643748486522
21.82250932337256	21.76727736570997	-0.039766445157131354	0.3087127152167283	0.0007679847786968675	0.02661559283630281	-0.0003324683312333226
21.83280755998013	21.766867995260856	-0.03969486047642153	0.3096694814606	0.0007600671802386836	0.028702987316152194	-0.00023752795374551642
21.843138892145145	21.76645804789543	-0.039623613475657536	0.31069825810167667	0.0007559072922491437	0.030863299232297997	-0.00012479663968619634
21.853505752592014	21.766047430487493	-0.039552307106833245	0.3118010977329463	0.0007561325157271338	0.03308518893808791	6.756704339702682e-06
21.863910634624464	21.76563605249491	-0.03948047913275237	0.31297957356768846	0.0007614032356163476	0.03535427504226483	0.0001581215966764178
21.87435607425973	21.76522382745454	-0.03940759772696421	0.31423466362929864	0.0007724104210908442	0.037652701848304694	0.00033021556423489933
21.88484462824254	21.76481067470448	-0.039333057161840566	0.31556661901972854	0.0007898720537652861	0.03995866171289721	0.0005238489802332623
21.89537918049903	21.764396505910998	-0.03925684237894182	0.3169948226733716	0.0008005344733046313	0.04284610960929161	0.0003198725861803532
21.90596292989018	21.763981216995607	-0.03917956438332545	0.31851881054726394	0.0008045723532061888	0.045719636216771165	0.0001211363970467268
21.91659903841259	21.763564699891976	-0.039101799771986176	0.32013684612422744	0.0008027001205789926	0.04854106730890414	-5.616697881588687e-05
21.927290602867522	21.76314684409069	-0.039024063967088504	0.32184676307484217	0.0007956528693145978	0.0512975085184402	-0.00021141753793183985
21.938040642165692	21.76272753767082	-0.038946809135927664	0.3236460612357839	0.0007841794697017025	0.0539789448282498	-0.0003442019883868595
21.948852087622367	21.76230666823323	-0.03887042246021669	0.3255319901577147	0.0007690360645924795	0.05657786765792667	-0.0004543021532766923
21.959727775848943	21.761884123752875	-0.03879522473961683	0.3275016214302468	0.0007509799880685513	0.05908893817596242	-0.0005416822957178477
21.970670443886014	21.76145979336576	-0.038721469317867636	0.32955191091318137	0.0007307641226013268	0.06150868448803534	-0.0006064759640167338
21.981682726259	21.761033568104345	-0.03864934132324213	0.3316797519086475	0.0007091316933683139	0.06383522986398502	-0.000648972876990388
21.992767153670528	21.760605341593628	-0.0385789572184218	0.333882020229817	0.0006868114831419217	0.06606804963508472	-0.0006696063067917628
22.00392615307441	21.76017501071835	-0.038510364658384325	0.3361556120453243	0.000664513437384032	0.06820775446521964	-0.0006689413727366868
22.015162048903846	21.759742476270187	-0.03844354265868712	0.33849747530346225	0.000642924616769915	0.07025589774414015	-0.0006476646184235099
22.026477065252443	21.759307643582176	-0.03837840208079582	0.3409046354758753	0.0006227054427899633	0.07221480517239078	-0.000606575219398554
22.0378733288297	21.758870423156083	-0.03831478644597828	0.3433742162809532	0.0006044861726425586	0.07408742415233785	-0.0005465781044221444
22.04935287253393	21.75843073128686	-0.03825247309490092	0.3459034559988097	0.000588863530378631	0.07587719153569421	-0.0004686792679178241
22.0609176395048	21.757988490686863	-0.03819117471657612	0.34848971992601996	0.0005763974134580011	0.07758791781630701	-0.00037398350761889813
22.072569487535077	21.757543631110995	-0.03813054127782375	0.3511305094675658	0.0005676075867030568	0.07922368624637378	-0.0002636948026483242
22.084310193736698	21.757096089982316	-0.03807016239299688	0.3538234683067913	0.0005629702701061852	0.08078876517676296	-0.000139119497906147
22.09614145937032	21.756645813016252	-0.03800957018345587	0.3565663860522186	0.0005629145214721618	0.08228753236281774	-1.6724590207057568e-06
22.10806491475985	21.756192754839667	-0.03794824268722403	0.35935719971337643	0.0005678183107526217	0.08372440983473634	0.00014711367841379371
22.12008212422454	21.755736879599436	-0.03788560789137134	0.36219399331491786	0.0005780041806926807	0.0851038080462431	0.0003055760982017693
22.132194590970737	21.755278161553278	-0.037821048472974274	0.3650749959240586	0.0005937343856181582	0.08643007827422139	0.0004719061477643227
22.14440376189396	21.754816585633332	-0.037753907348960385	0.36799857832768135	0.0006152054000136061	0.08770747210868236	0.0006441304318634401
22.156711032249174	21.754352147970952	-0.037683494150651864	0.37096324856458324	0.0006425416889387891	0.08894010710705656	0.0008200886677554938
22.16911775015335	21.753884856368384	-0.03760909275528892	0.37396764648582176	0.0006757886344312742	0.0901319376371567	0.0009974083647745547
22.181625220889792	21.753414730700378	-0.03752997002402203	0.3770105374943701	0.0007149045167958773	0.0912867302564498	0.001173476470938092
22.194234710987782	21.75294180322552	-0.037445385913696116	0.38009080557798686	0.0007597514538781339	0.09240804250850454	0.0013454081124676996
22.206947452055083	21.752466118783662	-0.03735460514794842	0.3832074457481976	0.0008100852104657995	0.09349920510632295	0.0015100126976299705
22.21976464434345	21.751987734851863	-0.03725691065129201	0.3863595559528517	0.0008655438006805738	0.09456330613962372	0.0016637577064432304
22.23268746002969	21.751506721427074	-0.03715161896760974	0.38954632853848575	0.0009256348199983116	0.09560317756902145	0.001802730579532133
22.24571704619662	21.751023160698942	-0.03703809790139749	0.392767041301982	0.0009897214600524877	0.09662138290488667	0.0019225992016252862
22.258854527499597	21.750537146471064	-0.03691578663555233	0.3960210481827081	0.0010570071812622795	0.09762020642178383	0.002018571636293753
22.272101008505484	21.750048783283237	-0.03678421859280003	0.39930776961946096	0.0011265190434700033	0.09860164310258485	0.0020853558662317054
22.285457575691858	21.74955818518132	-0.03664304731818171	0.40262668261160567	0.0011970897261972763	0.09956738976434233	0.002117120481818193
22.298925299095178	21.749065474074612	-0.03649207566638051	0.40597731051086217	0.0012673383066196184	0.10051883697769312	0.0021074574126702657
22.312505233597832	21.748570777613853	-0.03633128857892166	0.4093592125873958	0.0013356499072880224	0.10145706229600861	0.002049348020052122
22.32619841984534	21.74807422651566	-0.03616088973106947	0.41277197341848576	0.0014001543765479922	0.10238282493269969	0.0019351340777990927
22.340005884786848	21.74757595125166	-0.03598134231503433	0.4162151921671345	0.0014587042242724497	0.10329656245946225	0.0017564954317337172
22.35392864183473	21.747076078013063	-0.035793414203081866	0.41968847184285724	0.0015088521045686755	0.10419839027168001	0.0015044364088867782
22.367967690642335	21.746574723853616	-0.035598227699305235	0.4231914086572576	0.0015478282159845846	0.10508810443201191	0.0011692833424772763
22.382124016503486	21.746071990906966	-0.03539731403987433	0.426723581632965	0.0015725180804687024	0.10596518927122166	0.0007406959345235383
22.396398589382752	21.745567959567172	-0.03519267273590085	0.4302845426461042	0.0015794412654693603	0.10682883039417708	0.00020769555001974618
22.41079236259245	21.745062680515698	-0.03498683576788265	0.4338738071439908	0.0015647317285548438	0.10767793493659775	-0.0004412861074354973
22.425306271140347	21.74455616547321	-0.03478293653293018	0.43749084580032205	0.0015241205939302775	0.10851115968993615	-0.0012183340387369847
22.439941229781493	21.744048376551916	-0.03458478331223543	0.4411350774378373	0.0014529223145797019	0.10932694912545905	-0.0021359483805172613
22.454698130817917	21.743539214083526	-0.03439693686301383	0.4448058635590228	0.0013460253327478877	0.1101235836355627	-0.003206909454954427
22.469577841701238	21.74302850280059	-0.03422479154273337	0.44850250488012977	0.001197888526049378	0.11089923963320787	-0.004444104200955296
22.484581202504373	21.742515976255213	-0.034074659140063884	0.4522242402465846	0.0010025449155905747	0.11165206099364253	-0.005860308313764098
22.499709023339122	21.742001259370284	-0.033953854312751476	0.4559702483201329	0.0007536143177597704	0.11238024220644739	-0.007467917934924127
22.514962081805194	21.741483849035188	-0.03387078021386447	0.45973965235271985	0.0004443268376278185	0.11308212097760896	-0.009278624403958557
22.53034112056126	21.740963092681326	-0.03383501252099236	0.46353152828154487	6.755933238370416e-05	0.11375627786474983	-0.011303025157323433
22.5458468451083	21.7404381648046	-0.03385737966453448	0.467344916205321	-0.0003841127874219616	0.11440163771328281	-0.013550163594169972
22.561479921866972	21.739908041442796	-0.0339500365781386	0.4711788350648848	-0.0009183458050725555	0.11501756578691269	-0.01602699052951782
22.577240976611165	21.73937147266752	-0.034126528763764694	0.4750323000133803	-0.001542937130338279	0.11560394845486584	-0.018737739757971713
22.593130593285096	21.738826953214474	-0.034401842873119655	0.4789043414969266	-0.00226571080798621	0.1161612445063887	-0.021683210329437923
22.609149313178133	21.73827269145404	-0.03479243935372201	0.48279402449567993	-0.0030943757529655913	0.11669048996259875	-0.024859948349381444
22.625297634354556	21.737706576998384	-0.035316261988864985	0.48670046562427177	-0.004036353139545379	0.11719323385775583	-0.02825932159739365
22.64157601113217	21.737126147354036	-0.035992718373040467	0.4906228449955723	-0.005098569169965656	0.11767138113901654	-0.03186648091260832
22.657984853272566	21.736528554162394	-0.03684262450419647	0.49456040888089503	-0.006287209280792402	0.11812691655968276	-0.035659203324802366
22.674524524377258	21.73591052972881	-0.03788810573692885	0.49851245774957564	-0.007607429726030999	0.11856146606041976	-0.039606613357157934
22.691167254277566	21.73526995486427	-0.0390601936792126	0.500790787137087	-0.007874406275174944	0.06834988164226527	-0.008009296474318375
22.70784487829638	21.734608769517063	-0.04015510804734981	0.5006527774555375	-0.0065573167297043235	-0.0041402904374411905	0.03951268636411861
22.724517585415374	21.73393111506998	-0.04105894933740003	0.5005356315421826	-0.005359037396823766	-0.0035143773961808355	0.03594837998641672
22.741186131831036	21.73324000836159	-0.041789690174807506	0.5004364410436457	-0.00427726312399498	-0.0029757149540097167	0.03245322818486359
22.757851176350318	21.73253817052416	-0.042364817999894146	0.500352574960775	-0.0033083748942433996	-0.002515982485173358	0.02906664689254741
22.774513288178138	21.731828037276284	-0.04280116463383143	0.5002816995754715	-0.00244771314178171	-0.0021262615586941534	0.025819852573850676
22.791172955637222	21.731111771446592	-0.04311477356218075	0.5002217797275327	-0.0016898203085893156	-0.0017975954379438521	0.022736784995771836
22.80783059520505	21.730391277210114	-0.04332080048396871	0.5001710671975433	-0.0010286541643207846	-0.0015213758995589665	0.019834984328055937
22.824486560412396	21.72966821558019	-0.043433442990641516	0.500128079835251	-0.0004577737688968208	-0.0012896208687013994	0.017126411862718915
22.84114115028305	21.72894402075351	-0.043465895551145425	0.5000915755542834	2.9499987100828908e-05	-0.0010951284289932456	0.014618212679929493
22.857794608155462	21.728219917389367	-0.043430321362470006	0.5000599866722568	0.0004399511729273911	-0.0009476664588012791	0.01231353559244295
22.87444714274299	21.727496937038136	-0.043337863404369244	0.500033303962424	0.0007803391287126759	-0.000800481294080983	0.010211638686548702
22.891098941623934	21.72677593461559	-0.04319863848440396	0.5000107407321027	0.0010573200756745478	-0.0006768969094569583	0.008309428418084415
22.907750161411325	21.726057605890652	-0.043021766745846894	0.4999916584929005	0.0012773609614456852	-0.0005724671763363221	0.006601226579479254
22.924400932961777	21.725342503660674	-0.04281540588894984	0.4999755408304191	0.0014466772580574972	-0.00048352987480594325	0.005079488902555626
22.941051365774086	21.724631053303398	-0.042586793484333745	0.4999619701334968	0.0015711846365366715	-0.0004071209079214522	0.003735221357031635
22.957701551653287	21.72392356758874	-0.04234229551065929	0.49995060738345737	0.0016564630801488697	-0.00034088250135432506	0.0025583533099476285
22.974351567727393	21.723220260661144	-0.0420874593932435	0.4999411751552061	0.0017077318774736429	-0.0002829668476514444	0.0015380639206070642
22.99100147891154	21.72252126112872	-0.04182707003646533	0.4999334438180441	0.0017298340395231252	-0.0002319401149316188	0.0006630648618920575
23.00765133990934	21.721826624218245	-0.04156520754632649	0.4999272203990765	0.0017272287916207728	-0.00018670256907569527	-7.815743693500286e-05
23.02430119683021	21.72113634297509	-0.04130530552937965	0.4999223397889477	0.0017039908992372054	-0.0001464183038950593	-0.000697136771519125
23.04095108849341	21.720450358504262	-0.04105020902956343	0.4999186579604493	0.0016638156948360439	-0.000110454854967545	-0.0012052561321150492
23.05760104748053	21.719768569263337	-0.04080223132497289	0.4999160468679765	0.0016100287793381909	-7.833277419168139e-05	-0.001613607465036293
23.074251100988743	21.71909083942983	-0.0405632089521514	0.49991439071953414	0.0015455994755624676	-4.9684453277064646e-05	-0.0019328791133671505
23.090901271528768	21.718417006375493	-0.040334554456327075	0.4999135833388831	0.0014731572105031359	-2.4221419531778133e-05	-0.0021732679518585017
23.107551577502978	21.717746887287532	-0.04011730648253814	0.4999135263709958	0.0013950100986019772	-1.7090366204854934e-06	-0.0023444133570932183
23.124202033691926	21.71708028498256	-0.03991217692538225	0.49991412811931574	0.0013131650877634955	1.8052449599430893e-05	-0.0024553503251942325
23.14085265167147	21.7164169929634	-0.03971959494492388	0.4999153028390923	0.0012293491139672018	3.524159329821491e-05	-0.002514479213913363
23.157503440177063	21.71575679977128	-0.03953974773390879	0.49991697034454263	0.0011450307883840794	5.00251635120615e-05	-0.0025295497675069272
23.174154405427632	21.71509949268782	-0.03937261798771812	0.49991905581034085	0.0010614422132744672	6.256397394643844e-05	-0.0025076572532977265
23.190805551418098	21.714444860841333	-0.03921801808454772	0.4999214897100373	0.0009796005860980628	7.301699089465988e-05	-0.0024552488153014567
23.207456880186914	21.71379269777175	-0.039075621029724415	0.49992420779671	0.0009003293158026723	8.154260018201918e-05	-0.0023781381088708864
23.224108392062348	21.71314280350714	-0.03894498825582152	0.4999271510833893	0.0008242784256763094	8.829860037946958e-05	-0.002281526703799783
23.240760085890194	21.712494986203225	-0.03882559440061439	0.49993026581130756	0.0007519440644011181	9.344183754617346e-05	-0.0021700308382650965
23.25741195924468	21.71184906339494	-0.03871684920838485	0.49993350338381043	0.0006836869914282238	9.712717508462461e-05	-0.0020477121891982484
23.274064008623665	21.71120486290659	-0.038618116717432815	0.49993682026386194	0.0006197499395659742	9.950640154835908e-05	-0.0019181115558802942
23.290716229628455	21.71056222346431	-0.03852873190875799	0.49994017781226524	0.0005602737906069397	0.00010072645209914437	-0.0017842844687844563
23.307368617128564	21.70992099505166	-0.038448014998460046	0.49994354208815905	0.0005053125268937599	0.00010092827681592979	-0.0016488379114087694
23.324021165411633	21.70928103904597	-0.03837528356009387	0.49994688361272577	0.0004548469464624827	0.00010024573700268523	-0.001513967412951112
23.340673868318834	21.708642228170028	-0.03830986266356387	0.4999501771029831	0.00040879714908625666	9.880470772310345e-05	-0.0013814939212986235
23.357326719366082	21.708004446290623	-0.03825109321474684	0.4999534011836641	0.00036703381729933347	9.672242042755959e-05	-0.0012528999536183514
23.373979711851536	21.707367588092335	-0.03819833867536208	0.49995653808493845	0.0003293883299559004	9.410703823272174e-05	-0.0011293646203123407
23.390632838949934	21.706731558652134	-0.038150990336128045	0.4999595733334559	0.0002956617564256434	9.105745552501902e-05	-0.0010117972059157355
23.407286093794436	21.706096272937447	-0.03810847130833475	0.49996249544313504	0.0002656327879534381	8.766329037360152e-05	-0.0009008690541729102
23.42393946954676	21.7054616552477	-0.03807023938997714	0.49996529561125364	0.00023906466852872819	8.400504355845191e-05	-0.0007970435827468691
23.44059295945642	21.704827638616862	-0.03803578895285054	0.49996796742443067	0.00021571119184349765	8.015439531182038e-05	-0.0007006043005614375
23.457246556909993	21.704194164192053	-0.03800465198676717	0.49997050657797387	0.0001953218332703523	7.617460629680078e-05	-0.0006116807571979701
23.473900255471257	21.703561180601266	-0.03797639842654508	0.49997291061117477	0.0001776460869274389	7.212099602735857e-05	-0.0005302723902902361
23.490554048913186	21.70292864332103	-0.03795063587684195	0.4999751786603433	0.0001624370776804681	6.804147505763504e-05	-0.0004562702774113166
23.50720793124262	21.702296514053284	-0.03792700883942858	0.49997731123054995	0.0001494545167821658	6.397710619900472e-05	-0.0003894768269507381
23.52386189671852	21.701664760118767	-0.03790519753724715	0.4999793099853796	0.00013846706795742487	5.996264488964731e-05	-0.00032962346474356674
23.54051593986459	21.70103335387302	-0.037884916419688365	0.49998117755865806	0.0001292541881282299	5.602719835373953e-05	-0.00027638639487697687
23.557170055477155	21.700402272149603	-0.03786591242404072	0.4999829173836432	0.00012160750387584986	5.219474955337176e-05	-0.0002294005275723421
23.57382423862884	21.699771495734016	-0.03784796305908806	0.4999845335383972	0.00011533178115921476	4.8484642621490884e-05	-0.00018827168149982982
23.590478484668786	21.699141008870733	-0.03783087436838574	0.49998603060929986	0.00011024554234197146	4.4912127080436173e-05	-0.0001525871645179336
23.607132789219953	21.69851079880502	-0.037814478822874	0.49998741357049487	0.00010618138044908316	4.1488835849297375e-05	-0.00012192485678716134
23.62378714817408	21.697880855360204	-0.037798633185214266	0.49998868767805005	0.00010298601677626452	3.8223226657309366e-05	-9.586091018496655e-05
23.64044155768474	21.697251170550615	-0.03778321638156159	0.4999898583777412	0.00010052014384540341	3.512099073350897e-05	-7.397618792615252e-05
23.65709601415886	21.696621738229847	-0.03776812741040411	0.4999909312252262	9.865809200560893e-05	3.2185424548711586e-05	-5.586155519407935e-05
23.67375051424717	21.69599255377338	-0.037753283312609194	0.499991911817515	9.72873538837503e-05	2.9417768663617098e-05	-4.112214365594355e-05
23.69040505483376	21.69536361379448	-0.037738617221889516	0.4999928057346033	9.630799749843139e-05	2.6817512647614806e-05	-2.9380691559702993e-05
23.7070596330251	21.69473491589184	-0.03772407651051837	0.4999936184902936	9.563199509607735e-05	2.4382670709398022e-05	-2.0280072070717686e-05
23.723714246138695	21.694106458427292	-0.03770962104126448	0.499994355491205	9.518249157606424e-05	2.211002734293263e-05	-1.3485105600460089e-05
23.740368891691595	21.693478240331714	-0.03769522153313129	0.499995022003049	9.489303331211956e-05	1.9995355319700767e-05	-8.683747918384253e-06
23.757023567388863	21.692850260937227	-0.03768085804556735	0.4999956231234542	9.470677507889779e-05	1.8033612153325942e-05	-5.587746996681728e-06
23.773678271112193	21.692222519833663	-0.037666518583310785	0.4999961637604589	9.457568040236712e-05	1.6219110141137877e-05	-3.932840295938233e-06
23.790333000908714	21.69159501674727	-0.037652197821913674	0.4999966486160829	9.445972795752816e-05	1.4545668718883057e-05	-3.4785733451820013e-06
23.806987754980106	21.69096775143968	-0.03763789595223359	0.49999708217432326	9.432613458802511e-05	1.3006747210823293e-05	-4.007801085102305e-06
23.8236425316721	21.690340723625145	-0.03762361764073347	0.4999974686929464	9.414860344850211e-05	1.1595558697030571e-05	-5.3259341857028806e-06
23.840297329464306	21.68971393290419	-0.03760937110127854	0.4999978121987326	9.390660397836227e-05	1.0305173587374745e-05	-7.2599841042126755e-06
23.856952146960577	21.6890873787118	-0.03759516727321694	0.4999981164854779	9.358468889081928e-05	9.128602357776515e-06	-9.657452626312642e-06
23.873606982879767	21.68846106027849	-0.03758101909986051	0.49999838511455014	9.317185183805846e-05	8.058872167754091e-06	-1.2385111582855903e-05
23.890261836047003	21.68783497660256	-0.037566940901006665	0.4999986214174801	9.266092835788954e-05	7.089087896186753e-06	-1.532770440510766e-05
23.906916705385417	21.687209126432066	-0.037552947832837004	0.4999988285003234	9.204804152519594e-05	6.212485298674426e-06	-1.8386604980857775e-05
23.923571589908384	21.686583508255133	-0.03753905542837648	0.4999990092495005	9.133209288296216e-05	5.422475315970126e-06	-2.147845926707262e-05
23.940226488712213	21.685958120297258	-0.0375252792116655	0.49999916633872066	9.051429848986352e-05	4.712676603813505e-06	-2.4533831793028082e-05
23.956881400969316	21.685332960524455	-0.03751163437887023	0.49999930223695793	8.959776928367926e-05	4.076947119030403e-06	-2.7495876185606823e-05
23.973536325921838	21.684708026651215	-0.0374981355397195	0.49999941921707136	8.858713440553927e-05	3.509403401494707e-06	-3.031904634428746e-05
23.99019126287573	21.68408331615229	-0.03748479651288614	0.4999995193649916	8.748820580943431e-05	3.004437606782683e-06	-3.2967857883245695e-05
24.006846211195224	21.683458826277462	-0.037471630169212095	0.49999960458927717	8.630768211579573e-05	2.556728565598538e-06	-3.5415710809263404e-05
24.023501170297745	21.68283455406856	-0.037458648317004926	0.4999996766308611	8.505288941827603e-05	2.161247518376914e-06	-3.764378092570414e-05
24.040156139649177	21.682210496378065	-0.03744586162398889	0.4999997370729341	8.373155663668747e-05	1.8132621905620889e-06	-3.963998344777778e-05
24.056811118759516	21.68158664988872	-0.03743327957086668	0.4999997873507906	8.235162290513424e-05	1.5083356949401241e-06	-4.139801194672453e-05
24.073466107178845	21.68096301113369	-0.0374209104318317	0.49999982876155513	8.09210744352271e-05	1.2423229349369424e-06	-4.291645409734685e-05
24.090121104493672	21.680339576516804	-0.03740876127776205	0.4999998624737781	7.944780825585154e-05	1.011366688388798e-06	-4.419798538140469e-05
24.10677611032353	21.67971634233261	-0.037396837998209816	0.4999998895367304	7.79395203724216e-05	8.11888567670072e-07	-4.524863650304018e-05
24.123431124317893	21.679093304785912	-0.03738514533867958	0.4999999108893997	7.640361578759707e-05	6.405800796885485e-07	-4.60771375448809e-05
24.14008614615335	21.678470460010537	-0.03737368695005497	0.4999999273691759	7.484713812480422e-05	4.943932868021617e-07	-4.669432988393268e-05
24.156741175531014	21.677847804087225	-0.0373624654473805	0.4999999397201467	7.327671651171706e-05	3.7052912491821534e-07	-4.7112648392764805e-05
24.173396212174158	21.67722533306046	-0.0373514824755384	0.4999999486009764	7.16985276793914e-05	2.6642488813068466e-07	-4.734566496992109e-05
24.190051255826102	21.676603042954138	-0.037340738779672436	0.4999999545923886	7.011827119934118e-05	1.79742365073849e-07	-4.740769440165809e-05
24.206706306248254	21.675980929786043	-0.03733023427850293	0.4999999582042246	6.854115607990927e-05	1.083550803445893e-07	-4.73134535831094e-05
24.22336136321835	21.675358989581078	-0.03731996813894676	0.4999999598820442	6.697189693954391e-05	5.033458736682325e-08	-4.707777421111232e-05
24.24001642652886	21.674737218383235	-0.03730993885070091	0.49999996001335945	6.541471831215824e-05	3.939458483371064e-09	-4.671535882172069e-05
24.256671495985543	21.674115612266334	-0.03730014429967556	0.49999995893337856	6.38733655246658e-05	-3.2399427259963343e-08	-4.6240583624923743e-05
24.273326571406134	21.67349416734354	-0.03729058183936683	0.4999999569303645	6.235112101215523e-05	-6.009042377571548e-08	-4.566733537546541e-05
24.28998165261918	21.672872879775728	-0.03728124835944172	0.4999999542506201	6.085082479946644e-05	-8.0392331920643e-08	-4.5008886380809964e-05
24.30663673946297	21.672251745778684	-0.03727214035097218	0.4999999511030379	5.9374898249031496e-05	-9.44274644255773e-08	-4.4277796513193025e-05
24.323291831784598	21.67163076162928	-0.03726325396789761	0.4999999476633123	5.792537009373292e-05	-1.0319176734914742e-07	-4.348584465909931e-05
24.339946929439098	21.671009923670656	-0.03725458508442003	0.49999994407777887	5.650390409252223e-05	-1.0756600473017328e-07	-4.26439800364601e-05
24.356602032288677	21.670389228316445	-0.03724612934814764	0.4999999404669135	5.511182749309228e-05	-1.0832595934303661e-07	-4.17622979830352e-05
24.373257140202032	21.669768672054193	-0.03723788222889622	0.4999999369285388	5.3750159883702576e-05	-1.0615124189333641e-07	-4.085002828182499e-05
24.38991225305373	21.669148251447936	-0.037229839063134075	0.4999999335407006	5.24196418468473e-05	-1.0163514585417928e-07	-3.9915541105789156e-05
24.406567370723653	21.66852796314013	-0.037221995094125514	0.49999993036430085	5.112076308143659e-05	-9.529199124768347e-08	-3.896636296244906e-05
24.42322249309652	21.667907803852906	-0.03721434550788043	0.4999999274454319	4.985378964043582e-05	-8.756606882231733e-08	-3.8009203230148105e-05
24.439877620061445	21.667287770388775	-0.03720688546506189	0.4999999248174948	4.86187900461493e-05	-7.883811600521495e-08	-3.704998782871769e-05
24.456532751511542	21.666667859630824	-0.037199610129035894	0.4999999225030781	4.741566009729372e-05	-6.94324993953797e-08	-3.6093898465786424e-05
24.47318788734359	21.666048068542484	-0.03719251469027569	0.49999992051563796	4.624414618174135e-05	-5.962320418820662e-08	-3.5145417466686935e-05
24.48984302745773	21.665428394166884	-0.03718559438735053	0.4999999188609923	4.510386704760146e-05	-4.9639366902282567e-08	-3.420837402430958e-05
24.506498171757165	21.66480883362594	-0.03717884452474028	0.49999991753863227	4.39943339318719e-05	-3.9670803174181193e-08	-3.328599347199681e-05
24.523153320147948	21.664189384119112	-0.037172260487722986	0.4999999165428775	4.291496906662555e-05	-2.9872642389070175e-08	-3.238094595749703e-05
24.539808472538752	21.66357004292197	-0.03716583775458469	0.4999999158639028	4.1865122520522516e-05	-2.0369239132199564e-08	-3.1495396383194926e-05
24.556463628840707	21.66295080738457	-0.03715957190639966	0.49999991548860084	4.0844087425807056e-05	-1.1259058070294133e-08	-3.06310528415648e-05
24.573118788967196	21.662331674929654	-0.037153458634622744	0.4999999154013539	3.985111363333532e-05	-2.61740859419131e-09	-2.9789213774250257e-05
24.589773952833745	21.661712643050798	-0.037147493746726566	0.4999999155847066	3.888541986328318e-05	5.500577481566254e-09	-2.8970813101659894e-05
24.606429120357877	21.66109370931042	-0.037141673170108136	0.49999991601991134	3.7946204399492326e-05	1.3056142963787406e-08	-2.8176463913818675e-05
24.623084291459	21.660474871337783	-0.037135992954476026	0.49999991668741756	3.703265445107337e-05	2.0025186366467437e-08	-2.7406498452659036e-05
24.639739466058312	21.659856126826938	-0.037130449272917074	0.4999999175672756	3.614395422085644e-05	2.6395741352468178e-08	-2.6661006906595665e-05
24.656394644078716	21.659237473534667	-0.03712503842182871	0.4999999186394644	3.527929181098783e-05	3.21656648040717e-08	-2.593987229614397e-05
24.673049825444735	21.65861890927844	-0.037119756819887204	0.49999991988418246	3.443786504303596e-05	3.734154243802845e-08	-2.5242803038639203e-05
24.689705010082466	21.658000431934394	-0.03711460100620915	0.4999999212820686	3.361888628697632e-05	4.193658403302763e-08	-2.4569362681869995e-05
24.70636019791949	21.657382039435333	-0.03710956763785011	0.4999999228143799	3.2821586382255804e-05	4.5969337474972995e-08	-2.391899714169461e-05
24.723015388884853	21.65676372976882	-0.037104653486768946	0.49999992446313607	3.2045217768756006e-05	4.946268482610008e-08	-2.3291058405070705e-05
24.739670582909007	21.656145500975246	-0.037099855436373036	0.49999992621121475	3.1289056888919964e-05	5.2442361073958205e-08	-2.268482639515606e-05
24.756325779923763	21.65552735114604	-0.037095170477748414	0.4999999280424451	3.055240594492141e-05	5.49369099427689e-08	-2.2099528320029404e-05
24.772980979862265	21.6549092784219	-0.03709059570566439	0.49999992994165465	2.9834594116922823e-05	5.697628906859136e-08	-2.153435484002861e-05
24.78963618265896	21.654291280991078	-0.037086128314432865	0.49999993189470526	2.913497826488339e-05	5.859151776939581e-08	-2.098847556125232e-05
24.80629138824958	21.65367335708778	-0.03708176559369095	0.4999999338884829	2.8452943236888655e-05	5.98133279814719e-08	-2.0461050839909467e-05
24.822946596571096	21.653055504990597	-0.0370775049241633	0.4999999359109245	2.778790183107931e-05	6.067324894936687e-08	-1.995124217434609e-05
24.839601807561714	21.65243772302104	-0.03707334377345461	0.4999999379509829	2.7139294433526732e-05	6.120175202011782e-08	-1.9458221926641475e-05
24.856257021160843	21.65182000954211	-0.037069279691915674	0.4999999399986168	2.6506588410396135e-05	6.14290156852224e-08	-1.8981180693980415e-05
24.872912237309077	21.65120236295695	-0.03706531030861322	0.49999994204475684	2.5889277345936e-05	6.138420126739023e-08	-1.8519331933864984e-05
24.8895674559482	21.650584781707593	-0.03706143332743092	0.499999944081236	2.528688007256254e-05	6.109437431411397e-08	-1.807191820126344e-05
24.906222677021145	21.649967264273705	-0.03705764652332355	0.49999994610080173	2.469893961950617e-05	6.058697282259061e-08	-1.7638213591749105e-05
24.922877900471985	21.649349809171458	-0.03705394773873789	0.49999994809702825	2.4125022063156e-05	5.988679581450573e-08	-1.721752669056175e-05
24.939533126245916	21.64873241495243	-0.03705033488021259	0.49999995006428255	2.3564715314538217e-05	5.9017629741383464e-08	-1.680920245858868e-05
24.95618835428926	21.64811508020256	-0.037046805915161796	0.49999995199767355	2.3017627905710974e-05	5.800172919113631e-08	-1.6412622264871258e-05
24.972843584549434	21.647497803541164	-0.03704335886884775	0.4999999538929831	2.2483387710178898e-05	5.685928415521407e-08	-1.602720586601497e-05
24.989498816974937	21.646880583619975	-0.037039991821541156	0.4999999557466549	2.196164074204726e-05	5.5610155183917574e-08	-1.565240904400066e-05
25.00615405151535	21.64626341912228	-0.03703670290586581	0.499999957555709	2.1452049926240016e-05	5.4271621175651683e-08	-1.5287724474267644e-05
25.022809288121305	21.64564630876204	-0.037033490304326164	0.49999995931771063	2.0954293912665696e-05	5.286005085513787e-08	-1.4932680407278725e-05
25.039464526744492	21.6450292512831	-0.037030352247009	0.4999999610307166	2.0468065964450995e-05	5.139017962538825e-08	-1.458683844648911e-05
25.056119767337627	21.64441224545839	-0.03702728700945327	0.499999962693233	1.999307284915207e-05	4.987548986008452e-08	-1.4249793459014677e-05
25.072775009854443	21.643795290089216	-0.037024292910681045	0.4999999643041838	1.9529033821557035e-05	4.832852464153233e-08	-1.3921170827896932e-05
25.089430254249674	21.64317838400452	-0.03702136831137825	0.4999999658628501	1.9075679663900213e-05	4.6759989734883816e-08	-1.3600624729749337e-05
25.106085500479047	21.64256152606022	-0.03701851161221633	0.499999967368842	1.863275178422304e-05	4.517975715565009e-08	-1.3287836390358742e-05
25.122740748499275	21.641944715138532	-0.03701572125230659	0.4999999688220657	1.8200001368332394e-05	4.359671166660257e-08	-1.2982512476762153e-05
25.13939599826803	21.64132795014737	-0.037012995707777066	0.4999999702226807	1.7777188608486318e-05	4.201844940554761e-08	-1.2684382795423812e-05
25.156051249743918	21.640711230019736	-0.0370103334904609	0.4999999715710718	1.7364082004864062e-05	4.04517328256315e-08	-1.2393198108708516e-05
25.172706502886495	21.640094553713112	-0.03700773314668873	0.4999999728678321	1.696045768964387e-05	3.890280983851358e-08	-1.2108729456645607e-05
25.189361757656222	21.639477920208932	-0.03700519325617561	0.4999999741137139	1.656609885624621e-05	3.737645256563291e-08	-1.183076500196863e-05
25.20601701401446	21.638861328511993	-0.03700271243099246	0.4999999753096238	1.618079521305943e-05	3.587729884756697e-08	-1.1559109295641333e-05
25.222672271923464	21.638244777649952	-0.03700028931461465	0.49999997645659777	1.5804342512490202e-05	3.440921692597347e-08	-1.1293581017113975e-05
25.239327531346355	21.637628266672802	-0.036997922581039955	0.4999999775557622	1.543654210619687e-05	3.297493438223745e-08	-1.1034012188836408e-05
25.255982792247103	21.63701179465237	-0.03699561093396907	0.4999999786083299	1.5077200563429357e-05	3.157703320147087e-08	-1.0780246283060835e-05
25.272638054590526	21.63639536068183	-0.036993353106040155	0.4999999796155885	1.4726129339801713e-05	3.021775994576807e-08	-1.0532136708863993e-05
25.28929331834226	21.63577896387523	-0.03699114785811286	0.4999999805788749	1.4383144456099542e-05	2.889859389536902e-08	-1.0289546511098989e-05
25.305948583468748	21.63516260336701	-0.0369889939785959	0.4999999814995628	1.404806624293954e-05	2.7620638597143898e-08	-1.0052346394833152e-05
25.32260384993722	21.634546278311582	-0.03698689028281133	0.49999998237906346	1.3720719113496187e-05	2.6385018514255666e-08	-9.82041388333288e-06
25.339259117715677	21.63392998788286	-0.03698483561239339	0.4999999832187894	1.34009313338673e-05	2.5191780238845954e-08	-9.593633388898253e-06
25.355914386772895	21.63331373127382	-0.036982828834715674	0.499999984020182	1.3088534877441357e-05	2.4041777980867048e-08	-9.371893692809098e-06
25.37256965707838	21.632697507696108	-0.03698086884234285	0.4999999847846549	1.2783365248698109e-05	2.293418781367155e-08	-9.155088862327566e-06
25.389224928602356	21.632081316379598	-0.03697895455250501	0.4999999855136238	1.24852613592822e-05	2.186906681560122e-08	-8.943116682506694e-06
25.405880201315775	21.631465156572	-0.036977084906591406	0.49999998620849684	1.2194065396162078e-05	2.0846191329937364e-08	-8.735878893632413e-06
25.422535475190283	21.63084902753845	-0.03697525886966036	0.4999999868706481	1.1909622740757328e-05	1.986453786260905e-08	-8.533279662170545e-06
25.439190750198197	21.630232928561128	-0.036973475429962696	0.499999987501436	1.1631781870114223e-05	1.8923634588163493e-08	-8.33522611932063e-06
25.455846026312503	21.629616858938867	-0.03697173359847734	0.49999998810219576	1.1360394295915035e-05	1.8022794812019963e-08	-8.141627226002475e-06
25.47250130350684	21.629000817986796	-0.03697003240845763	0.4999999886742267	1.1095314484207782e-05	1.7160929806315714e-08	-7.952394351243705e-06
25.48915658175547	21.628384805035957	-0.03696837091498863	0.49999998921878036	1.0836399790087924e-05	1.6336611574386688e-08	-7.767440823621274e-06
25.50581186103329	21.627768819432944	-0.03696674819455088	0.4999999897370849	1.0583510437595374e-05	1.554913727664514e-08	-7.586680574801451e-06
25.522467141315804	21.627152860539567	-0.03696516334459118	0.4999999902303245	1.0336509448471617e-05	1.4797186255782784e-08	-7.410029673737053e-06
25.539122422579098	21.62653692773248	-0.03696361548310073	0.49999999069964673	1.0095262613902998e-05	1.4079666197477404e-08	-7.23740503708243e-06
25.555777704799834	21.625921020402863	-0.0369621037482	0.4999999911461681	9.859638437003366e-06	1.339563952638747e-08	-7.068725307012168e-06
25.57243298795524	21.62530513795609	-0.03696062729772909	0.49999999157094405	9.62950811507942e-06	1.2743279040904786e-08	-6.903909657741127e-06
25.589088272023098	21.624689279811395	-0.0369591853088414	0.49999999197501793	9.404745514661864e-06	1.2122215750079088e-08	-6.742878012548806e-06
25.60574355698172	21.624073445401557	-0.036957776977604086	0.4999999923593654	9.185227108256932e-06	1.153042182569443e-08	-6.585552192169627e-06
25.62239884280996	21.623457634172592	-0.03695640151860359	0.4999999927249361	8.970831968335962e-06	1.0967120547110155e-08	-6.431854197650214e-06
25.639054129487164	21.62284184558344	-0.03695505816455568	0.49999999307264714	8.761441715271722e-06	1.0431331132704843e-08	-6.281707591947876e-06
25.65570941699318	21.622226079105676	-0.03695374616592037	0.49999999340335655	8.556940504412047e-06	9.921280471127147e-09	-6.1350363258103734e-06
25.672364705308343	21.621610334223206	-0.036952464790521576	0.4999999937179004	8.357214976839603e-06	9.436314267165713e-09	-5.991765827193075e-06
25.689019994413474	21.620994610431985	-0.036951213323172034	0.4999999940170723	8.16215423921645e-06	8.975155845023804e-09	-5.851822128713869e-06
25.70567528428984	21.620378907239754	-0.036949991065302765	0.4999999943016328	7.971649823023096e-06	8.536813505133632e-09	-5.715132485819482e-06
25.722330574919173	21.61976322416574	-0.036948797334598944	0.49999999457230554	7.785595642282384e-06	8.12018531589991e-09	-5.5816254222397105e-06
25.73898586628364	21.619147560740405	-0.036947631464640064	0.49999999482977403	7.603887977676771e-06	7.724055848774088e-09	-5.4512299381862545e-06
25.755641158365837	21.61853191650518	-0.03694649280454552	0.49999999507470255	7.426425421817977e-06	7.3478564163724665e-09	-5.323876675781298e-06
25.77229645114878	21.617916291012204	-0.036945380718626714	0.4999999953077085	7.2531088472455604e-06	6.9901788809861e-09	-5.199497237189579e-06
25.788951744615897	21.617300683824084	-0.036944294586044	0.49999999552939073	7.0838413757283e-06	6.650467250286665e-09	-5.078024145534509e-06
25.805607038751006	21.616685094513645	-0.036943233800469585	0.4999999957403199	6.918528328585946e-06	6.327874550720859e-09	-4.9593914142869204e-06
25.82226233353832	21.616069522663686	-0.0369421977697563	0.49999999594102906	6.7570772001015656e-06	6.021274630528268e-09	-4.843533854547386e-06
25.838917628962427	21.61545396786675	-0.03694118591561236	0.4999999961320272	6.599397605630516e-06	5.729945747815212e-09	-4.730387834147063e-06
25.855572925008293	21.614838429724912	-0.03694019767328291	0.49999999631380687	6.4454012413258924e-06	5.4533889565908295e-09	-4.61989092915391e-06
25.872228221661235	21.61422290784953	-0.0369392324912361	0.4999999964868194	6.295001868019799e-06	5.190377415079708e-09	-4.511981199197665e-06
25.888883518906926	21.613607401861046	-0.036938289830856265	0.4999999966515048	6.148115231038607e-06	4.940561325861e-09	-4.4065991094502034e-06
25.905538816731383	21.612991911388757	-0.03693736916614427	0.4999999968082832	6.004659046594306e-06	4.70335266725827e-09	-4.3036855333432134e-06
25.92219411512095	21.612376436070626	-0.03693646998342264	0.49999999695754777	5.864552952663575e-06	4.47793839468679e-09	-4.203182817935738e-06
25.938849414062307	21.611760975553068	-0.03693559178104652	0.4999999970996726	5.727718480857435e-06	4.26374396505808e-09	-4.105034154197725e-06
25.95550471354245	21.611145529490752	-0.03693473406912167	0.49999999723500826	5.594078991266757e-06	4.0600712844660535e-09	-4.00918468773352e-06
25.972160013548677	21.610530097546413	-0.03693389636922889	0.4999999973638891	5.4635596530438295e-06	3.866424628040459e-09	-3.9155801467007165e-06
25.988815314068603	21.60991467939066	-0.03693307821415419	0.49999999748664026	5.3360873885516734e-06	3.6825344612509685e-09	-3.82416793477729e-06
26.00547061509012	21.60929927470179	-0.036932279147624696	0.4999999976035641	5.211590852472685e-06	3.5077152418848487e-09	-3.7348960823819212e-06
26.02212591660142	21.60868388316561	-0.03693149872404991	0.4999999977149488	5.090000382948688e-06	3.3415421996394823e-09	-3.647714085731931e-06
26.038781218590984	21.608068504475263	-0.03693073650827031	0.4999999978210664	4.9712479526841504e-06	3.183526486152851e-09	-3.5625729079478393e-06
26.055436521047554	21.607453138331046	-0.03692999207531158	0.4999999979221716	4.85526714449723e-06	3.033154316257116e-09	-3.4794242456190403e-06
26.072091823960143	21.606837784440263	-0.0369292650101438	0.49999999801851214	4.7419931092337065e-06	2.8902162901160743e-09	-3.3982210579169017e-06
26.088747127318026	21.60622244251704	-0.03692855490744677	0.49999999811031676	4.631362527644764e-06	2.7541365981948536e-09	-3.3189174476792145e-06
26.105402431110726	21.605607112282183	-0.03692786137138083	0.49999999819780566	4.523313576564199e-06	2.6246664566982397e-09	-3.241468532427635e-06
26.122057735328024	21.604991793463	-0.03692718401536254	0.4999999982811923	4.417785896212622e-06	2.501597616792609e-09	-3.165830410557714e-06
26.138713039959946	21.60437648579317	-0.03692652246184684	0.4999999983606788	4.3147205402928345e-06	2.3845951062682154e-09	-3.0919606776037682e-06
26.155368344996734	21.603761189012587	-0.036925876342113806	0.4999999984364458	4.214059963054226e-06	2.2730086372096372e-09	-3.019817317168176e-06
26.172023650428883	21.60314590286721	-0.036925245296060276	0.4999999985086768	4.115747969056818e-06	2.166929593301213e-09	-2.9493598199319134e-06
26.188678956247113	21.602530627108933	-0.0369246289719967	0.4999999985775396	4.0197296938696155e-06	2.065882336222167e-09	-2.880548255625526e-06
26.20533426244235	21.601915361495433	-0.036924027026449764	0.4999999986431918	3.925951547738039e-06	1.9695681449433036e-09	-2.8133443839565352e-06
26.221989569005732	21.601300105790035	-0.03692343912396827	0.4999999987057949	3.834361228609672e-06	1.878094614773425e-09	-2.747709573860042e-06
26.23864487592862	21.60068485976159	-0.036922864936933905	0.4999999987654926	3.7449076440652322e-06	1.7909313464643817e-09	-2.683607536341998e-06
26.25530018320258	21.600069623184343	-0.03692230414537825	0.4999999988224155	3.65754090849105e-06	1.707687660190986e-09	-2.62100206723411e-06
26.271955490819362	21.599454395837803	-0.03692175643680285	0.4999999988767018	3.5722123032049334e-06	1.6285895459732566e-09	-2.5598581585919256e-06
26.288610798770936	21.598839177506623	-0.036921221506003764	0.4999999989284797	3.4888742602014375e-06	1.5533372865967135e-09	-2.5001412901131107e-06
26.305266107049434	21.598223967980488	-0.03692069905489932	0.49999999897786085	3.4074803328227187e-06	1.481434570790196e-09	-2.4418178213696153e-06
26.321921415647193	21.597608767053973	-0.03692018879236361	0.499999999024962	3.3279851519847556e-06	1.4130340220526666e-09	-2.384855425146731e-06
26.338576724556717	21.596993574526458	-0.03691969043406434	0.4999999990698831	3.2503444109610457e-06	1.347634707914657e-09	-2.3292222307189557e-06
26.355232033770694	21.596378390202	-0.03691920370230321	0.49999999911273624	3.174514847604661e-06	1.2855930336365601e-09	-2.2748869006990312e-06
26.371887343281987	21.595763213889217	-0.03691872832586025	0.49999999915361465	3.100454210431213e-06	1.2263533026197495e-09	-2.221819115210762e-06
26.388542653083626	21.59514804540121	-0.03691826403984282	0.4999999991926095	3.0281212298245617e-06	1.1698461445260294e-09	-2.169989418206662e-06
26.405197963168803	21.594532884555424	-0.03691781058553753	0.49999999922979976	2.957475609311888e-06	1.1157100544755493e-09	-2.1193686153871696e-06
26.42185327353087	21.59391773117357	-0.03691736771026515	0.49999999926528693	2.888477994961785e-06	1.064614139927771e-09	-2.069928430509892e-06
26.438508584163333	21.593302585081517	-0.03691693516724024	0.49999999929913824	2.821089942020836e-06	1.0155382642098047e-09	-2.0216415882351214e-06
26.45516389505986	21.5926874461092	-0.03691651271543372	0.49999999933142764	2.755273911648379e-06	9.6868314271878e-10	-1.9744809111802073e-06
26.47181920621426	21.592072314090508	-0.03691610011943764	0.4999999993622379	2.690993243738748e-06	9.243054027174044e-10	-1.9284200372952776e-06
26.488474517620492	21.591457188863217	-0.03691569714933474	0.49999999939162676	2.6282121211976995e-06	8.816674741122436e-10	-1.8834336762376432e-06
26.505129829272654	21.590842070268884	-0.03691530358056984	0.4999999994196654	2.5668955816545044e-06	8.411587377221458e-10	-1.8394961863019165e-06
26.52178514116498	21.590226958152765	-0.036914919193825065	0.4999999994464165	2.5070094552218756e-06	8.025342233144539e-10	-1.7965837929847634e-06
26.53844045329185	21.589611852363717	-0.03691454377489747	0.4999999994719394	2.4485203944413232e-06	7.656869268940665e-10	-1.754671823422354e-06
26.555095765647767	21.588996752754134	-0.03691417711457952	0.4999999994962877	2.3913958075462204e-06	7.304482329189904e-10	-1.7137376068587172e-06
26.571751078227365	21.588381659179845	-0.03691381900854303	0.49999999951951785	2.335603878673264e-06	6.96903813879378e-10	-1.673757866194212e-06
26.58840639102541	21.587766571500048	-0.036913469257225114	0.49999999954168645	2.2811135219992463e-06	6.650585833896394e-10	-1.634710700225918e-06
26.605061704036782	21.58715148957722	-0.036913127665717624	0.49999999956283175	2.227894380875689e-06	6.343592746701891e-10	-1.5965742337119711e-06
26.621717017256486	21.586536413277056	-0.03691279404365799	0.4999999995830095	2.17591680991257e-06	6.053331501690035e-10	-1.559327128898697e-06
26.638372330679644	21.58592134246837	-0.036912468205123776	0.49999999960225633	2.125151845229352e-06	5.77404685384573e-10	-1.5229489405015427e-06
26.655027644301494	21.585306277023047	-0.03691214996852922	0.4999999996206267	2.075571206168332e-06	5.51111460537579e-10	-1.4874191718354965e-06
26.671682958117387	21.584691216815962	-0.03691183915652397	0.49999999963815633	2.0271472662223993e-06	5.258918205998441e-10	-1.4527181983827672e-06
26.68833827212278	21.58407616172491	-0.03691153559589411	0.49999999965487374	1.979853050846604e-06	5.015254519426455e-10	-1.4188264612785468e-06
26.704993586313236	21.583461111630516	-0.03691123911746543	0.4999999996708298	1.9336622103631287e-06	4.786826981582231e-10	-1.385725214508821e-06
26.72164890068443	21.58284606641622	-0.03691094955601039	0.49999999968604625	1.88854899863456e-06	4.5649203385376177e-10	-1.353396351861514e-06
26.73830421523212	21.582231025968163	-0.03691066675015553	0.4999999997005696	1.8444882877678155e-06	4.35700717350021e-10	-1.321821326006683e-06
26.754959529952185	21.581615990175145	-0.03691039054229179	0.49999999971441994	1.801455515712655e-06	4.155097006312044e-10	-1.2909831616590622e-06
26.771614844840585	21.58100095892857	-0.03691012077848689	0.4999999997276326	1.7594267108115814e-06	3.9638129466278236e-10	-1.260864147036355e-06
26.788270159893383	21.58038593212236	-0.03690985730839873	0.4999999997402406	1.7183784546374354e-06	3.7823890943139774e-10	-1.2314476852284315e-06
26.80492547510674	21.57977090965292	-0.03690959998519261	0.49999999975227133	1.67828786798088e-06	3.6092322637786434e-10	-1.202717599700615e-06
26.82158079047689	21.579155891419074	-0.036909348665459266	0.4999999997637497	1.6391326136946743e-06	3.4435359425722236e-10	-1.1746576285900408e-06
26.838236106000167	21.578540877322002	-0.03690910320913485	0.49999999977469967	1.600890870134927e-06	3.2849811845380686e-10	-1.147252306796202e-06
26.854891421672992	21.577925867265193	-0.03690886347942332	0.4999999997851527	1.5635413234904387e-06	3.1359153133665805e-10	-1.1204863993383376e-06
26.871546737491865	21.577310861154384	-0.03690862934271963	0.49999999979511844	1.5270631665553779e-06	2.9897554846400787e-10	-1.0943447080554288e-06
26.888202053453373	21.576695858897516	-0.03690840066853532	0.4999999998046298	1.4914360675695732e-06	2.8534153818175734e-10	-1.068812969577653e-06
26.904857369554176	21.576080860404673	-0.03690817732942637	0.4999999998137064	1.4566401716094776e-06	2.72298152013522e-10	-1.043876878806304e-06
26.921512685791022	21.57546586558804	-0.03690795920092232	0.49999999982236754	1.4226560830129117e-06	2.598332441133139e-10	-1.0195226579003237e-06
26.938168002160722	21.57485087436185	-0.03690774616145665	0.49999999983062354	1.3894648648340388e-06	2.476811231798433e-10	-9.957365453694615e-07
26.95482331866018	21.574235886642338	-0.036907538092299075	0.499999999838508	1.357048016062759e-06	2.3653418381396583e-10	-9.725054631416e-07
26.971478635286353	21.573620902347688	-0.036907334877489366	0.4999999998460255	1.3253874730318955e-06	2.2552418935703304e-10	-9.498162909290325e-07
26.98813395203628	21.573005921398	-0.03690713640377251	0.4999999998531907	1.2944655904048663e-06	2.1495698732283686e-10	-9.276564788139271e-07
27.004789268907064	21.57239094371523	-0.036906942560535755	0.49999999986003074	1.2642651355849611e-06	2.0520022297700795e-10	-9.06013644600138e-07
27.02144458589589	21.571775969223165	-0.03690675323974682	0.49999999986655796	1.2347692791109944e-06	1.958174200419264e-10	-8.848756942219198e-07
27.038099902999985	21.57116099784736	-0.036906568335894396	0.49999999987278565	1.2059615735455142e-06	1.8683083384749542e-10	-8.642311669672462e-07
27.054755220216666	21.570546029515118	-0.03690638774592889	0.4999999998787219	1.1778259719322583e-06	1.7808719089860915e-10	-8.44068048400453e-07
27.0714105375433	21.569931064155423	-0.0369062113692045	0.4999999998843914	1.1503467905580155e-06	1.7008501935832738e-10	-8.243754412299936e-07
27.088065854977312	21.56931610169893	-0.03690603910742391	0.4999999998897945	1.1235087138004763e-06	1.620926595902086e-10	-8.051423027288255e-07
27.10472117251619	21.56870114207791	-0.036905870864583044	0.4999999998949505	1.097296786170593e-06	1.5468222744883554e-10	-7.863578288990917e-07
27.121376490157484	21.568086185226207	-0.03690570654691765	0.49999999989986715	1.0716963975005493e-06	1.47500120136531e-10	-7.680116601038378e-07
27.138031807898805	21.56747123107921	-0.03690554606285139	0.49999999990455973	1.0466932777075484e-06	1.4077551920875573e-10	-7.500935937924947e-07
27.154687125737812	21.566856279573813	-0.036905389322944154	0.4999999999090369	1.0222734982282855e-06	1.3431188980287962e-10	-7.325933843802869e-07
27.171342443672227	21.566241330648392	-0.03690523623984285	0.49999999991330996	9.984234394861053e-07	1.281921209164889e-10	-7.155017622677522e-07
27.187997761699815	21.565626384242755	-0.036905086728232235	0.49999999991738475	9.751298209186277e-07	1.2224567311455215e-10	-6.988085570266322e-07
27.2046530798184	21.56501144029811	-0.03690494070478723	0.49999999992126887	9.523796534335328e-07	1.1652366558421328e-10	-6.825050245550986e-07
27.221308398025858	21.564396498757045	-0.03690479808812765	0.4999999999249709	9.301602534230949e-07	1.1106164143730168e-10	-6.665820003153286e-07
27.237963716320106	21.563781559563484	-0.036904658798771334	0.499999999928506	9.084592502529518e-07	1.060546378161783e-10	-6.510300951064347e-07
27.254619034699125	21.56316662266266	-0.03690452275909066	0.4999999999318778	8.872645348738789e-07	1.0115346761434014e-10	-6.358414613742803e-07
27.27127435316093	21.562551688001083	-0.03690438989326962	0.4999999999350933	8.665643031605523e-07	9.646625905645003e-11	-6.210069514018389e-07
27.287929671703587	21.56193675552651	-0.036904260127260446	0.4999999999381553	8.463470180407682e-07	9.186060593763842e-11	-6.065185535955215e-07
27.304584990325207	21.561321825187914	-0.03690413338874324	0.4999999999410804	8.266014092608142e-07	8.775347696356227e-11	-5.923682634005674e-07
27.321240309023946	21.560706896935468	-0.03690400960708497	0.4999999999438672	8.073164801208255e-07	8.360358004575862e-11	-5.785478742015663e-07
27.337895627798	21.560091970720496	-0.036903888713300685	0.49999999994653016	7.884814725435233e-07	7.988996524190646e-11	-5.65050227320922e-07
27.35455094664561	21.559477046495463	-0.036903770640015446	0.4999999999490652	7.700858928502454e-07	7.605146288387158e-11	-5.518673908001513e-07
27.371206265565057	21.558862124213945	-0.03690365532142605	0.49999999995148137	7.521194872474973e-07	7.248762324096165e-11	-5.389921680842211e-07
27.387861584554663	21.558247203830597	-0.03690354269326456	0.4999999999537882	7.345722446506456e-07	6.920277566458853e-11	-5.264172779072814e-07
27.40451690361279	21.557632285301136	-0.03690343269276207	0.49999999995599226	7.174343882443016e-07	6.612046908529168e-11	-5.141356921920104e-07
27.421172222737837	21.557017368582308	-0.03690332525861376	0.49999999995808697	7.0069636957933e-07	6.284135587792576e-11	-5.021405599508e-07
27.43782754192824	21.556402453631875	-0.03690322033094524	0.49999999996009087	6.843488550908215e-07	6.011863149161622e-11	-4.90425434656864e-07
27.454482861182477	21.55578754040858	-0.03690311785127932	0.4999999999620052	6.68382735057203e-07	5.7430651661578456e-11	-4.789836010101299e-07
27.471138180499054	21.55517262887213	-0.03690301776250339	0.49999999996382843	6.52789107151148e-07	5.469698124128627e-11	-4.6780883718318646e-07
27.48779349987651	21.554557718983162	-0.036902920008837346	0.49999999996557126	6.375592847067115e-07	5.228480350088398e-11	-4.5689467333459783e-07
27.50444881931343	21.553942810703244	-0.03690282453580223	0.49999999996723316	6.226847788874881e-07	4.98568168934082e-11	-4.4623517457816375e-07
27.52110413880843	21.553327903994834	-0.03690273129019034	0.4999999999688188	6.081572980367363e-07	4.7567997463741256e-11	-4.3582442552399e-07
27.537759458360142	21.552712998821267	-0.03690264022003513	0.4999999999703284	5.939687508594185e-07	4.528878642685039e-11	-4.2565641532093563e-07
27.55441477796725	21.55209809514674	-0.03690255127458229	0.49999999997177536	5.8011122674027e-07	4.34070313398119e-11	-4.157257235758213e-07
27.571070097628457	21.551483192936274	-0.0369024644042618	0.49999999997315403	5.665770039151856e-07	4.136187806781698e-11	-4.0602668475387116e-07
27.587725417342497	21.55086829215572	-0.03690237956065984	0.4999999999744689	5.533585420671746e-07	3.944836764104703e-11	-3.9655385544163196e-07
27.60438073710814	21.550253392771708	-0.036902296696492184	0.49999999997572053	5.404484709979998e-07	3.754900005563475e-11	-3.8730213207651814e-07
27.62103605692418	21.549638494751665	-0.036902215765577825	0.49999999997691463	5.278395986334068e-07	3.582190125515287e-11	-3.782661709390326e-07
27.63769137678944	21.549023598063766	-0.0369021367228132	0.49999999997805467	5.155248944049329e-07	3.420103598860357e-11	-3.694411268554324e-07
27.654346696702774	21.548408702676927	-0.036902059524147456	0.4999999999791399	5.034974934259226e-07	3.255493427663388e-11	-3.608220293714913e-07
27.671002016663056	21.547793808560797	-0.03690198412655756	0.4999999999801746	4.91750693209324e-07	3.1040470371737194e-11	-3.524040064991147e-07
27.68765733666919	21.547178915685734	-0.03690191048802361	0.4999999999811648	4.802779550174159e-07	2.970555883726237e-11	-3.441821457583778e-07
27.704312656720106	21.54656402402278	-0.03690183856750534	0.4999999999821087	4.6907288616445197e-07	2.83163792808266e-11	-3.3615206559002354e-07
27.720967976814755	21.54594913354365	-0.036901768324920675	0.4999999999830051	4.581292314397918e-07	2.6891051671794905e-11	-3.2830964174088413e-07
27.73762329695212	21.545334244220733	-0.036901699721123005	0.499999999983863	4.4744089785345977e-07	2.573633592074494e-11	-3.2065000759101674e-07
27.7542786171312	21.54471935602705	-0.036901632717878705	0.4999999999846808	4.3700192696972864e-07	2.4534662004799387e-11	-3.1316912651296484e-07
27.770933937351025	21.544104468936258	-0.03690156727784638	0.499999999985462	4.2680649964169845e-07	2.3437427203816443e-11	-3.058628198419111e-07
27.787589257610644	21.54348958292263	-0.036901503364555804	0.49999999998620753	4.1684893607736427e-07	2.2364453103568098e-11	-2.9872690693101063e-07
27.804244577909124	21.542874697961025	-0.03690144094238762	0.49999999998691624	4.0712368404338035e-07	2.1262896438944533e-11	-2.9175756102047957e-07
27.820899898245564	21.54225981402691	-0.03690137997655331	0.4999999999875978	3.9762532894038936e-07	2.0446584163735966e-11	-2.84950653090666e-07
27.837555218619073	21.541644931096304	-0.036901320433075604	0.4999999999882428	3.883485766880982e-07	1.934906616914557e-11	-2.7830256756964897e-07
27.85421053902879	21.541030049145796	-0.036901262278770254	0.49999999998886197	3.792882539717145e-07	1.857639309914218e-11	-2.7180968149240556e-07
27.870865859473867	21.540415168152528	-0.03690120548122746	0.49999999998944544	3.704393109113701e-07	1.750595449715375e-11	-2.6546829181120737e-07
27.887521179953474	21.53980028809416	-0.036901150008793536	0.4999999999900018	3.6179681686221693e-07	1.6689794664158765e-11	-2.592748214754489e-07
27.90417650046681	21.53918540894889	-0.036901095830553364	0.49999999999053263	3.5335595351450223e-07	1.5925881998531035e-11	-2.532259004322721e-07
27.920831821013085	21.5385705306954	-0.03690104291631267	0.49999999999104544	3.4511202368904656e-07	1.5382941688984802e-11	-2.473178947644842e-07
27.93748714159153	21.537955653312892	-0.03690099123658198	0.49999999999152567	3.370604214403989e-07	1.4405256670943934e-11	-2.415480674602232e-07
27.954142462201396	21.53734077678105	-0.036900940762560154	0.49999999999198336	3.2919666662428566e-07	1.3731129806045152e-11	-2.3591264448417301e-07
27.970797782841952	21.536725901080022	-0.03690089146611733	0.49999999999242467	3.215163786608307e-07	1.3242085250867678e-11	-2.304086389044078e-07
27.987453103512475	21.536111026190426	-0.036900843319780205	0.49999999999284633	3.140152714241389e-07	1.2649894217379607e-11	-2.250332171014959e-07
28.00410842421227	21.535496152093334	-0.03690079629671649	0.4999999999932451	3.0668916966414266e-07	1.1963927414135756e-11	-2.197830528006107e-07
28.020763744940655	21.534881278770253	-0.03690075037071954	0.4999999999936278	2.995339900519869e-07	1.148054677515306e-11	-2.1465538836537755e-07
28.03741906569696	21.534266406203127	-0.036900705516194315	0.4999999999939907	2.9254574287887304e-07	1.088633674715565e-11	-2.0964741519410572e-07
28.05407438648053	21.533651534374314	-0.03690066170814294	0.4999999999943349	2.857205352927337e-07	1.032563895768824e-11	-2.04756227584854e-07
28.07072970729073	21.533036663266596	-0.03690061892215091	0.4999999999946721	2.790545595524842e-07	1.0115178012819756e-11	-1.9997927220814403e-07
28.087385028126942	21.532421792863147	-0.03690057713437325	0.49999999999499145	2.7254410539137866e-07	9.579946268911546e-12	-1.953136248338103e-07
28.104040348988555	21.531806923147535	-0.03690053632152093	0.4999999999952959	2.6618554510717684e-07	9.129985636735288e-12	-1.907568085266809e-07
28.12069566987498	21.531192054103713	-0.03690049646084844	0.4999999999955899	2.599753317730311e-07	8.821742171667441e-12	-1.8630640002498715e-07
28.137350990785638	21.530577185716	-0.03690045753014081	0.4999999999958646	2.53910008921922e-07	8.238444418307532e-12	-1.819596855338707e-07
28.15400631171996	21.529962317969105	-0.03690041950770194	0.49999999999612904	2.479861841281973e-07	7.932662281906607e-12	-1.7771474381232624e-07
28.170661632677405	21.529347450848068	-0.03690038237234184	0.49999999999638167	2.422005692555232e-07	7.577846187459443e-12	-1.735684461807963e-07
28.187316953657415	21.528732584338286	-0.036900346103364505	0.4999999999966242	2.3654993162372412e-07	7.276344881035042e-12	-1.6951912895453018e-07
28.203972274659474	21.5281177184255	-0.03690031068055707	0.49999999999685407	2.310311264959854e-07	6.897789661637144e-12	-1.6556415383270725e-07
28.220627595683066	21.527502853095783	-0.036900276084178084	0.4999999999970743	2.2564107605183597e-07	6.606817073002936e-12	-1.6170151332501568e-07
28.237282916727686	21.52688798833553	-0.03690024229494643	0.49999999999728134	2.2037678174041534e-07	6.2133712041276875e-12	-1.5792882934313868e-07
28.253938237792845	21.52627312413146	-0.0369002092940308	0.4999999999974836	2.1523530459825341e-07	6.066333030254733e-12	-1.5424431426536453e-07
28.270593558878065	21.525658260470596	-0.03690017706303948	0.49999999999767736	2.1021378090659662e-07	5.812557300576135e-12	-1.5064571075019894e-07
28.287248879982883	21.52504339734026	-0.03690014558400974	0.49999999999786393	2.0530941166524434e-07	5.596903732032858e-12	-1.471310772410528e-07
28.303904201106832	21.524428534728077	-0.036900114839398084	0.4999999999980344	2.0051946221004276e-07	5.115001775406842e-12	-1.436984836565192e-07
28.320559522249468	21.52381367262196	-0.036900084812070334	0.49999999999819517	1.9584126408315343e-07	4.821905993658256e-12	-1.40345943807143e-07
28.337214843410354	21.523198811010097	-0.03690005548529198	0.49999999999834976	1.9127221019189234e-07	4.637279496082789e-12	-1.3707161673828322e-07
28.35387016458907	21.522583949880964	-0.03690002684271883	0.49999999999849964	1.8680975549172994e-07	4.4975497596479695e-12	-1.3387364100531152e-07
28.37052548578519	21.521969089223294	-0.036899998868387913	0.49999999999864003	1.8245141251095509e-07	4.21312119848645e-12	-1.307502894236761e-07
28.38718080699832	21.521354229026088	-0.03689997154670899	0.49999999999877914	1.781947492802011e-07	4.173922966694936e-12	-1.2769989692303915e-07
28.40383612822805	21.5207393692786	-0.03689994486245548	0.49999999999890987	1.740373969600073e-07	3.9216335460576755e-12	-1.2472056960622388e-07
28.420491449474003	21.520124509970348	-0.036899918800755924	0.4999999999990369	1.699770372054736e-07	3.81100776004656e-12	-1.2181079263641055e-07
28.437146770735794	21.519509651091074	-0.03689989334708599	0.4999999999991597	1.6601140602290934e-07	3.685474926000236e-12	-1.1896893547732097e-07
28.45380209201306	21.51889479263078	-0.03689986848726007	0.4999999999992742	1.6213829614066108e-07	3.4325385788673123e-12	-1.1619329646783029e-07
28.470457413305436	21.518279934579684	-0.036899844207423135	0.4999999999993786	1.583555513866633e-07	3.1312902676317294e-12	-1.1348234262030726e-07
28.487112734612566	21.517665076928242	-0.03689982049404402	0.49999999999947814	1.5466105289878908e-07	2.986160580961683e-12	-1.1083495463659073e-07
28.503768055934113	21.517050219667126	-0.03689979733390749	0.4999999999995725	1.5105274928378948e-07	2.8294215420317324e-12	-1.0824910845034521e-07
28.520423377269736	21.516435362787234	-0.03689977471410612	0.4999999999996651	1.475286288341987e-07	2.77895546811212e-12	-1.05723613488071e-07
28.53707869861911	21.51582050627967	-0.03689975262203405	0.49999999999975675	1.4408672257366022e-07	2.751072098941673e-12	-1.0325718781649414e-07
28.553734019981903	21.515205650135744	-0.03689973104537933	0.4999999999998402	1.407251198405363e-07	2.5036205239233143e-12	-1.0084808199405013e-07
28.570389341357814	21.514590794346976	-0.03689970997211683	0.4999999999999202	1.3744194526074676e-07	2.3993904533039546e-12	-9.849523739401002e-08
28.58704466274653	21.513975938905077	-0.03689968939050198	0.49999999999999917	1.342353707334178e-07	2.371680834307912e-12	-9.619723582018512e-08
28.603699984147756	21.51336108380196	-0.03689966928906437	0.5000000000000772	1.311036055888713e-07	2.339678587860456e-12	-9.395295433670339e-08
28.620355305561205	21.512746229029723	-0.03689964965660157	0.5000000000001442	1.280449034158021e-07	2.010783788688455e-12	-9.17610651923791e-08
28.63701062698658	21.512131374580637	-0.03689963048217203	0.5000000000002117	1.2505756656876756e-07	2.025026681577854e-12	-8.962010541133073e-08
28.65366594842361	21.511516520447167	-0.03689961175508933	0.5000000000002771	1.221399250098906e-07	1.960442614859113e-12	-8.752924676659664e-08
28.670321269872023	21.510901666621947	-0.03689959346491674	0.5000000000003381	1.1929035316611413e-07	1.8317143490192717e-12	-8.54871553135743e-08
28.68697659133155	21.51028681309779	-0.036899575601460975	0.500000000000399	1.1650726298880441e-07	1.8286242711837344e-12	-8.349270531956757e-08
28.703631912801935	21.50967195986767	-0.036899558154766754	0.5000000000004501	1.1378910058836693e-07	1.5285639372092027e-12	-8.154487201339248e-08
28.720287234282925	21.50905710692473	-0.03689954111511129	0.5000000000005032	1.1113435144717483e-07	1.5962454001281455e-12	-7.964247423602513e-08
28.73694255577427	21.508442254262263	-0.036899524472997984	0.5000000000005466	1.08541544162706e-07	1.2986196455200619e-12	-7.778421853432037e-08
28.75359787727573	21.507827401873733	-0.036899508219151535	0.5000000000005939	1.0600922882430085e-07	1.4188765925528778e-12	-7.596946015240423e-08
28.770253198787067	21.507212549752744	-0.03689949234451373	0.5000000000006432	1.0353599023017419e-07	1.4804619695148267e-12	-7.419715782404376e-08
28.786908520308057	21.506597697893053	-0.03689947684023758	0.5000000000006819	1.0112045494973094e-07	1.1649603163914075e-12	-7.246605841353576e-08
28.803563841838464	21.505982846288568	-0.03689946169768219	0.5000000000007186	9.876127626771742e-08	1.1013476135040504e-12	-7.077536046063817e-08
28.820219163378077	21.505367994933334	-0.03689944690840864	0.5000000000007541	9.64571346450522e-08	1.0655335155060428e-12	-6.912424868018398e-08
28.836874484926675	21.50475314382154	-0.03689943246417464	0.5000000000007921	9.420675423150466e-08	1.140796638198719e-12	-6.751141240664821e-08
28.853529806484048	21.504138292947495	-0.03689941835693037	0.500000000000829	9.200887024002484e-08	1.1071715748801458e-12	-6.593651974461195e-08
28.870185128049997	21.503523442305667	-0.0368994045788139	0.5000000000008625	8.986226725624616e-08	1.0088998186148432e-12	-6.439808951357239e-08
28.886840449624316	21.50290859189063	-0.03689939112214621	0.5000000000008968	8.77657462966704e-08	1.0310225404279363e-12	-6.289562878747984e-08
28.903495771206817	21.502293741697084	-0.03689937797942787	0.5000000000009265	8.571813592046803e-08	8.88146273105711e-13	-6.142831128627326e-08
28.920151092797305	21.501678891719877	-0.03689936514333443	0.5000000000009539	8.37182975026653e-08	8.2431035331983e-13	-5.999515253427926e-08
28.936806414395594	21.501064041953953	-0.03689935260671214	0.5000000000009825	8.176511670926395e-08	8.63557624930858e-13	-5.8595423802233125e-08
28.9534617360015	21.500449192394388	-0.03689934036257419	0.5000000000010073	7.985750423609056e-08	7.463045379439443e-13	-5.722837419539016e-08
28.97011705761485	21.499834343036365	-0.036899328404096605	0.500000000001033	7.799439982614778e-08	7.695449095665441e-13	-5.589313229846689e-08
28.986772379235468	21.499219493875184	-0.03689931672461505	0.5000000000010525	7.617475665095581e-08	5.828477755770098e-13	-5.4589295255939136e-08
29.003427700863185	21.498604644906248	-0.03689930531762055	0.5000000000010753	7.439757084820687e-08	6.873076970569363e-13	-5.331557408264364e-08
29.020083022497833	21.497989796125072	-0.0368992941767555	0.5000000000010975	7.266184778898904e-08	6.677869113800097e-13	-5.2071691776706325e-08
29.03673834413925	21.49737494752728	-0.036899283295811304	0.5000000000011207	7.096661563720451e-08	6.983534335937378e-13	-5.085696455370307e-08
29.053393665787272	21.496760099108595	-0.03689927266872422	0.5000000000011444	6.931093381864976e-08	7.122727327922313e-13	-4.967045455680548e-08
29.070048987441762	21.49614525086483	-0.03689926228957169	0.5000000000011613	6.7693879588193e-08	5.068262568528117e-13	-4.8511626913862415e-08
29.086704309102554	21.49553040279191	-0.03689925215256924	0.500000000001178	6.61145526852239e-08	4.989759588857907e-13	-4.737980708922938e-08
29.10335963076951	21.494915554885846	-0.03689924225206732	0.500000000001193	6.457207271906051e-08	4.513836305869868e-13	-4.6274398985053574e-08
29.12001495244248	21.494300707142745	-0.03689923258254802	0.5000000000012087	6.306558201813896e-08	4.672113763308072e-13	-4.5194721027795475e-08
29.13667027412133	21.49368585955881	-0.0368992231386223	0.5000000000012275	6.159423747031775e-08	5.628853299807259e-13	-4.41403364347817e-08
29.153325595805917	21.493071012130322	-0.03689921391502696	0.5000000000012419	6.015722100630438e-08	4.3600429730917926e-13	-4.311049392054265e-08
29.16998091749611	21.49245616485366	-0.03689920490662168	0.5000000000012559	5.8753728548594246e-08	4.1579763517354297e-13	-4.210477373144265e-08
29.186636239191778	21.491841317725275	-0.036899196108386226	0.5000000000012719	5.7382979411257056e-08	4.769868040040842e-13	-4.112247412025124e-08
29.20329156089279	21.491226470741708	-0.03689918751541705	0.50000000000129	5.6044213744413053e-08	5.389239401965007e-13	-4.016297000545236e-08
29.21994688259902	21.49061162389959	-0.03689917912292494	0.500000000001299	5.4736682103933444e-08	2.6858455577324393e-13	-3.9225949214517285e-08
29.23660220431035	21.48999677719561	-0.036899170926233085	0.5000000000013115	5.345965025715083e-08	3.797475233032442e-13	-3.8310955403604556e-08
29.25325752602667	21.489381930626553	-0.036899162920773616	0.5000000000013216	5.221241471848019e-08	3.0166252051118565e-13	-3.74170661602423e-08
29.26991284774785	21.48876708418927	-0.03689915510208452	0.50000000000133	5.0994281439753626e-08	2.564161346630973e-13	-3.654399836191702e-08
29.28656816947378	21.488152237880687	-0.03689914746580855	0.5000000000013428	4.980456127806004e-08	3.7833654598410336e-13	-3.569160485092499e-08
29.303223491204353	21.487537391697796	-0.03689914000769012	0.5000000000013566	4.864260197687581e-08	4.111954408968308e-13	-3.485877903564185e-08
29.319878812939457	21.486922545637665	-0.03689913272357222	0.5000000000013662	4.750775425713212e-08	2.889206750364068e-13	-3.404543159242264e-08
29.336534134678992	21.486307699697434	-0.03689912560939552	0.5000000000013809	4.639937822401671e-08	4.4067849277453983e-13	-3.3251280993571494e-08
29.35318945642285	21.48569285387431	-0.03689911866119513	0.5000000000013876	4.53168669225618e-08	2.020550068405902e-13	-3.247533904375384e-08
29.369844778170926	21.48507800816555	-0.03689911187509872	0.5000000000013923	4.4259605614643056e-08	1.4631998141324126e-13	-3.171783923766646e-08
29.386500099923126	21.484463162568495	-0.03689910524732463	0.5000000000013988	4.322701237929631e-08	1.9226961128358984e-13	-3.097779706050457e-08
29.403155421679354	21.483848317080533	-0.03689909877417901	0.5000000000014067	4.221850968035162e-08	2.350280004794446e-13	-3.025508096844006e-08
29.419810743439513	21.48323347169912	-0.036899092452054416	0.5000000000014141	4.1233535086878864e-08	2.1847180640098551e-13	-2.954923780427987e-08
29.43646606520351	21.48261862642177	-0.03689908627742731	0.5000000000014215	4.0271542837693963e-08	2.2230837776106988e-13	-2.885976747564193e-08
29.453121386971265	21.482003781246057	-0.03689908024685668	0.5000000000014311	3.933198947576384e-08	2.881607814506342e-13	-2.8186600857996274e-08
29.469776708742682	21.48138893616961	-0.0368990743569819	0.5000000000014413	3.8414357742409e-08	3.089854794821687e-13	-2.7528952000735717e-08
29.48643203051768	21.480774091190103	-0.03689906860452003	0.500000000001453	3.751813880243711e-08	3.507976142913278e-13	-2.68865681992454e-08
29.503087352296177	21.48015924630529	-0.03689906298626526	0.5000000000014636	3.6642824157956513e-08	3.164611415528828e-13	-2.625943933450428e-08
29.519742674078085	21.479544401512957	-0.03689905749908652	0.5000000000014729	3.578793506082241e-08	2.7656413468493853e-13	-2.5646672914107295e-08
29.536397995863332	21.47892955681094	-0.03689905213992586	0.5000000000014825	3.495298568870239e-08	2.823520869963802e-13	-2.5048481163682746e-08
29.553053317651838	21.478314712197136	-0.03689904690579671	0.5000000000014836	3.413751904868821e-08	3.7475014411092467e-14	-2.4463999200505983e-08
29.569708639443515	21.47769986766949	-0.03689904179378185	0.5000000000014949	3.3341077039341705e-08	3.365214194545746e-13	-2.3893260280473895e-08
29.586363961238305	21.477085023225985	-0.03689903680103227	0.5000000000014968	3.256321750977909e-08	5.445094719623393e-14	-2.3335785886955144e-08
29.60301928303613	21.476470178864666	-0.03689903192476542	0.5000000000015011	3.1803504853067566e-08	1.3214164598695025e-13	-2.2791379701420625e-08
29.619674604836916	21.475855334583613	-0.03689902716226373	0.5000000000015059	3.106151739992665e-08	1.4093978737447603e-13	-2.2259623594300836e-08
29.6363299266406	21.47524049038095	-0.03689902251087334	0.5000000000015089	3.033683579237933e-08	9.084174249418195e-14	-2.1740448226490964e-08
29.65298524844711	21.474625646254854	-0.036899017968002226	0.5000000000015087	2.9629062810047452e-08	-8.97504591262574e-15	-2.123318947002607e-08
29.669640570256377	21.47401080220353	-0.03689901353111828	0.5000000000015079	2.8937805320284983e-08	-2.44859403478008e-14	-2.0737724692942472e-08
29.68629589206834	21.47339595822524	-0.03689900919774855	0.5000000000015079	2.826267519169492e-08	-4.342720979913853e-15	-2.0253903857768576e-08
29.702951213882937	21.472781114318273	-0.03689900496547803	0.5000000000015071	2.760329568810894e-08	-2.7014865632045762e-14	-1.9781385107644418e-08
29.719606535700105	21.472166270480972	-0.03689900083194805	0.5000000000015092	2.6959299993438727e-08	6.374225488257369e-14	-1.9319870840170053e-08
29.736261857519782	21.471551426711716	-0.03689899679485482	0.5000000000015096	2.633033067162247e-08	1.3746077572648202e-14	-1.886907965454973e-08
29.752917179341914	21.47093658300891	-0.03689899285194843	0.500000000001508	2.5716033791244142e-08	-4.6382490811449836e-14	-1.8428906411410502e-08
29.76957250116644	21.470321739371006	-0.03689898900103144	0.5000000000015148	2.511607050868725e-08	2.050283330428098e-13	-1.7998898476765814e-08
29.786227822993308	21.469706895796488	-0.036898985239957875	0.5000000000015152	2.4530100435610765e-08	1.041441577615855e-14	-1.757910219235244e-08
29.80288314482246	21.469092052283877	-0.03689898156663166	0.5000000000015152	2.3957805593995863e-08	-3.5208855687744733e-15	-1.716884524850352e-08
29.819538466653846	21.468477208831732	-0.03689897797900563	0.5000000000015196	2.33988581252775e-08	1.2740597625840976e-13	-1.6768424061606084e-08
29.83619378848741	21.46786236543864	-0.03689897447508063	0.500000000001527	2.2852952074759334e-08	2.256604699922473e-13	-1.6377181515599043e-08
29.852849110323103	21.46724752210322	-0.03689897105290378	0.5000000000015283	2.2319782275096916e-08	3.915162126249226e-14	-1.5995093989925055e-08
29.869504432160877	21.46663267882413	-0.03689896771056792	0.5000000000015302	2.1799051078145058e-08	5.6120076440775366e-14	-1.5621935908607245e-08
29.886159754000687	21.466017835600056	-0.03689896444620998	0.5000000000015284	2.1290473659475817e-08	-5.658470789366224e-14	-1.525732256012742e-08
29.902815075842476	21.465402992429713	-0.03689896125801054	0.500000000001531	2.079375893574215e-08	8.153129186323424e-14	-1.4901441712059002e-08
29.9194703976862	21.46478814931185	-0.03689895814419299	0.500000000001532	2.0308632607589275e-08	3.3223789930141023e-14	-1.4553789844634039e-08
29.93612571953182	21.464173306245243	-0.03689895510302193	0.5000000000015359	1.9834825419341093e-08	1.1793874321705707e-13	-1.421421564749221e-08
29.952781041379286	21.463558463228694	-0.0368989521328024	0.5000000000015398	1.9372072357448922e-08	1.1415653781965927e-13	-1.3882591856810807e-08
29.969436363228557	21.462943620261033	-0.036898949231879	0.5000000000015392	1.8920116487108803e-08	-1.6729720636165374e-14	-1.3558676110248154e-08
29.98609168507959	21.46232877734112	-0.03689894639863491	0.5000000000015398	1.847870550086496e-08	2.1137114275667987e-14	-1.3242329587358842e-08
30.00274700693235	21.46171393446785	-0.03689894363149137	0.5000000000015379	1.804758920527908e-08	-5.60558984484278e-14	-1.2933488867618937e-08
30.019402328786782	21.461099091640126	-0.036898940928906276	0.5000000000015398	1.762653405891658e-08	5.992125537619165e-14	-1.2631654390916504e-08
30.03605765064286	21.460484248856886	-0.03689893828937318	0.5000000000015424	1.7215302857833894e-08	7.981725970809296e-14	-1.233693603252131e-08
30.05271297250054	21.459869406117097	-0.036898935711421256	0.5000000000015485	1.681366258891696e-08	1.8195068322564116e-13	-1.2049208067547783e-08
30.069368294359794	21.45925456341974	-0.03689893319361396	0.5000000000015534	1.642139363018425e-08	1.472830917555873e-13	-1.1768068762019994e-08
30.08602361622058	21.458639720763827	-0.03689893073454815	0.5000000000015554	1.603827496667171e-08	6.20032386436202e-14	-1.1493559905414113e-08
30.102678938082853	21.45802487814839	-0.03689892833285349	0.5000000000015559	1.5664094453245944e-08	1.4645992480865483e-14	-1.1225415402809937e-08
30.119334259946584	21.457410035572483	-0.03689892598719169	0.5000000000015599	1.5298641291878658e-08	1.2262290317800913e-13	-1.096359484105475e-08
30.13598958181174	21.456795193035184	-0.03689892369625535	0.5000000000015611	1.4941718450436714e-08	3.800084907661615e-14	-1.0707685243293592e-08
30.15264490367829	21.456180350535597	-0.0368989214587674	0.5000000000015674	1.4593122614832208e-08	1.8709109917769765e-13	-1.0457875068169714e-08
30.169300225546205	21.455565508072837	-0.036898919273481046	0.5000000000015654	1.4252657199305478e-08	-6.077262174400411e-14	-1.02139624658355e-08
30.185955547415446	21.45495066564605	-0.03689891713917859	0.5000000000015637	1.3920135276436429e-08	-5.048858127908694e-14	-9.975657686104254e-09
30.202610869285984	21.454335823254393	-0.036898915054670085	0.5000000000015685	1.3595376969897072e-08	1.4644421742968095e-13	-9.742749196212682e-09
30.219266191157782	21.45372098089705	-0.03689891301879366	0.5000000000015704	1.3278191816897175e-08	5.69458115916039e-14	-9.51555459002822e-09
30.23592151303082	21.45310613857322	-0.03689891103041488	0.5000000000015722	1.2968408041066219e-08	4.9627873831932165e-14	-9.293513274959321e-09
30.252576834905067	21.452491296282115	-0.036898909088425504	0.5000000000015759	1.26658517719879e-08	1.1294255664712725e-13	-9.076688072379403e-09
30.269232156780493	21.451876454022976	-0.03689890719174317	0.5000000000015805	1.2370355000575701e-08	1.390811463664477e-13	-8.8649031423952e-09
30.28588747865707	21.45126161179506	-0.036898905339310985	0.5000000000015845	1.2081749875873065e-08	1.206102614157746e-13	-8.658153741107554e-09
30.302542800534777	21.450646769597636	-0.036898903530096866	0.5000000000015851	1.1799876534329393e-08	1.9023875492485756e-14	-8.45620024633798e-09
30.31919812241358	21.450031927429993	-0.03689890176309229	0.5000000000015882	1.1524584033733695e-08	9.118879560959456e-14	-8.258775017898136e-09
30.335853444293463	21.449417085291433	-0.03689890003731226	0.5000000000015904	1.1255712372596874e-08	6.521230766758784e-14	-8.066149834131155e-09
30.35250876617439	21.448802243181277	-0.03689889835179548	0.5000000000015887	1.0993109022516903e-08	-5.220643863501802e-14	-7.878100502425034e-09
30.369164088056344	21.44818740109887	-0.03689889670560263	0.5000000000015881	1.0736636564300497e-08	-2.0531265489814876e-14	-7.694173746517506e-09
30.385819409939295	21.44757255904356	-0.036898895097816	0.5000000000015882	1.0486146983457696e-08	2.661265711923974e-15	-7.514687425308743e-09
30.402474731823226	21.446957717014712	-0.036898893527539424	0.50000000000159	1.0241503773209047e-08	5.732224997402266e-14	-7.339296307483593e-09
30.41913005370811	21.446342875011712	-0.036898891993897426	0.5000000000015914	1.000257052554299e-08	4.178952919386275e-14	-7.16799743000522e-09
30.435785375593923	21.44572803303396	-0.036898890496035765	0.5000000000015878	9.769203474509677e-09	-1.0316918895797791e-13	-7.001011531022483e-09
30.45244069748065	21.445113191080857	-0.03689888903312015	0.5000000000015896	9.541282587525554e-09	5.101486317800677e-14	-6.837626609546162e-09
30.469096019368266	21.444498349151836	-0.036898887604334976	0.5000000000015862	9.318681778460237e-09	-1.0620449425501402e-13	-6.678024271981456e-09
30.485751341256748	21.44388350724633	-0.036898886208883507	0.5000000000015842	9.101277585366253e-09	-5.902592122215312e-14	-6.522125792841014e-09
30.50240666314608	21.4432686653638	-0.03689888484598832	0.5000000000015888	8.888938823585844e-09	1.4160967185114157e-13	-6.370162853433231e-09
30.519061985036238	21.4426538235037	-0.03689888351488995	0.500000000001587	8.68155949794265e-09	-5.44717808186046e-14	-6.221379769316219e-09
30.535717306927207	21.44203898166551	-0.03689888221484655	0.5000000000015915	8.479013380042324e-09	1.3399934170620943e-13	-6.076383537029697e-09
30.552372628818965	21.441424139848724	-0.0368988809451339	0.5000000000015914	8.281193547618436e-09	-2.8445399247872816e-15	-5.9345949727361856e-09
30.569027950711494	21.44080929805283	-0.03689887970504442	0.5000000000015912	8.087987515828101e-09	-9.97266437724291e-15	-5.796180953729101e-09
30.585683272604776	21.44019445627735	-0.03689887849388712	0.5000000000015926	7.899288921548399e-09	4.156692215906074e-14	-5.6609578284097075e-09
30.602338594498793	21.439579614521808	-0.03689887731098691	0.5000000000015955	7.714993930464036e-09	8.725200331119107e-14	-5.528849732549104e-09
30.618993916393528	21.438964772785738	-0.03689887615568453	0.5000000000016016	7.53499749535839e-09	1.823061761773402e-13	-5.399893053187147e-09
30.63564923828897	21.438349931068682	-0.03689887502733586	0.5000000000016002	7.359204922406662e-09	-4.024901343203241e-14	-5.2737771885692125e-09
30.652304560185094	21.4377350893702	-0.03689887392531177	0.5000000000015951	7.187512981829884e-09	-1.5303289031495283e-13	-5.150758217320287e-09
30.66895988208189	21.437120247689855	-0.0368988728489982	0.5000000000015993	7.019826191929584e-09	1.2807481719048427e-13	-5.030603697025548e-09
30.685615203979342	21.436505406027226	-0.03689887179779527	0.5000000000015985	6.856052379782072e-09	-2.0691845995955346e-14	-4.9132143644415755e-09
30.70227052587743	21.435890564381907	-0.03689887077111742	0.5000000000015998	6.696095231914401e-09	4.0704751038973114e-14	-4.798714436045877e-09
30.718925847776145	21.435275722753484	-0.036898869768392656	0.5000000000016022	6.53987164686764e-09	7.148488479760337e-14	-4.6867075514182494e-09
30.735581169675466	21.434660881141564	-0.03689886878906209	0.5000000000015976	6.387291842311659e-09	-1.3893808927792003e-13	-4.5773941366945055e-09
30.752236491575385	21.434046039545766	-0.036898867832579896	0.5000000000015907	6.238273014295447e-09	-2.0597395046072914e-13	-4.470564840501031e-09
30.76889181347588	21.43343119796571	-0.03689886689841305	0.5000000000015897	6.092729361434887e-09	-3.0836989998181755e-14	-4.366309585831157e-09
30.78554713537694	21.432816356401034	-0.036898865986040995	0.50000000000159	5.950581706426608e-09	9.01003853774271e-15	-4.264429650262405e-09
30.80220245727856	21.43220151485138	-0.03689886509495508	0.5000000000015913	5.811752310760681e-09	4.248004400499161e-14	-4.16488186999154e-09
30.81885777918072	21.43158667331639	-0.03689886422465881	0.5000000000015905	5.676158439202224e-09	-2.1716057906984512e-14	-4.067816146767068e-09
30.83551310108341	21.430971831795727	-0.03689886337466736	0.5000000000015915	5.5437287223708294e-09	2.6606812591903686e-14	-3.972891504954867e-09
30.85216842298662	21.430356990289056	-0.03689886254450663	0.5000000000015935	5.414392793995496e-09	5.95720236920387e-14	-3.880077851272772e-09
30.868823744890328	21.42974214879605	-0.0368988617337138	0.5000000000015937	5.288072662776669e-09	4.69519510618889e-15	-3.789603936577271e-09
30.88547906679453	21.429127307316385	-0.03689886094183735	0.500000000001595	5.164696633185168e-09	4.108249046399885e-14	-3.7012808877571998e-09
30.902134388699213	21.428512465849753	-0.03689886016843628	0.5000000000015964	5.04419751011252e-09	4.5488671152321e-14	-3.614973692191347e-09
30.91878971060437	21.427897624395854	-0.0368988594130794	0.5000000000015938	4.926513254430659e-09	-7.614248858159312e-14	-3.530527670467459e-09
30.935445032509982	21.427282782954382	-0.03689885867534525	0.5000000000015924	4.811577515348815e-09	-3.921933985255935e-14	-3.4480721724666873e-09
30.952100354416043	21.42666794152506	-0.03689885795482262	0.5000000000015898	4.699321326332104e-09	-7.506349735579912e-14	-3.3676856705123833e-09
30.96875567632254	21.4260531001076	-0.03689885725111014	0.5000000000015918	4.5896833786552454e-09	6.443720137008259e-14	-3.289138430316555e-09
30.985410998229465	21.42543825870172	-0.036898856563815384	0.5000000000015931	4.482607267800755e-09	4.1419531649974917e-14	-3.21228332564526e-09
31.00206632013681	21.424823417307156	-0.036898855892555406	0.5000000000015903	4.378024475045171e-09	-8.08710940553535e-14	-3.1374837826777996e-09
31.018721642044564	21.424208575923643	-0.036898855236956365	0.50000000000159	4.275882806749419e-09	-1.0885132313738499e-14	-3.0642500488826474e-09
31.035376963952718	21.423593734550913	-0.036898854596652826	0.5000000000015917	4.1761239458412e-09	5.51104877065476e-14	-2.992765827256409e-09
31.052032285861255	21.422978893188727	-0.036898853971287816	0.5000000000015897	4.078694186498082e-09	-6.410997560189931e-14	-2.9228927803031807e-09
31.068687607770176	21.422364051836837	-0.03689885336051251	0.5000000000015861	3.983539851980693e-09	-1.1475230691344006e-13	-2.8546300355310387e-09
31.085342929679463	21.421749210494994	-0.03689885276398641	0.5000000000015914	3.890604670415265e-09	1.5993419289666091e-13	-2.7880554469720373e-09
31.101998251589116	21.42113436916297	-0.03689885218137729	0.5000000000015933	3.799835736207577e-09	5.764119853624537e-14	-2.7230680262395926e-09
31.118653573499124	21.420519527840543	-0.03689885161236074	0.5000000000015967	3.711182762410985e-09	1.0157659422241859e-13	-2.6595892139065303e-09
31.135308895409473	21.419904686527477	-0.03689885105661973	0.5000000000016013	3.6245985301555467e-09	1.3863687080934925e-13	-2.5975269676717117e-09
31.151964217320163	21.41928984522356	-0.03689885051384419	0.5000000000016088	3.540038587047597e-09	2.262392950389512e-13	-2.536798293246838e-09
31.168619539231184	21.418675003928577	-0.036898849983731635	0.500000000001614	3.4574472328979497e-09	1.5552016190698362e-13	-2.4777406244975696e-09
31.185274861142528	21.418060162642323	-0.036898849465987	0.5000000000016142	3.376781967012329e-09	-8.649866576043025e-16	-2.4199579765765787e-09
31.201930183054184	21.417445321364585	-0.0368988489603213	0.5000000000016136	3.298005300593046e-09	-1.729697521280979e-14	-2.36329999258626e-09
31.218585504966146	21.41683048009517	-0.03689884846645273	0.5000000000016179	3.2210598286992112e-09	1.3214293347703007e-13	-2.3083641568226334e-09
31.23524082687841	21.416215638833886	-0.03689884798410622	0.5000000000016185	3.1459140777496294e-09	1.620938152040348e-14	-2.254372528494889e-09
31.251896148790966	21.41560079758054	-0.03689884751301279	0.5000000000016254	3.0725191577170825e-09	2.039702567545494e-13	-2.201847600983666e-09
31.268551470703816	21.414985956334952	-0.036898847052910154	0.5000000000016241	3.0008355963133664e-09	-3.161744615578187e-14	-2.150506842118564e-09
31.285206792616947	21.414371115096934	-0.036898846603541945	0.50000000000162	2.9308248939680277e-09	-1.2161023124385335e-13	-2.1003210703670883e-09
31.301862114530348	21.41375627386632	-0.036898846164657474	0.500000000001619	2.8624502461303145e-09	-3.198420803381119e-14	-2.051239435138156e-09
31.318517436444015	21.413141432642927	-0.03689884573601216	0.5000000000016154	2.7956680647781887e-09	-1.0946895245746852e-13	-2.0034654405703823e-09
31.335172758357942	21.412526591426595	-0.0368988453173675	0.5000000000016056	2.7304414394249475e-09	-2.9527653583392814e-13	-1.956798760603671e-09
31.35182808027212	21.41191175021715	-0.0368988449084905	0.5000000000016008	2.6667349916190175e-09	-1.3812378229561585e-13	-1.9111934341841873e-09
31.368483402186552	21.411296909014432	-0.03689884450915304	0.5000000000015904	2.6045195381326026e-09	-3.110678896542027e-13	-1.866463604598588e-09
31.38513872410122	21.410682067818286	-0.03689884411913217	0.5000000000015853	2.54375600444846e-09	-1.527737050093566e-13	-1.822906010530251e-09
31.40179404601613	21.41006722662856	-0.036898843738210424	0.5000000000015843	2.4844111237488356e-09	-2.932126858478344e-14	-1.7803464209945961e-09
31.418449367931263	21.409452385445103	-0.036898843366175355	0.5000000000015855	2.4264517735700994e-09	3.5553116982563193e-14	-1.7387805053678079e-09
31.43510468984663	21.408837544267772	-0.03689884300281964	0.5000000000015861	2.369843669857013e-09	1.1586187602862993e-14	-1.6982431113981905e-09
31.451760011762214	21.40822270309642	-0.03689884264794107	0.5000000000015811	2.3145533987682357e-09	-1.5104547658201933e-13	-1.6587081326687813e-09
31.46841533367802	21.407607861930913	-0.036898842301341835	0.5000000000015767	2.2605565365689125e-09	-1.27011953472006e-13	-1.6199058659850337e-09
31.485070655594033	21.406993020771107	-0.036898841962828874	0.5000000000015768	2.2078146591741285e-09	1.341551110652095e-15	-1.582256321848732e-09
31.501725977510254	21.406378179616873	-0.03689884163221356	0.500000000001572	2.1563074756685675e-09	-1.4519041215610082e-13	-1.545215505171927e-09
31.51838129942667	21.40576333846808	-0.036898841309311134	0.5000000000015634	2.1060046318534356e-09	-2.538314305652097e-13	-1.5090853144589154e-09
31.535036621343284	21.40514849732461	-0.03689884099394189	0.5000000000015626	2.0568694017451836e-09	-2.3828432716560544e-14	-1.474056903252406e-09
31.55169194326009	21.40453365618633	-0.036898840685930474	0.5000000000015619	2.0088812081681974e-09	-2.8591190558754226e-14	-1.4396458073143216e-09
31.56834726517708	21.40391881505312	-0.03689884038510506	0.5000000000015599	1.962014228211019e-09	-6.290375663929593e-14	-1.4060093987199926e-09
31.585002587094255	21.40330397392486	-0.036898840091298145	0.5000000000015633	1.9162371718303087e-09	9.877726552822395e-14	-1.3733116914258037e-09
31.60165790901161	21.402689132801438	-0.036898839804346016	0.5000000000015644	1.8715310708305324e-09	3.3396604980171635e-14	-1.3411830299977097e-09
31.618313230929143	21.402074291682734	-0.03689883952408879	0.5000000000015598	1.8278642959245658e-09	-1.4013315451067397e-13	-1.3100032471833115e-09
31.634968552846843	21.40145945056864	-0.0368988392503704	0.5000000000015572	1.7852183824811365e-09	-7.680807690715018e-14	-1.2793774033070782e-09
31.65162387476471	21.400844609459057	-0.036898838983038265	0.5000000000015568	1.7435658581115868e-09	-1.1473932020429276e-14	-1.2495757310906061e-09
31.66827919668274	21.40022976835387	-0.036898838721943175	0.5000000000015549	1.7028893725833258e-09	-5.398286323705405e-14	-1.2202945658518417e-09
31.68493451860093	21.399614927252983	-0.036898838466939365	0.5000000000015522	1.6631610355781375e-09	-7.955920603851425e-14	-1.1918501101595744e-09
31.701589840519272	21.399000086156295	-0.03689883821788481	0.500000000001546	1.6243592203862034e-09	-1.855386436394428e-13	-1.1640544557618423e-09
31.71824516243776	21.398385245063704	-0.036898837974640546	0.5000000000015404	1.5864650622345016e-09	-1.6482748868042185e-13	-1.1368247445548027e-09
31.734900484356398	21.39777040397512	-0.036898837737070936	0.5000000000015343	1.5494537788077452e-09	-1.8798095472263333e-13	-1.1103385028063433e-09
31.75155580627518	21.397155562890447	-0.036898837505043684	0.5000000000015347	1.5133059030357753e-09	9.601138785918228e-15	-1.0844362731626626e-09
31.768211128194107	21.396540721809597	-0.03689883727842962	0.500000000001533	1.47799976580824e-09	-4.861823766385935e-14	-1.0591841168295346e-09
31.78486645011317	21.39592588073247	-0.03689883705710273	0.5000000000015323	1.4435152878231045e-09	-2.3558364731657983e-14	-1.0345343395574745e-09
31.80152177203237	21.39531103965899	-0.0368988368409398	0.5000000000015307	1.4098353847847506e-09	-5.335576408862022e-14	-1.0103970911539389e-09
31.818177093951693	21.394696198589067	-0.03689883662982023	0.5000000000015343	1.3769431054974576e-09	1.0915970750468955e-13	-9.867683786220417e-10
31.834832415871148	21.394081357522623	-0.03689883642362602	0.5000000000015341	1.3448204608981691e-09	-2.5472991229368025e-15	-9.636793379818258e-10
31.851487737790727	21.393466516459572	-0.03689883622224242	0.5000000000015413	1.3134430457463342e-09	2.126086240113005e-13	-9.413224545581427e-10
31.86814305971043	21.392851675399832	-0.03689883602555748	0.5000000000015372	1.2827982863360268e-09	-1.238843757938278e-13	-9.19342782312253e-10
31.884798381630254	21.39223683434333	-0.03689883583346147	0.5000000000015384	1.2528691311898882e-09	3.361438731530608e-14	-8.978746543871144e-10
31.901453703550192	21.39162199328999	-0.03689883564584733	0.5000000000015351	1.2236374711457128e-09	-1.0002027960205606e-13	-8.769498013281528e-10
31.918109025470244	21.39100715223974	-0.03689883546261052	0.5000000000015457	1.1950885277671206e-09	3.1651467064701747e-13	-8.564683013605845e-10
31.93476434739041	21.390392311192507	-0.03689883528364867	0.5000000000015504	1.1672077880910469e-09	1.397380542983613e-13	-8.364221902849726e-10
31.95141966931068	21.389777470148218	-0.03689883510886217	0.500000000001552	1.1399740138155964e-09	4.55025218350745e-14	-8.170132282661945e-10
31.968074991231063	21.389162629106803	-0.036898834938153616	0.5000000000015569	1.113378931107891e-09	1.4399593645827817e-13	-7.978524812337917e-10
31.984730313151548	21.3885477880682	-0.03689883477142751	0.5000000000015585	1.0874056913660343e-09	5.245009613262519e-14	-7.791971922582714e-10
32.00138563507213	21.38793294703234	-0.03689883460859114	0.5000000000015538	1.0620343020330631e-09	-1.44574602262788e-13	-7.611416799916356e-10
32.01804095699282	21.38731810599916	-0.03689883444955411	0.5000000000015573	1.037254490810025e-09	1.017697685563694e-13	-7.433943366935865e-10
32.0346962789136	21.386703264968595	-0.03689883429422744	0.5000000000015639	1.0130574974370661e-09	1.987646971925855e-13	-7.259098011911581e-10
32.05135160083448	21.386088423940592	-0.03689883414252385	0.5000000000015683	9.894297900044892e-10	1.3215577449651045e-13	-7.088312229796381e-10
32.068006922755444	21.385473582915083	-0.03689883399435902	0.5000000000015761	9.6634600783768e-10	2.320138269603766e-13	-6.925134650065434e-10
32.0846622446765	21.384858741892014	-0.036898833849650786	0.5000000000015771	9.438026334429033e-10	2.7798076340790345e-14	-6.763012318455367e-10
32.10131756659766	21.384243900871326	-0.0368988337083183	0.5000000000015782	9.2178624775393e-10	3.4147218472974084e-14	-6.604915706713693e-10
32.1179728885189	21.383629059852968	-0.03689883357028297	0.5000000000015806	9.002800921336772e-10	7.416608288884213e-14	-6.451846686097114e-10
32.13462821044022	21.38301421883688	-0.03689883343546845	0.5000000000015696	8.792715467550632e-10	-3.2873258897446987e-13	-6.302563613604963e-10
32.151283532361624	21.38239937782301	-0.0368988333037993	0.5000000000015519	8.587612654593327e-10	-5.352326654800565e-13	-6.153084388739404e-10
32.16793885428311	21.381784536811313	-0.03689883317520184	0.50000000000155	8.387251282941954e-10	-5.1693336568757464e-14	-6.010841149560962e-10
32.18459417620466	21.38116969580173	-0.03689883304960475	0.5000000000015463	8.191565392908237e-10	-1.0674918048581179e-13	-5.870576701030774e-10
32.201249498126295	21.38055485479421	-0.0368988329269378	0.5000000000015516	8.000472405694186e-10	1.5815527462962817e-13	-5.732789616440422e-10
32.21790482004799	21.37994001378871	-0.03689883280713245	0.500000000001554	7.813832539991933e-10	6.772814121060004e-14	-5.599195971085965e-10
32.23456014196977	21.379325172785187	-0.03689883269012218	0.5000000000015513	7.631523245392942e-10	-7.772917441531239e-14	-5.469278837987729e-10
32.25121546389162	21.37871033178359	-0.036898832575841846	0.5000000000015579	7.45348038839186e-10	1.982684172006574e-13	-5.341285710050061e-10
32.26787078581354	21.37809549078387	-0.036898832464227815	0.500000000001556	7.279571296134759e-10	-5.796382660959096e-14	-5.217272767730189e-10
32.28452610773553	21.37748064978599	-0.036898832355217986	0.5000000000015571	7.109725755559099e-10	3.6222286563421247e-14	-5.095366217286601e-10
32.30118142965758	21.376865808789905	-0.036898832248751436	0.5000000000015578	6.943859339697263e-10	1.5590546025403065e-14	-4.975992475871426e-10
32.3178367515797	21.376250967795574	-0.03689883214476875	0.5000000000015602	6.781855676773888e-10	6.838410385374451e-14	-4.860109887717226e-10
32.33449207350187	21.37563612680295	-0.036898832043212246	0.5000000000015625	6.623601786133884e-10	7.171714461987229e-14	-4.747616719215752e-10
32.35114739542411	21.375021285812	-0.036898831944025504	0.5000000000015765	6.469048953993319e-10	4.195190202171961e-13	-4.6365849642322343e-10
32.36780271734641	21.374406444822686	-0.036898831847153396	0.5000000000015795	6.318070127078188e-10	9.034957230611394e-14	-4.5293648074687774e-10
32.38445803926877	21.373791603834963	-0.036898831752541834	0.5000000000015855	6.170656396988956e-10	1.779295399982183e-13	-4.422411902691513e-10
32.4011133611912	21.373176762848797	-0.03689883166013776	0.5000000000015851	6.026680909386577e-10	-1.5710282602826933e-14	-4.3192646280856317e-10
32.41776868311368	21.372561921864154	-0.03689883156988962	0.500000000001587	5.886073831899988e-10	6.196935393759824e-14	-4.2182123246115933e-10
32.434424005036206	21.371947080880993	-0.03689883148174719	0.5000000000015807	5.748727022063189e-10	-1.8554714107396966e-13	-4.1204042951174776e-10
32.4510793269588	21.37133223989928	-0.036898831395661226	0.5000000000015719	5.614620343727565e-10	-2.646801946723249e-13	-4.0232003500820104e-10
32.46773464888143	21.37071739891899	-0.03689883131158359	0.5000000000015754	5.483627215547203e-10	1.0314026108876329e-13	-3.929793845423793e-10
32.48438997080412	21.370102557940083	-0.03689883122946769	0.5000000000015881	5.355672106575271e-10	3.8264750661662697e-13	-3.8386532691705683e-10
32.501045292726864	21.369487716962524	-0.03689883114926783	0.5000000000015935	5.230710537192486e-10	1.6597224015610888e-13	-3.7488470814959004e-10
32.51770061464965	21.368872875986284	-0.036898831070939254	0.5000000000015972	5.108660767612056e-10	1.105292818533686e-13	-3.66149308742494e-10
32.53435593657249	21.368258035011333	-0.03689883099443817	0.5000000000015962	4.989481950540588e-10	-3.109263470605847e-14	-3.5753645121558125e-10
32.55101125849537	21.367643194037644	-0.036898830919721924	0.5000000000015985	4.873063317694943e-10	7.349460260210397e-14	-3.4925589853808077e-10
32.5676665804183	21.367028353065184	-0.03689883084674868	0.5000000000016087	4.759405447164039e-10	3.073623644554539e-13	-3.40973611593833e-10
32.584321902341266	21.366413512093924	-0.03689883077547746	0.5000000000016065	4.6483960847185076e-10	-6.47118196159778e-14	-3.330280873376905e-10
32.60097722426428	21.365798671123837	-0.036898830705868677	0.5000000000016067	4.5399642148920946e-10	1.4635340194520813e-15	-3.2529560948030464e-10
32.61763254618732	21.365183830154898	-0.03689883063788349	0.500000000001614	4.4340795148454455e-10	2.215768055689217e-13	-3.1765410014099205e-10
32.63428786811041	21.36456898918708	-0.036898830571484166	0.5000000000016211	4.3306308689691834e-10	2.1476887651118715e-13	-3.103459376298077e-10
32.650943190033544	21.363954148220355	-0.03689883050663353	0.5000000000016233	4.22965326400975e-10	6.531878987345308e-14	-3.029328148792976e-10
32.66759851195672	21.363339307254694	-0.03689883044329519	0.5000000000016338	4.131006021313606e-10	3.164023608544751e-13	-2.95941728089405e-10
32.684253833879936	21.36272446629008	-0.03689883038143425	0.5000000000016345	4.034637007960295e-10	1.7913574540829452e-14	-2.891070400608838e-10
32.700909155803195	21.362109625326482	-0.036898830321016395	0.5000000000016347	3.9405204542371366e-10	5.968715918649309e-15	-2.8234966117040576e-10
32.7175644777265	21.361494784363877	-0.03689883026200812	0.5000000000016364	3.8485727492530953e-10	4.92175338028325e-14	-2.758431149530309e-10
32.73421979964983	21.360879943402242	-0.036898830204376544	0.5000000000016342	3.7587952715722986e-10	-6.182697447542837e-14	-2.693324330432745e-10
32.75087512157319	21.36026510244156	-0.036898830148089326	0.5000000000016263	3.671119038587798e-10	-2.4232917376302426e-13	-2.6302869895436835e-10
32.76753044349658	21.3596502614818	-0.0368988300931152	0.5000000000016286	3.5854668631279616e-10	6.611487548299592e-14	-2.5695652638035443e-10
32.784185765420006	21.359035420522947	-0.036898830039424124	0.5000000000016244	3.5017555279967064e-10	-1.2761431248211642e-13	-2.511340053945919e-10
32.80084108734347	21.358420579564974	-0.03689882998698604	0.5000000000016298	3.4200722910094236e-10	1.625429188489326e-13	-2.4504971096265413e-10
32.817496409266965	21.35780573860787	-0.03689882993577103	0.5000000000016209	3.340309715896035e-10	-2.646764304579073e-13	-2.392877253409541e-10
32.834151731190495	21.357190897651606	-0.03689882988575073	0.5000000000016299	3.2623705414605416e-10	2.649533729622098e-13	-2.338175233072478e-10
32.850807053114046	21.356576056696163	-0.036898829836897705	0.5000000000016306	3.186228258444385e-10	1.7580477140255804e-14	-2.284268490492197e-10
32.86746237503764	21.355961215741527	-0.036898829789184504	0.5000000000016203	3.111913483823033e-10	-3.123136413385203e-13	-2.2294432386478861e-10
32.884117696961255	21.35534637478768	-0.036898829742584294	0.5000000000016186	3.0393154177652095e-10	-5.0163334179868443e-14	-2.1779419817418838e-10
32.9007730188849	21.354731533834595	-0.03689882969707147	0.5000000000016149	2.9683762316981936e-10	-1.0652546553191478e-13	-2.128175582017457e-10
32.91742834080857	21.35411669288226	-0.036898829652620924	0.5000000000016124	2.8990947005484606e-10	-7.654732289653562e-14	-2.0784459344988082e-10
32.93408366273226	21.353501851930663	-0.036898829609207526	0.5000000000016179	2.831472129449957e-10	1.6828645275262025e-13	-2.0286771329617679e-10
32.95073898465598	21.352887010979774	-0.036898829566806554	0.5000000000016113	2.7654561217480427e-10	-1.9821127635803563e-13	-1.9804802310639614e-10
32.967394306579735	21.352272170029583	-0.0368988295253941	0.5000000000016116	2.7009870535653583e-10	1.1688997073868931e-14	-1.9340720454868774e-10
32.98404962850351	21.351657329080073	-0.03689882948494732	0.5000000000016002	2.6379863330863664e-10	-3.456862007473853e-13	-1.8900216143759697e-10
33.00070495042731	21.35104248813123	-0.03689882944544414	0.5000000000016066	2.5764329838979385e-10	1.9281274913816003e-13	-1.846600475658914e-10
33.017360272351134	21.35042764718304	-0.03689882940686258	0.5000000000015955	2.5163338470408867e-10	-3.3373366461857124e-13	-1.802974105717471e-10
33.034015594274976	21.34981280623548	-0.036898829369181124	0.5000000000016086	2.457618420140105e-10	3.9117327270150187e-13	-1.7614628070292511e-10
33.05067091619884	21.349197965288543	-0.03689882933237878	0.5000000000016082	2.400291128159633e-10	-1.4525740907409684e-14	-1.7198187594198122e-10
33.067326238122725	21.348583124342216	-0.036898829296435225	0.5000000000016156	2.3442581419043514e-10	2.2259359408320113e-13	-1.6809895876639742e-10
33.08398156004665	21.34796828339648	-0.036898829261330444	0.5000000000016189	2.2895732080810082e-10	1.028409874078394e-13	-1.6405480147057094e-10
33.100636881970594	21.34735344245132	-0.03689882922704481	0.5000000000016142	2.2361316898420564e-10	-1.3892515339074957e-13	-1.6032455471738244e-10
33.11729220389456	21.34673860150672	-0.036898829193559274	0.5000000000016155	2.1839593379961e-10	3.981367915472517e-14	-1.5651705553838555e-10
33.13394752581854	21.346123760562673	-0.03689882916085518	0.5000000000016086	2.1329811868734114e-10	-2.0719438941245102e-13	-1.5293445336856833e-10
33.150602847742526	21.345508919619167	-0.03689882912891434	0.500000000001593	2.0832103305455903e-10	-4.702404101959018e-13	-1.4931256898395384e-10
33.16725816966653	21.34489407867619	-0.03689882909771887	0.5000000000015968	2.0345918651658957e-10	1.1906141423787507e-13	-1.458553961395637e-10
33.18391349159056	21.344279237733726	-0.0368988290672515	0.5000000000015998	1.9871019511315745e-10	8.985902842130467e-14	-1.4246974210343195e-10
33.20056881351461	21.343664396791763	-0.036898829037495015	0.5000000000016063	1.9407538491334085e-10	1.9523621204420825e-13	-1.390443059949557e-10
33.21722413543868	21.343049555850286	-0.036898829008432686	0.5000000000016069	1.8954731550217464e-10	1.551713198579864e-14	-1.3584208233543228e-10
33.23387945736277	21.342434714909288	-0.03689882898004842	0.5000000000016077	1.8512501151673519e-10	1.8662141602031335e-14	-1.3266911956362059e-10
33.25053477928688	21.34181987396876	-0.036898828952326886	0.5000000000016156	1.8079921063769104e-10	2.347286048257763e-13	-1.2977402637174975e-10
33.26719010121101	21.34120503302869	-0.03689882892525265	0.5000000000016135	1.7658069965238083e-10	-6.129904255632729e-14	-1.2655532955972196e-10
33.28384542313514	21.340590192089063	-0.036898828898810104	0.5000000000016239	1.7246085631938978e-10	3.104339193745007e-13	-1.2359529999013664e-10
33.300500745059296	21.339975351149867	-0.03689882887298456	0.5000000000016137	1.684364099462529e-10	-3.0901844261634406e-13	-1.2073339119450253e-10
33.31715606698347	21.339360510211097	-0.03689882884776171	0.5000000000016093	1.645052560315808e-10	-1.3571277077389227e-13	-1.1793461744055166e-10
33.33381138890767	21.338745669272743	-0.036898828823127346	0.5000000000016112	1.6066845753435227e-10	5.981274029125301e-14	-1.1510395491723516e-10
33.35046671083187	21.338130828334798	-0.03689882879906753	0.5000000000016014	1.5692118349191392e-10	-2.9214445871673413e-13	-1.12418221273521e-10
33.36712203275608	21.337515987397246	-0.03689882877556894	0.5000000000015944	1.5326033537297932e-10	-2.1033670207577966e-13	-1.0982544356839812e-10
33.38377735468031	21.33690114646008	-0.036898828752618656	0.500000000001604	1.4968337572789393e-10	2.930180241240282e-13	-1.073087893529153e-10
33.400432676604545	21.336286305523295	-0.03689882873020425	0.5000000000015952	1.4618667339907329e-10	-2.6596163016064447e-13	-1.0490106986496353e-10
33.4170879985288	21.335671464586877	-0.03689882870831313	0.5000000000015923	1.4277601746908913e-10	-8.582522035725446e-14	-1.0231967789986164e-10
33.433743320453075	21.335056623650818	-0.03689882868693284	0.5000000000016002	1.3944382382935618e-10	2.356688351141511e-13	-9.996580919231725e-11
33.45039864237735	21.33444178271511	-0.03689882866605164	0.500000000001609	1.3618802464208964e-10	2.6329251753549714e-13	-9.767397561831696e-11
33.46705396430165	21.333826941779744	-0.03689882864565775	0.5000000000016039	1.3301139434701145e-10	-1.4932577269426324e-13	-9.52989088526597e-11
33.48370928622597	21.333212100844715	-0.03689882862573957	0.5000000000015994	1.2990857072568662e-10	-1.3894299529275053e-13	-9.308470864005042e-11
33.500364608150285	21.332597259910017	-0.03689882860628602	0.5000000000015967	1.2687832676379855e-10	-7.79094264146199e-14	-9.090731885694107e-11
33.51701993007462	21.33198241897564	-0.03689882858728596	0.5000000000016096	1.2392259649555268e-10	3.8858204983805225e-13	-8.867190804766824e-11
33.53367525199896	21.33136757804158	-0.03689882856872888	0.5000000000015979	1.2103083879110843e-10	-3.477779418343662e-13	-8.675273113361224e-11
33.55033057392332	21.33075273710782	-0.036898828550604654	0.5000000000016034	1.182089825212477e-10	1.6117139632447486e-13	-8.465568809609983e-11
33.56698589584768	21.330137896174357	-0.036898828532903244	0.5000000000015957	1.1544963989820834e-10	-2.2800997336947307e-13	-8.278027869145303e-11
33.58364121777206	21.329523055241186	-0.03689882851561499	0.500000000001598	1.1275532385967421e-10	6.707640356779648e-14	-8.082948115628973e-11
33.60029653969645	21.3289082143083	-0.03689882849873006	0.5000000000015961	1.1012576259254414e-10	-5.88370362630472e-14	-7.88868380141613e-11
33.616951861620855	21.328293373375693	-0.03689882848223917	0.5000000000015986	1.0755398862946189e-10	7.886320245388719e-14	-7.715321889272079e-11
33.63360718354526	21.327678532443358	-0.03689882846613268	0.5000000000015968	1.0505157286307196e-10	-5.3461863435593296e-14	-7.507247299194603e-11
33.65026250546968	21.327063691511285	-0.036898828450401454	0.5000000000015946	1.0260062186155712e-10	-6.733625972348695e-14	-7.352853004568663e-11
33.6669178273941	21.326448850579467	-0.03689882843503738	0.5000000000015957	1.0020506992283445e-10	3.205281092627521e-14	-7.186655816191674e-11
33.68357314931855	21.325834009647913	-0.03689882842003181	0.500000000001589	9.78684238227655e-11	-2.0549745715844892e-13	-7.009938300229921e-11
33.700228471242994	21.325219168716597	-0.03689882840537614	0.5000000000015999	9.558643618322583e-11	3.3119178311836507e-13	-6.84596291864149e-11
33.716883793167455	21.324604327785522	-0.03689882839106223	0.500000000001598	9.335705406287894e-11	-6.006123265292311e-14	-6.688146361062679e-11
33.73353911509192	21.323989486854686	-0.03689882837708216	0.50000000000159	9.117988795926984e-11	-2.427305725123327e-13	-6.531498310848805e-11
33.7501944370164	21.323374645924076	-0.03689882836342845	0.5000000000015835	8.90491848469841e-11	-1.9517279638151322e-13	-6.392109336878232e-11
33.766849758940886	21.322759804993698	-0.036898828350093275	0.5000000000015749	8.697513771102141e-11	-2.5382324145067567e-13	-6.222141407908575e-11
33.783505080865375	21.322144964063536	-0.03689882833706873	0.500000000001573	8.494900639447054e-11	-5.743189330684705e-14	-6.078393949672573e-11
33.800160402789864	21.321530123133588	-0.036898828324347856	0.5000000000015714	8.296644650735675e-11	-4.51590127055132e-14	-5.947679661360935e-11
33.816815724714374	21.32091528220385	-0.036898828311923954	0.5000000000015604	8.102898993456963e-11	-3.266108730855515e-13	-5.8123697183804156e-11
33.833471046638884	21.320300441274313	-0.03689882829978988	0.5000000000015489	7.914070357777613e-11	-3.4534857002647794e-13	-5.6648590703992e-11
33.85012636856341	21.31968560034498	-0.03689882828793864	0.5000000000015392	7.729560956402548e-11	-2.873727053846406e-13	-5.5352820412701954e-11
33.86678169048793	21.319070759415837	-0.036898828276363774	0.500000000001541	7.549266288981173e-11	5.3206825203306815e-14	-5.408840022659028e-11
33.88343701241246	21.31845591848689	-0.03689882826505871	0.5000000000015546	7.373416819704815e-11	4.1049370120508494e-13	-5.2754840783081166e-11
33.900092334336996	21.31784107755813	-0.03689882825401731	0.5000000000015583	7.201243357040906e-11	1.0827433784624252e-13	-5.165203879934224e-11
33.91674765626154	21.31722623662955	-0.03689882824323364	0.5000000000015564	7.033186287348199e-11	-5.358536761556655e-14	-5.04171209079784e-11
33.933402978186095	21.316611395701152	-0.03689882823270157	0.5000000000015573	6.8691417548519e-11	2.579823494045473e-14	-4.9213359749051657e-11
33.950058300110655	21.315996554772923	-0.03689882822241548	0.5000000000015504	6.708482027163043e-11	-2.0809449744418028e-13	-4.819791830681484e-11
33.96671362203522	21.315381713844864	-0.036898828212369776	0.5000000000015447	6.551844806237857e-11	-1.755531484071149e-13	-4.69911662777105e-11
33.98336894395979	21.314766872916973	-0.03689882820255856	0.5000000000015415	6.398970276424839e-11	-8.886812862202512e-14	-4.5862358944056317e-11
34.000024265884356	21.314152031989238	-0.03689882819297632	0.5000000000015516	6.249608521557642e-11	2.993372253355924e-13	-4.480852646030613e-11
34.01667958780894	21.31353719106166	-0.03689882818361767	0.5000000000015654	6.103808985743331e-11	4.118329551623841e-13	-4.373986074443743e-11
34.033334909733526	21.312922350134237	-0.03689882817447738	0.5000000000015646	5.961373686510595e-11	-2.5738021062300317e-14	-4.273058976996173e-11
34.04999023165812	21.312307509206967	-0.03689882816555022	0.5000000000015683	5.822466229191854e-11	1.117209047442249e-13	-4.1672237195760165e-11
34.06664555358272	21.311692668279843	-0.03689882815683099	0.5000000000015679	5.686927460982057e-11	-1.482788772409066e-14	-4.066163046307254e-11
34.08330087550733	21.31107782735286	-0.03689882814831507	0.5000000000015697	5.554085344497308e-11	5.648666891221524e-14	-3.985263494555539e-11
34.099956197431936	21.31046298642602	-0.0368988281399977	0.5000000000015813	5.4248423433738294e-11	3.42979381603558e-13	-3.877290033717166e-11
34.116611519356546	21.309848145499316	-0.03689882813187424	0.5000000000015846	5.298129988532255e-11	1.0444754802263305e-13	-3.8013706452596816e-11
34.133266841281156	21.309233304572746	-0.03689882812394018	0.5000000000015882	5.1748392622437195e-11	1.0970509169063586e-13	-3.6987217886682825e-11
34.14992216320578	21.308618463646308	-0.03689882811619109	0.5000000000015958	5.0539644958591574e-11	2.323067072366146e-13	-3.626242991548764e-11
34.16657748513041	21.308003622719998	-0.0368988281086234	0.5000000000016074	4.935399398417463e-11	3.4423452518919477e-13	-3.556952923262465e-11
34.18323280705505	21.307388781793815	-0.03689882810123258	0.5000000000016067	4.8204762640367656e-11	-1.631897741938282e-14	-3.447694031432329e-11
34.19988812897969	21.30677394086775	-0.03689882809401391	0.5000000000016037	4.708163215648358e-11	-8.528352923495817e-14	-3.369391451663317e-11
34.21654345090434	21.306159099941805	-0.03689882808696357	0.5000000000015989	4.5982935548803485e-11	-1.4225838728038932e-13	-3.2960898230511025e-11
34.23319877282899	21.305544259015974	-0.036898828080078064	0.5000000000016007	4.49058599612128e-11	5.110276486914103e-14	-3.231226762782643e-11
34.249854094753644	21.304929418090257	-0.03689882807335331	0.5000000000016024	4.386087805086675e-11	4.881016177718002e-14	-3.1349457310485575e-11
34.266509416678296	21.30431457716465	-0.036898828066785266	0.5000000000016055	4.283729830417169e-11	9.503995965329422e-14	-3.070739240095248e-11
34.28316473860295	21.30369973623915	-0.036898828060370356	0.5000000000016117	4.183954247639588e-11	1.802996059472716e-13	-2.993267483337307e-11
34.299820060527615	21.303084895313756	-0.03689882805410514	0.5000000000016157	4.0861354870002365e-11	1.197143004573551e-13	-2.9345628191901744e-11
34.31647538245228	21.30247005438847	-0.03689882804798639	0.5000000000016155	3.990622279941946e-11	-5.291967086979224e-15	-2.8653962117581555e-11
34.333130704376956	21.30185521346328	-0.03689882804201058	0.5000000000016153	3.89744531318646e-11	-3.9002716258496745e-15	-2.795309002673782e-11
34.349786026301636	21.30124037253819	-0.036898828036174176	0.5000000000016233	3.806605010249092e-11	2.365962819812859e-13	-2.7252090881300188e-11
34.36644134822632	21.300625531613193	-0.03689882803047397	0.5000000000016189	3.717662321783957e-11	-1.33268833387443e-13	-2.6682806539628042e-11
34.38309667015101	21.30001069068829	-0.03689882802490711	0.5000000000016129	3.630581455117596e-11	-1.7904049824744167e-13	-2.6124259999994358e-11
34.39975199207571	21.299395849763478	-0.036898828019470066	0.5000000000016084	3.5463069969679515e-11	-1.3435045719163707e-13	-2.528233744497716e-11
34.4164073140004	21.29878100883876	-0.03689882801415914	0.5000000000015956	3.46410127914802e-11	-3.827905772576818e-13	-2.4661715346060813e-11
34.4330626359251	21.298166167914125	-0.036898828008971436	0.5000000000015825	3.383666047470671e-11	-3.9584774599366913e-13	-2.4130569503284086e-11
34.44971795784979	21.29755132698958	-0.036898828003904455	0.5000000000015766	3.304749859325882e-11	-1.7427399313148934e-13	-2.3674856443514194e-11
34.46637327977449	21.296936486065118	-0.036898827998955726	0.5000000000015773	3.227563771803705e-11	1.9470295737006663e-14	-2.3155826256729528e-11
34.48302860169918	21.296321645140733	-0.03689882799412252	0.5000000000015785	3.152259214472033e-11	3.466200444073378e-14	-2.2591367199576158e-11
34.49968392362388	21.29570680421643	-0.03689882798940215	0.5000000000015805	3.0786295095720305e-11	5.989997452042484e-14	-2.208891147007324e-11
34.516339245548586	21.2950919632922	-0.03689882798479232	0.5000000000015824	3.006353839122696e-11	5.593428145786103e-14	-2.1682701134871348e-11
34.532994567473295	21.294477122368058	-0.036898827980290615	0.5000000000015877	2.935899579078109e-11	1.5658507205706246e-13	-2.113627801344594e-11
34.549649889398005	21.293862281443985	-0.03689882797589417	0.500000000001596	2.8674060217607086e-11	2.4300561766283334e-13	-2.0548067195287893e-11
34.56630521132272	21.293247440519988	-0.03689882797160042	0.5000000000015888	2.8003536295549212e-11	-2.116191912730856e-13	-2.011571766180242e-11
34.582960533247444	21.292632599596054	-0.036898827967406865	0.5000000000015826	2.735143602825359e-11	-1.8435561982706704e-13	-1.956300801893335e-11
34.59961585517217	21.29201775867219	-0.03689882796331079	0.5000000000015836	2.6716847958240225e-11	2.5917957965351443e-14	-1.9037642100463685e-11
34.61627117709689	21.291402917748396	-0.036898827959310085	0.5000000000015818	2.6092480238900118e-11	-5.307502010045047e-14	-1.8731031580264344e-11
34.63292649902163	21.290788076824665	-0.03689882795540267	0.500000000001579	2.548526114547089e-11	-8.62801753057519e-14	-1.8216572802937117e-11
34.649581820946366	21.290173235901	-0.03689882795158613	0.5000000000015749	2.4893055567024442e-11	-1.2138776989871827e-13	-1.7766167353451837e-11
34.666237142871104	21.2895583949774	-0.03689882794785847	0.5000000000015657	2.43121650363301e-11	-2.7420917302740065e-13	-1.7426715920887208e-11
34.68289246479584	21.288943554053862	-0.03689882794421807	0.5000000000015584	2.3741048534682676e-11	-2.1931499720679107e-13	-1.7133495049478718e-11
34.69954778672058	21.28832871313038	-0.036898827940662834	0.5000000000015536	2.3187921422541788e-11	-1.434776268334579e-13	-1.659381336428159e-11
34.71620310864532	21.287713872206954	-0.03689882793719057	0.50000000000155	2.2646059036803515e-11	-1.1375167301153066e-13	-1.6255871572201544e-11
34.732858430570055	21.287099031283592	-0.03689882793379936	0.5000000000015469	2.2118063728589912e-11	-9.478818419192056e-14	-1.583985924646029e-11
34.74951375249479	21.28648419036028	-0.0368988279304872	0.5000000000015485	2.1602343067706168e-11	4.9930139233225757e-14	-1.5471619826563148e-11
34.76616907441953	21.28586934943702	-0.036898827927252346	0.5000000000015459	2.1097799405115863e-11	-7.60528453907193e-14	-1.513630987775892e-11
34.78282439634427	21.285254508513827	-0.036898827924092936	0.5000000000015499	2.060647285955193e-11	1.2313703862446533e-13	-1.4739796366966576e-11
34.799479718269005	21.28463966759068	-0.03689882792100711	0.5000000000015569	2.0126332469145936e-11	2.1297093727229086e-13	-1.4404211712227287e-11
34.81613504019376	21.28402482666758	-0.03689882791799316	0.5000000000015582	1.965778524858925e-11	4.01917912742477e-14	-1.4056416616747031e-11
34.83279036211851	21.28340998574453	-0.03689882791504952	0.5000000000015591	1.919841620383821e-11	2.79735307454846e-14	-1.3781071342576213e-11
34.84944568404326	21.28279514482153	-0.03689882791217433	0.5000000000015671	1.875410865293608e-11	2.411421079094242e-13	-1.3329226527108184e-11
34.86610100596801	21.282180303898574	-0.036898827909366085	0.5000000000015619	1.8314683964747833e-11	-1.5441200564274976e-13	-1.318274064569028e-11
34.882756327892764	21.281565462975667	-0.03689882790662356	0.500000000001561	1.788676474805262e-11	-2.930540535174726e-14	-1.2837576500898634e-11
34.89941164981752	21.280950622052803	-0.03689882790394507	0.5000000000015601	1.7469389290741356e-11	-2.9906727593530247e-14	-1.2521263719379166e-11
34.91606697174229	21.280335781129985	-0.03689882790132895	0.5000000000015536	1.7063249883387644e-11	-1.9728387014848227e-13	-1.2184182220651618e-11
34.932722293667055	21.279720940207216	-0.03689882789877385	0.5000000000015484	1.6663986499187183e-11	-1.5249067742036104e-13	-1.1977901526052964e-11
34.94937761559182	21.279106099284487	-0.0368988278962785	0.5000000000015412	1.6274506754888568e-11	-2.1599768076029612e-13	-1.1684392328996989e-11
34.96603293751659	21.2784912583618	-0.036898827893841614	0.5000000000015382	1.5892433597047442e-11	-8.72257419016944e-14	-1.146219473527141e-11
34.98268825944135	21.27787641743915	-0.03689882789146207	0.50000000000154	1.551757098334019e-11	5.2176389294181225e-14	-1.1245878411254523e-11
34.99934358136612	21.277261576516537	-0.03689882788913871	0.5000000000015421	1.5150731310719595e-11	6.198997071953441e-14	-1.1005190178654082e-11
35.0159989032909	21.27664673559396	-0.0368988278868697	0.5000000000015458	1.4800229723544665e-11	1.1234713314278895e-13	-1.051504761528318e-11
35.03265422521568	21.27603189467142	-0.03689882788465341	0.5000000000015421	1.445474789413455e-11	-1.1098240382256819e-13	-1.0364454882337295e-11
35.04930954714046	21.27541705374892	-0.036898827882488675	0.5000000000015338	1.4119699998368375e-11	-2.4888223060693e-13	-1.0051436873018587e-11
35.06596486906524	21.274802212826458	-0.03689882788037422	0.5000000000015253	1.3791163322446965e-11	-2.5408016348423684e-13	-9.85610027767455e-12
35.08262019099002	21.27418737190403	-0.03689882787830913	0.5000000000015161	1.3468074306506646e-11	-2.768242009047999e-13	-9.69267047824127e-12
35.0992755129148	21.273572530981635	-0.036898827876292346	0.5000000000015008	1.3153413019209134e-11	-4.568063117983863e-13	-9.43983861895651e-12
35.11593083483958	21.272957690059272	-0.0368988278743228	0.5000000000014866	1.2844575601899314e-11	-4.2494472364215143e-13	-9.265122519324947e-12
35.13258615676436	21.27234284913694	-0.036898827872399315	0.5000000000014769	1.2545326970019556e-11	-2.887268467930207e-13	-8.977458956422475e-12
35.14924147868914	21.271728008214637	-0.03689882787052059	0.5000000000014687	1.2253773704597527e-11	-2.475280316003095e-13	-8.746597962689692e-12
35.16589680061392	21.271113167292366	-0.036898827868685605	0.5000000000014637	1.1967946425930756e-11	-1.5199845302218441e-13	-8.574818360031249e-12
35.1825521225387	21.270498326370127	-0.036898827866893594	0.5000000000014597	1.1686586701465211e-11	-1.1882461431900887e-13	-8.440791733993889e-12
35.19920744446348	21.26988348544792	-0.036898827865143674	0.5000000000014616	1.1412343159535888e-11	5.6483053775596356e-14	-8.227306257906825e-12
35.21586276638826	21.269268644525745	-0.03689882786343453	0.5000000000014615	1.1148363041326567e-11	-7.62954762843944e-15	-7.919403546306038e-12
35.23251808831304	21.268653803603588	-0.036898827861764884	0.5000000000014622	1.089080886634027e-11	2.048357753488446e-14	-7.72662524961435e-12
35.24917341023782	21.268038962681462	-0.036898827860133945	0.5000000000014682	1.063746270082975e-11	1.7899447725335145e-13	-7.600384965340438e-12
35.2658287321626	21.26742412175937	-0.03689882785854094	0.5000000000014733	1.0390153247277352e-11	1.5136865014458295e-13	-7.419283606596346e-12
35.282484054087384	21.266809280837297	-0.03689882785698481	0.5000000000014756	1.0150743528691063e-11	6.643822861654436e-14	-7.182291557612526e-12
35.299139376012164	21.266194439915253	-0.036898827855464715	0.500000000001482	9.914470799441374e-12	1.9441552182161356e-13	-7.088181877513778e-12
35.315794697936944	21.265579598993234	-0.03689882785398025	0.5000000000014906	9.680505301762312e-12	2.568556329543732e-13	-7.018964930394605e-12
35.332450019861724	21.264964758071237	-0.03689882785253071	0.5000000000015011	9.45354534644863e-12	3.1308706034639464e-13	-6.808798659433017e-12
35.349105341786505	21.264349917149268	-0.036898827851115125	0.5000000000015172	9.232140806422611e-12	4.83697059998605e-13	-6.6421362008023915e-12
35.3657606637113	21.26373507622732	-0.03689882784973237	0.5000000000015197	9.020284793398848e-12	7.738494022554825e-14	-6.355680390734244e-12
35.382415985636094	21.263120235305394	-0.036898827848381686	0.5000000000015231	8.80874647770093e-12	9.987615525201485e-14	-6.346149470958019e-12
35.39907130756089	21.26250539438349	-0.036898827847062686	0.5000000000015249	8.602082184477133e-12	5.4840080908466135e-14	-6.199928796734293e-12
35.41572662948568	21.261890553461605	-0.03689882784577462	0.5000000000015284	8.40038951464829e-12	1.0796974479840987e-13	-6.050780094885272e-12
35.43238195141048	21.261275712539742	-0.03689882784451634	0.5000000000015359	8.208889450726879e-12	2.253386516823993e-13	-5.745001917661753e-12
35.44903727333527	21.260660871617898	-0.03689882784328697	0.5000000000015448	8.01884351913758e-12	2.6413337053036827e-13	-5.701377947697507e-12
35.465692595260066	21.260046030696074	-0.03689882784208609	0.5000000000015478	7.832799780041965e-12	9.558767487391137e-14	-5.5813121728867505e-12
35.48234791718486	21.259431189774272	-0.03689882784091273	0.500000000001555	7.655591926284078e-12	2.131367998758904e-13	-5.3162356127545465e-12
35.499003239109655	21.25881634885249	-0.036898827839766245	0.5000000000015613	7.47802374801341e-12	1.8855378955233426e-13	-5.327045348137146e-12
35.51565856103445	21.258201507930732	-0.036898827838646196	0.5000000000015651	7.30660559867865e-12	1.1422413782511374e-13	-5.142544480059946e-12
35.53231388295925	21.257586667008994	-0.03689882783755219	0.5000000000015673	7.134312046128933e-12	6.833529781532371e-14	-5.168806576508025e-12
35.54896920488406	21.25697182608727	-0.03689882783648405	0.5000000000015664	6.965137430794374e-12	-2.4554533075869453e-14	-5.075238460053376e-12
35.56562452680887	21.256356985165564	-0.03689882783544124	0.5000000000015646	6.799862485308097e-12	-5.783234676738636e-14	-4.958248364604627e-12
35.58227984873368	21.25574214424387	-0.036898827834422665	0.5000000000015599	6.64517441591858e-12	-1.4229012391085705e-13	-4.640642081701439e-12
35.598935170658486	21.255127303322194	-0.03689882783342796	0.5000000000015545	6.484840643462693e-12	-1.6247040605238405e-13	-4.810013173691517e-12
35.615590492583294	21.254512462400537	-0.03689882783245666	0.5000000000015429	6.33623868809022e-12	-3.5392095002850614e-13	-4.458058661189625e-12
35.6322458145081	21.253897621478895	-0.03689882783150771	0.5000000000015348	6.189975013955609e-12	-2.4478040918534706e-13	-4.387910224052663e-12
35.64890113643291	21.25328278055727	-0.03689882783058065	0.5000000000015247	6.0473600495980385e-12	-3.0864902444299215e-13	-4.278448930741218e-12
35.66555645835771	21.252667939635657	-0.036898827829675115	0.5000000000015136	5.9056431854780544e-12	-3.3568867425907457e-13	-4.2515059236132616e-12
35.68221178028252	21.252053098714065	-0.0368988278287908	0.5000000000015066	5.767341740840073e-12	-2.0673296313223656e-13	-4.149043339153079e-12
35.69886710220733	21.251438257792483	-0.03689882782792717	0.5000000000014995	5.632594898521516e-12	-2.1270178408297133e-13	-4.042405269570029e-12
35.71552242413214	21.25082341687092	-0.03689882782708369	0.5000000000014931	5.501465582016326e-12	-1.9083751573900805e-13	-3.933879495168669e-12
35.73217774605695	21.250208575949365	-0.03689882782625961	0.5000000000014884	5.376288244872224e-12	-1.406714981587627e-13	-3.755320114335721e-12
35.74883306798176	21.249593735027823	-0.03689882782545459	0.5000000000014825	5.250062575364901e-12	-1.7669005635771035e-13	-3.786770085231804e-12
35.765488389906565	21.248978894106298	-0.03689882782466847	0.5000000000014739	5.126759952187128e-12	-2.5393045549300733e-13	-3.699078695345357e-12
35.782143711831374	21.248364053184787	-0.036898827823900415	0.5000000000014728	5.011571065170297e-12	-3.351896058346841e-14	-3.455666610516835e-12
35.79879903375618	21.247749212263287	-0.03689882782315034	0.5000000000014645	4.889447202127263e-12	-2.504220213085575e-13	-3.663715891302141e-12
35.815454355680984	21.247134371341797	-0.036898827822418594	0.5000000000014552	4.769613086502304e-12	-2.766445079472376e-13	-3.595023468760568e-12
35.832109677605786	21.24651953042032	-0.03689882782170418	0.5000000000014492	4.660604175939139e-12	-1.7640117407698337e-13	-3.270267316906538e-12
35.848764999530594	21.24590468949885	-0.03689882782100606	0.500000000001449	4.554629445156965e-12	-2.889940890760112e-15	-3.1792419234757133e-12
35.8654203214554	21.245289848577404	-0.03689882782032417	0.5000000000014506	4.446160826888934e-12	4.8377666754311974e-14	-3.254058548051176e-12
35.88207564338021	21.244675007655967	-0.036898827819658524	0.500000000001453	4.340363140294561e-12	7.201790569065156e-14	-3.1739305978416656e-12
35.89873096530502	21.244060166734542	-0.03689882781900896	0.5000000000014541	4.233756958090923e-12	3.149532433357853e-14	-3.198185466119366e-12
35.91538628722983	21.243445325813127	-0.03689882781837524	0.5000000000014565	4.131229540019778e-12	7.057274212175953e-14	-3.075822542144628e-12
35.93204160915464	21.24283048489172	-0.03689882781775652	0.500000000001458	4.035947394290457e-12	4.042275683017321e-14	-2.8584643718895214e-12
35.948696931079446	21.242215643970322	-0.036898827817152466	0.5000000000014603	3.937428900987386e-12	7.168684116915132e-14	-2.9555547991012915e-12
35.965352253004255	21.241600803048936	-0.03689882781656312	0.5000000000014657	3.842078519205509e-12	1.621059955378163e-13	-2.860511453465812e-12
35.982007574929064	21.24098596212756	-0.036898827815987835	0.5000000000014713	3.751651595130874e-12	1.6780610036823233e-13	-2.7128077222481918e-12
35.99866289685389	21.240371121206184	-0.036898827815426076	0.5000000000014744	3.6635393414263816e-12	9.395546271334307e-14	-2.6433676111434603e-12
36.01531821877871	21.23975628028482	-0.036898827814877196	0.5000000000014748	3.5816140331839315e-12	1.3634709680743207e-14	-2.457759247281973e-12
36.03197354070353	21.239141439363465	-0.03689882781434122	0.5000000000014694	3.4932301728698328e-12	-1.6301665760006835e-13	-2.6515158094308445e-12
36.04862886262835	21.23852659844212	-0.036898827813817925	0.5000000000014663	3.4143728471042193e-12	-9.631180334051907e-14	-2.365719772976931e-12
36.065284184553164	21.237911757520788	-0.03689882781330653	0.5000000000014547	3.3360060650591888e-12	-3.443087015584517e-13	-2.3510034613585093e-12
36.08193950647798	21.237296916599465	-0.0368988278128069	0.5000000000014517	3.2590819073140014e-12	-9.396059573300343e-14	-2.3077247323631766e-12
36.098594828402796	21.236682075678154	-0.03689882781231889	0.5000000000014422	3.1826968244879453e-12	-2.8657090738490147e-13	-2.2915524847890946e-12
36.11525015032761	21.23606723475684	-0.03689882781184257	0.5000000000014376	3.104723207555313e-12	-1.361270071545493e-13	-2.3392085079863267e-12
36.13190547225243	21.23545239383554	-0.036898827811377585	0.5000000000014304	3.032943201790026e-12	-2.1129986324010253e-13	-2.1534001729661125e-12
36.14856079417724	21.23483755291425	-0.036898827810923414	0.5000000000014274	2.961999463141146e-12	-8.821078023297894e-14	-2.128312159473319e-12
36.16521611610206	21.23422271199296	-0.036898827810479776	0.5000000000014235	2.89402921331858e-12	-1.196576000718659e-13	-2.0391074946838095e-12
36.181871438026874	21.23360787107168	-0.0368988278100463	0.5000000000014208	2.8277337476781596e-12	-8.26131630010489e-14	-1.9888639692191662e-12
36.19852675995169	21.23299303015041	-0.03689882780962295	0.5000000000014182	2.7605617154108234e-12	-7.766820837190082e-14	-2.0151609680264828e-12
36.215182081876506	21.23237818922915	-0.03689882780920967	0.5000000000014166	2.6948165935350424e-12	-4.445502329425942e-14	-1.9723536562799046e-12
36.23183740380133	21.231763348307886	-0.03689882780880617	0.5000000000014171	2.631326411683425e-12	9.71424478943099e-15	-1.9047054555548503e-12
36.24849272572615	21.231148507386635	-0.03689882780841172	0.5000000000014173	2.5754727725003007e-12	9.180183739923575e-15	-1.6756091754998626e-12
36.265148047650975	21.230533666465384	-0.03689882780802601	0.500000000001417	2.515919050967915e-12	-6.946900059324676e-15	-1.7866116459769333e-12
36.28180336957579	21.229918825544143	-0.036898827807649436	0.5000000000014139	2.4548643856420986e-12	-9.357942413047542e-14	-1.831639959780247e-12
36.298458691500606	21.229303984622913	-0.036898827807281764	0.5000000000014132	2.398374251204182e-12	-2.128696118030085e-14	-1.6947040331433669e-12
36.31511401342542	21.228689143701683	-0.03689882780692238	0.5000000000014073	2.345619845892893e-12	-1.773284108799473e-13	-1.582632159344117e-12
36.33176933535024	21.228074302780463	-0.03689882780657101	0.5000000000014085	2.2924075677907216e-12	3.885115157104685e-14	-1.5963683430702428e-12
36.348424657275054	21.227459461859247	-0.036898827806227774	0.5000000000014071	2.2383334072456023e-12	-4.601163607021938e-14	-1.6222248163587154e-12
36.36507997919987	21.22684462093804	-0.03689882780589236	0.5000000000014054	2.188960142973366e-12	-4.953146454187568e-14	-1.4811979281722912e-12
36.381735301124685	21.22622978001683	-0.03689882780556432	0.5000000000014065	2.1412336426264396e-12	3.004643720785037e-14	-1.4317950104125586e-12
36.39839062304951	21.22561493909563	-0.03689882780524373	0.50000000000141	2.0904739250977777e-12	9.892108833453594e-14	-1.522791525864442e-12
36.41504594497433	21.225000098174437	-0.036898827804930916	0.5000000000014138	2.03865447196982e-12	1.1206825262710315e-13	-1.5545835938436203e-12
36.431701266899154	21.22438525725325	-0.03689882780462547	0.5000000000014171	1.9931993157277545e-12	1.0008966854109513e-13	-1.363654687266947e-12
36.44835658882398	21.223770416332062	-0.03689882780432676	0.5000000000014175	1.9497646941828873e-12	1.2491865723253393e-14	-1.3030386463504051e-12
36.46501191074879	21.223155575410885	-0.036898827804034785	0.5000000000014188	1.904178386762743e-12	3.6454617536457734e-14	-1.367589222608505e-12
36.48166723267361	21.222540734489712	-0.03689882780374979	0.5000000000014201	1.857645432116464e-12	3.723265456796049e-14	-1.395988639392765e-12
36.49832255459843	21.221925893568546	-0.036898827803471645	0.5000000000014232	1.8139373974147936e-12	9.026931085216391e-14	-1.3112410410545891e-12
36.514977876523254	21.22131105264738	-0.03689882780320007	0.5000000000014267	1.770893376233648e-12	1.0425167673577818e-13	-1.2913206354385881e-12
36.53163319844808	21.22069621172622	-0.03689882780293456	0.5000000000014267	1.7339138065346022e-12	5.22954753503016e-15	-1.1093870909755283e-12
36.54828852037289	21.220081370805065	-0.036898827802674596	0.5000000000014254	1.6976639355260766e-12	-4.1610354620464154e-14	-1.0874961302593357e-12
36.56494384229771	21.21946652988392	-0.03689882780242053	0.5000000000014291	1.6561111593790067e-12	1.0708960980357687e-13	-1.2465832844155855e-12
36.58159916422253	21.218851688962776	-0.03689882780217247	0.5000000000014333	1.618350851550973e-12	1.26948344685799e-13	-1.1328092348450114e-12
36.59825448614735	21.21823684804163	-0.03689882780193022	0.5000000000014306	1.5792775333772213e-12	-7.833779469296892e-14	-1.1721995452161844e-12
36.61490980807216	21.217622007120493	-0.03689882780169401	0.5000000000014352	1.5386792415638059e-12	1.374026929832229e-13	-1.2179487544062249e-12
36.631565129996986	21.21700716619936	-0.036898827801463606	0.5000000000014373	1.5027338283477441e-12	6.022411031241653e-14	-1.0783623964857692e-12
36.6482204519218	21.21639232527823	-0.03689882780123864	0.5000000000014387	1.4666490925169715e-12	4.4358468314536006e-14	-1.0825420749266392e-12
36.664875773846624	21.215777484357105	-0.03689882780101918	0.5000000000014425	1.4302554785511777e-12	1.1723821986462345e-13	-1.0918084189772942e-12
36.68153109577144	21.21516264343598	-0.036898827800804834	0.5000000000014418	1.398943235234935e-12	-2.2570321127476575e-14	-9.393672994907915e-13
36.698186417696256	21.214547802514858	-0.03689882780059541	0.5000000000014466	1.3655392888743526e-12	1.4083314592641671e-13	-1.0021183908205003e-12
36.71484173962108	21.21393296159374	-0.03689882780039117	0.5000000000014507	1.3303782186225354e-12	1.2408188354833677e-13	-1.0548321075577367e-12
36.7314970615459	21.213318120672625	-0.03689882780019211	0.5000000000014557	1.297233696266746e-12	1.5403114913647813e-13	-9.943356706770757e-13
36.748152383470725	21.212703279751512	-0.036898827799997765	0.5000000000014594	1.267969489816439e-12	1.0909843652941696e-13	-8.779261935124079e-13
36.76480770539555	21.212088438830406	-0.03689882779980764	0.5000000000014636	1.2418469680722504e-12	1.2945974994056295e-13	-7.836756523284753e-13
36.78146302732037	21.2114735979093	-0.036898827799621635	0.5000000000014669	1.2134997380019644e-12	1.024762211394338e-13	-8.504169021110885e-13
36.79811834924519	21.210858756988195	-0.03689882779943969	0.5000000000014708	1.1881526501826949e-12	1.189189704012012e-13	-7.604126345808199e-13
36.814773671170016	21.210243916067096	-0.036898827799261485	0.5000000000014743	1.1641793879417585e-12	1.0138229502871382e-13	-7.191978672305282e-13
36.83142899309483	21.209629075146	-0.0368988277990869	0.5000000000014773	1.1402093073893329e-12	9.10333006892694e-14	-7.19102416575083e-13
36.84808431501965	21.20901423422491	-0.0368988277989164	0.5000000000014786	1.1103996099125057e-12	3.845506880051537e-14	-8.942909243071283e-13
36.86473963694446	21.208399393303818	-0.03689882779875049	0.5000000000014818	1.0794605236761156e-12	9.58212255743919e-14	-9.281725870945809e-13
36.881394958869286	21.207784552382734	-0.03689882779858896	0.5000000000014883	1.0528600294172186e-12	1.892217936158569e-13	-7.980148277698902e-13
36.89805028079411	21.20716971146165	-0.03689882779843088	0.500000000001493	1.0338112854887176e-12	1.447314727646195e-13	-5.714623178575976e-13
36.91470560271893	21.206554870540565	-0.036898827798276065	0.5000000000014978	1.0097256320645977e-12	1.4720511729059485e-13	-7.225696027254315e-13
36.931360924643755	21.20594002961948	-0.03689882779812461	0.500000000001503	9.89501677027861e-13	1.5643962294749174e-13	-6.067186511044246e-13
36.94801624656858	21.205325188698403	-0.03689882779797645	0.5000000000015092	9.661243311805348e-13	1.818725291896639e-13	-7.013203754217378e-13
36.9646715684934	21.20471034777733	-0.03689882779783177	0.5000000000015162	9.437107380096998e-13	2.104541923218274e-13	-6.724077951273037e-13
36.981326890418224	21.20409550685626	-0.03689882779769043	0.5000000000015236	9.220950561234915e-13	2.1587303477990996e-13	-6.484704565884118e-13
36.99798221234305	21.20348066593519	-0.03689882779755252	0.5000000000015309	8.983822185488059e-13	2.14681679551465e-13	-7.113851272426575e-13
37.01463753426787	21.202865825014126	-0.03689882779741812	0.5000000000015381	8.757559262608008e-13	2.170302816856349e-13	-6.787887686424349e-13
37.03129285619269	21.202250984093062	-0.03689882779728716	0.5000000000015431	8.528796496185961e-13	1.4661139124028284e-13	-6.862882992683237e-13
37.047948178117515	21.201636143172	-0.03689882779715951	0.5000000000015498	8.321804547214378e-13	2.0030702899305475e-13	-6.209758469169587e-13
37.06460350004234	21.201021302250936	-0.03689882779703484	0.5000000000015535	8.133703055851862e-13	1.150006908548929e-13	-5.643044740895481e-13
37.081258821967154	21.200406461329873	-0.036898827796912906	0.5000000000015585	7.960545553390888e-13	1.4506338431906698e-13	-5.194725073847329e-13
37.09791414389198	21.199791620408817	-0.03689882779679374	0.5000000000015643	7.770055317807145e-13	1.7323939320839504e-13	-5.714707067528961e-13
37.1145694658168	21.19917677948776	-0.03689882779667737	0.5000000000015717	7.589743988393862e-13	2.2200193818141221e-13	-5.409339882416873e-13
37.13122478774162	21.19856193856671	-0.036898827796563546	0.500000000001579	7.435250564326851e-13	2.174806524918218e-13	-4.634802722027699e-13
37.147880109666445	21.19794709764566	-0.036898827796452247	0.5000000000015867	7.256083825814796e-13	2.3028536814007766e-13	-5.375002155376532e-13
37.16453543159127	21.19733225672461	-0.03689882779634366	0.5000000000015948	7.076165836401022e-13	2.3892811286310017e-13	-5.397539682430499e-13
37.18119075351609	21.19671741580357	-0.036898827796237765	0.5000000000016039	6.901891228630997e-13	2.7115871939313585e-13	-5.228238233118114e-13
37.197846075440914	21.196102574882527	-0.036898827796134744	0.5000000000016088	6.697403156093596e-13	1.439622109944503e-13	-6.134642176138827e-13
37.21450139736574	21.195487733961485	-0.03689882779603481	0.500000000001617	6.494717946315884e-13	2.5195410739849676e-13	-6.080556293351077e-13
37.23115671929056	21.194872893040444	-0.03689882779593774	0.5000000000016188	6.318386548557535e-13	5.362007902574503e-14	-5.289941932769997e-13
37.247812041215376	21.1942580521194	-0.03689882779584292	0.5000000000016268	6.197562050952226e-13	2.3853451359317004e-13	-3.6247349281762767e-13
37.26446736314019	21.19364321119836	-0.03689882779574979	0.5000000000016281	6.096621006056434e-13	4.0342695275998736e-14	-3.028231346885391e-13
37.281122685065014	21.193028370277318	-0.03689882779565796	0.5000000000016382	6.025799336961991e-13	3.0506647826378935e-13	-2.1246500728430168e-13
37.29777800698984	21.192413529356283	-0.03689882779556744	0.5000000000016394	5.921611241731611e-13	3.3546634843921105e-14	-3.1256428569182143e-13
37.31443332891465	21.19179868843525	-0.03689882779547839	0.5000000000016462	5.833072098595188e-13	2.0797829130008057e-13	-2.65617429410277e-13
37.33108865083947	21.191183847514214	-0.036898827795390575	0.5000000000016487	5.758040603044638e-13	7.367206616894911e-14	-2.2509448665250466e-13
37.34774397276429	21.190569006593183	-0.036898827795304234	0.5000000000016583	5.638832519644375e-13	2.915258502265636e-13	-3.576242502015082e-13
37.364399294689115	21.189954165672155	-0.036898827795219656	0.5000000000016654	5.524931307948612e-13	2.1251948565206326e-13	-3.417036350884324e-13
37.38105461661394	21.189339324751128	-0.036898827795136833	0.5000000000016721	5.407119842911984e-13	1.9930057089260003e-13	-3.534343951109797e-13
37.39770993853876	21.1887244838301	-0.03689882779505584	0.5000000000016793	5.284212373613573e-13	2.1499851391945136e-13	-3.687224078963733e-13
37.41436526046358	21.18810964290908	-0.03689882779497674	0.5000000000016877	5.157219722632716e-13	2.443777127815634e-13	-3.8097795294375333e-13
37.431020582388406	21.18749480198806	-0.03689882779489969	0.500000000001696	5.012968664004776e-13	2.542528701140502e-13	-4.3275317588504525e-13
37.44767590431323	21.18687996106704	-0.03689882779482503	0.5000000000017047	4.843213678735854e-13	2.65021925032697e-13	-5.092649558081566e-13
37.46433122623806	21.186265120146018	-0.03689882779475277	0.5000000000017023	4.693864399955193e-13	-7.350587830469782e-14	-4.480478363436164e-13
37.48098654816289	21.185650279224998	-0.03689882779468302	0.500000000001703	4.5128781123031147e-13	2.065494246450937e-14	-5.429588629576782e-13
37.49764187008772	21.185035438303977	-0.03689882779461578	0.5000000000017035	4.3631783246260494e-13	1.73486137294062e-14	-4.49099363032941e-13
37.51429719201255	21.184420597382957	-0.036898827794550636	0.5000000000017033	4.236245107187709e-13	-9.990435128476305e-15	-3.8079965231646554e-13
37.53095251393738	21.183805756461936	-0.03689882779448736	0.5000000000017017	4.114673919372187e-13	-4.945413382192315e-14	-3.647135634477895e-13
37.54760783586221	21.183190915540916	-0.036898827794425965	0.5000000000016988	3.9900283893462137e-13	-9.191387614123497e-14	-3.739365900790918e-13
37.56426315778704	21.182576074619902	-0.036898827794366276	0.5000000000016941	3.8880323455756364e-13	-1.3861391960461045e-13	-3.059881313129334e-13
37.58091847971187	21.18196123369889	-0.036898827794307955	0.5000000000016878	3.8100634221381586e-13	-1.8739835529711646e-13	-2.3390677031341696e-13
37.5975738016367	21.181346392777876	-0.036898827794250834	0.5000000000016799	3.7290690899977414e-13	-2.3853967032975293e-13	-2.429829964220023e-13
37.614229123561515	21.180731551856862	-0.036898827794194775	0.5000000000016764	3.6696184486585063e-13	-1.0101899582137287e-13	-1.783519240184861e-13
37.63088444548633	21.18011671093585	-0.03689882779413976	0.5000000000016768	3.591297692910415e-13	1.0058069015248666e-14	-2.3496226724484576e-13
37.647539767411146	21.17950187001484	-0.03689882779408595	0.5000000000016819	3.513279710211031e-13	1.4869365572264988e-13	-2.340539480989075e-13
37.66419508933597	21.178887029093833	-0.03689882779403326	0.500000000001691	3.4408638002638125e-13	2.7463147316171554e-13	-2.172477298424096e-13
37.6808504112608	21.178272188172826	-0.03689882779398171	0.5000000000016906	3.3626653455420225e-13	-9.765598702957123e-15	-2.3459536416606795e-13
37.69750573318563	21.17765734725182	-0.03689882779393146	0.5000000000016935	3.270155312379868e-13	8.410068838169901e-14	-2.775300994872179e-13
37.71416105511046	21.177042506330814	-0.036898827793882726	0.500000000001696	3.1616879992767205e-13	7.821043143088798e-14	-3.254019393103361e-13
37.73081637703529	21.176427665409808	-0.03689882779383558	0.5000000000016975	3.060546883481692e-13	4.5582657928148335e-14	-3.034233473861316e-13
37.74747169896012	21.1758128244888	-0.03689882779378997	0.5000000000016978	2.9600396025646446e-13	4.237624519950328e-15	-3.0152184275211717e-13
37.76412702088495	21.175197983567802	-0.036898827793745835	0.5000000000016962	2.8668207716667e-13	-4.087724760461556e-14	-2.796564926948029e-13
37.78078234280978	21.174583142646803	-0.036898827793703196	0.5000000000016944	2.7609523416594664e-13	-5.4670565898798026e-14	-3.176052900225997e-13
37.79743766473461	21.173968301725804	-0.03689882779366221	0.5000000000016912	2.649634145237679e-13	-9.679874564123662e-14	-3.339545892663809e-13
37.81409298665944	21.173353460804805	-0.036898827793622774	0.5000000000016871	2.555440198158184e-13	-1.2175174673241702e-13	-2.825818412395597e-13
37.83074830858427	21.172738619883805	-0.03689882779358476	0.5000000000016824	2.4631467569115394e-13	-1.4260309242047214e-13	-2.768803237408418e-13
37.8474036305091	21.172123778962806	-0.03689882779354807	0.5000000000016768	2.381440392047979e-13	-1.716510912358124e-13	-2.451190945915721e-13
37.86405895243393	21.171508938041807	-0.03689882779351263	0.5000000000016701	2.2966371156675233e-13	-1.991250792184561e-13	-2.5440982914215556e-13
37.880714274358745	21.170894097120808	-0.036898827793478466	0.5000000000016667	2.2135830669227168e-13	-1.0315075752104566e-13	-2.491621462352385e-13
37.89736959628356	21.17027925619981	-0.036898827793445436	0.5000000000016679	2.1460118145793855e-13	3.4842107362242566e-14	-2.0271375703079438e-13
37.914024918208376	21.16966441527881	-0.03689882779341333	0.5000000000016733	2.0907340796594557e-13	1.6341534923207737e-13	-1.6583320476044022e-13
37.9306802401332	21.16904957435781	-0.03689882779338192	0.5000000000016832	2.0549396790410812e-13	2.993342370033545e-13	-1.0738320185565607e-13
37.94733556205803	21.16843473343681	-0.036898827793350956	0.50000000000168	2.0308652327269157e-13	-9.584472565648053e-14	-7.222333894284193e-14
37.96399088398286	21.167819892515812	-0.036898827793320335	0.5000000000016827	2.0111864511020325e-13	8.47013939834964e-14	-5.903634487488179e-14
37.98064620590769	21.167205051594813	-0.03689882779328981	0.500000000001686	2.0183332783262082e-13	1.0399061101703903e-13	2.1440481672338542e-14
37.99730152783252	21.166590210673814	-0.036898827793259134	0.5000000000016851	2.0309038609857812e-13	-2.2522619620019002e-14	3.771174797878879e-14
38.01395684975735	21.165975369752815	-0.03689882779322837	0.5000000000016857	2.029034964306434e-13	1.4499120355943376e-14	-5.60669003791991e-15
38.03061217168218	21.165360528831815	-0.036898827793197614	0.5000000000016855	2.0299969266985764e-13	-2.4881762232184523e-15	2.8858871764091822e-15
38.04726749360701	21.164745687910816	-0.03689882779316677	0.5000000000016843	2.0414857365454318e-13	-3.747779606729125e-14	3.446642954057535e-14
38.06392281553184	21.164130846989824	-0.03689882779313572	0.5000000000016817	2.0565737072378754e-13	-7.649618921157578e-14	4.5263912077442554e-14
38.08057813745667	21.163516006068832	-0.03689882779310446	0.5000000000016775	2.0708991684965433e-13	-1.1936302911786517e-13	4.2976383776147975e-14
38.0972334593815	21.16290116514784	-0.03689882779307303	0.5000000000016732	2.0779584322988579e-13	-1.2845557205280224e-13	2.1177791407081107e-14
38.11388878130633	21.162286324226848	-0.03689882779304155	0.5000000000016687	2.0774875846112217e-13	-1.3996442554758091e-13	-1.4125430628408397e-15
38.13054410323116	21.161671483305856	-0.03689882779301008	0.5000000000016623	2.0773540465544888e-13	-1.8940792402381834e-13	-4.0061417020366737e-16
38.14719942515599	21.161056642384864	-0.03689882779297879	0.5000000000016553	2.0532498296327247e-13	-2.13496812595396e-13	-7.231265076529375e-14
38.163854747080805	21.16044180146387	-0.03689882779294782	0.5000000000016518	2.034992326246815e-13	-1.0617582727194715e-13	-5.477251015796169e-14
38.18051006900562	21.15982696054288	-0.03689882779291703	0.5000000000016531	2.0281051672184429e-13	4.143378552041131e-14	-2.0661477085293165e-14
38.19716539093044	21.159212119621888	-0.036898827792886495	0.500000000001659	2.0021512391113475e-13	1.7947841089304035e-13	-7.786178432135221e-14
38.21382071285526	21.1585972787009	-0.03689882779285665	0.5000000000016701	1.936808398977905e-13	3.325741950983927e-13	-1.9602852040057737e-13
38.23047603478009	21.157982437779914	-0.03689882779282776	0.5000000000016663	1.8775636709159423e-13	-1.1268312400791042e-13	-1.7773418418651844e-13
38.24713135670492	21.15736759685893	-0.03689882779279992	0.5000000000016698	1.797235394536415e-13	1.024694347114604e-13	-2.4098482913915197e-13
38.26378667862975	21.156752755937944	-0.03689882779277329	0.5000000000016747	1.7191019913329497e-13	1.4783915872106437e-13	-2.344002096111703e-13
38.28044200055458	21.15613791501696	-0.03689882779274777	0.5000000000016759	1.647837272548749e-13	3.809437845465197e-14	-2.1379415635335496e-13
38.29709732247941	21.155523074095974	-0.036898827792723306	0.5000000000016788	1.5814057387413448e-13	8.486483746099859e-14	-1.9929460142289957e-13
38.31375264440424	21.15490823317499	-0.036898827792699825	0.5000000000016774	1.517541249062826e-13	-3.473111894109794e-14	-1.9159346903619702e-13
38.33040796632907	21.154293392254004	-0.03689882779267744	0.5000000000016777	1.436333520541621e-13	4.310391426383051e-15	-2.436231855642311e-13
38.3470632882539	21.15367855133302	-0.0368988277926562	0.5000000000016771	1.3669159159361116e-13	-1.2147872090846265e-14	-2.0825281381731095e-13
38.36371861017873	21.153063710412034	-0.036898827792636	0.5000000000016758	1.2999522839544085e-13	-3.933860886779633e-14	-2.008908959457783e-13
38.38037393210356	21.15244886949105	-0.03689882779261672	0.5000000000016732	1.245340670332452e-13	-7.484928949970208e-14	-1.638348408665148e-13
38.39702925402839	21.151834028570065	-0.036898827792598246	0.5000000000016696	1.1935888582154726e-13	-1.1172899560293707e-13	-1.5525543635146417e-13
38.41368457595322	21.15121918764908	-0.036898827792580566	0.5000000000016656	1.140159648363018e-13	-1.1983401331785645e-13	-1.6028762955786273e-13
38.43033989787805	21.150604346728095	-0.03689882779256363	0.5000000000016602	1.0963422338268835e-13	-1.6009213066000595e-13	-1.314522436089195e-13
38.44699521980288	21.14998950580711	-0.03689882779254729	0.5000000000016543	1.0602667297526607e-13	-1.766231576955362e-13	-1.0822651222309093e-13
38.46365054172771	21.149374664886132	-0.03689882779253146	0.5000000000016479	1.028126948751994e-13	-1.8935445591605586e-13	-9.641934300234825e-14
38.480305863652525	21.148759823965154	-0.03689882779251614	0.5000000000016454	9.940602940845676e-14	-7.851002020806824e-14	-1.0219996400258896e-13
38.49696118557734	21.148144983044176	-0.036898827792501386	0.5000000000016478	9.530952169292592e-14	7.516529716353193e-14	-1.228952314662537e-13
38.51361650750216	21.1475301421232	-0.03689882779248729	0.5000000000016552	9.06066369473176e-14	2.1828549303390746e-13	-1.4108654236864466e-13
38.53027182942698	21.14691530120222	-0.03689882779247389	0.5000000000016674	8.621020121978128e-14	3.651049968811989e-13	-1.3189307182654272e-13
38.54692715135181	21.146300460281243	-0.036898827792461265	0.5000000000016648	8.041584926570775e-14	-8.167672064401423e-14	-1.7383055862262993e-13
38.56358247327664	21.145685619360265	-0.0368988277924495	0.5000000000016691	7.497274934002632e-14	1.2649607652581024e-13	-1.632929977710015e-13
38.58023779520147	21.145070778439287	-0.03689882779243856	0.5000000000016712	6.923274049037858e-14	6.18016380259101e-14	-1.7220026548995695e-13
38.5968931171263	21.14445593751831	-0.036898827792428444	0.5000000000016753	6.422524881173366e-14	1.25834923264765e-13	-1.5022475035990094e-13
38.61354843905113	21.14384109659733	-0.0368988277924191	0.5000000000016721	5.91097580698153e-14	-9.802219664211895e-14	-1.534647222580333e-13
38.63020376097596	21.143226255676353	-0.03689882779241045	0.5000000000016728	5.4952760341334614e-14	2.134601631738342e-14	-1.2470993185491368e-13
38.64685908290079	21.142611414755375	-0.03689882779240239	0.5000000000016739	5.1537883839399774e-14	3.5577270974087097e-14	-1.0244629505844586e-13
38.66351440482562	21.141996573834398	-0.03689882779239481	0.5000000000016747	4.8358953324660004e-14	1.757149181475133e-14	-9.536791544252231e-14
38.68016972675045	21.14138173291342	-0.036898827792387665	0.5000000000016744	4.5874209371765384e-14	-9.509686332669076e-15	-7.454231858714506e-14
38.69682504867528	21.140766891992442	-0.03689882779238089	0.5000000000016731	4.347711112008904e-14	-4.14907366276529e-14	-7.191294755052982e-14
38.71348037060011	21.140152051071464	-0.03689882779237444	0.5000000000016707	4.177697099857836e-14	-7.507025667871821e-14	-5.100420364555126e-14
38.73013569252494	21.139537210150486	-0.036898827792368194	0.5000000000016667	4.0741969871620395e-14	-1.1634090365348834e-13	-3.1050033808902886e-14
38.74679101444977	21.13892236922951	-0.03689882779236208	0.5000000000016623	4.005334457461401e-14	-1.2680956003145727e-13	-2.0658758910291454e-14
38.7634463363746	21.13830752830853	-0.03689882779235603	0.5000000000016569	3.985678066863546e-14	-1.6417434496292585e-13	-5.89691717942295e-15
38.78010165829943	21.137692687387553	-0.0368988277923501	0.500000000001651	3.837090031157106e-14	-1.7939458851258007e-13	-4.457641071195122e-14
38.79675698022426	21.137077846466575	-0.03689882779234432	0.5000000000016447	3.7855564768489165e-14	-1.9008773911475749e-13	-1.546006629260012e-14
38.813412302149075	21.136463005545597	-0.03689882779233863	0.500000000001642	3.7260583801674745e-14	-7.624256044211353e-14	-1.78494290044825e-14
38.83006762407389	21.13584816462462	-0.036898827792332986	0.5000000000016442	3.7174401958847654e-14	7.180936617903755e-14	-2.5854552848699627e-15
38.84672294599871	21.13523332370364	-0.03689882779232735	0.5000000000016513	3.7130347809002906e-14	2.1024308460631733e-13	-1.3216244953507356e-15
38.86337826792353	21.134618482782663	-0.0368988277923217	0.5000000000016634	3.750181994559009e-14	3.5859717159667653e-13	1.114416409761156e-14
38.88003358984836	21.134003641861685	-0.03689882779231597	0.5000000000016604	3.817074126525994e-14	-9.125039862178247e-14	2.0067639590131242e-14
38.89668891177319	21.133388800940708	-0.03689882779231014	0.5000000000016643	3.8880460178600564e-14	1.1818703567895161e-13	2.1291567400283424e-14
38.91334423369802	21.13277396001973	-0.03689882779230423	0.5000000000016697	3.924797067578505e-14	1.5910976556470294e-13	1.1025314915602988e-14
38.92999955562285	21.132159119098752	-0.03689882779229827	0.5000000000016674	3.9545160844689494e-14	-6.731101814165877e-14	8.915705067168805e-15
38.94665487754768	21.131544278177774	-0.036898827792292414	0.5000000000016693	3.770850750978091e-14	5.672959118522419e-14	-5.509960004722863e-14
38.96331019947251	21.130929437256796	-0.0368988277922868	0.5000000000016718	3.646689255928977e-14	6.840094286873592e-14	-3.724844851491093e-14
38.97996552139734	21.13031459633582	-0.03689882779228138	0.5000000000016698	3.507359019514122e-14	-5.695223887760767e-14	-4.179907092457611e-14
38.99662084332217	21.12969975541484	-0.03689882779227614	0.5000000000016691	3.412199214960491e-14	-1.596491764743052e-14	-2.85479413662237e-14
39.013276165247	21.129084914493863	-0.03689882779227104	0.500000000001668	3.317120596012162e-14	-2.8181975389408517e-14	-2.852358568459028e-14
39.02993148717183	21.128470073572885	-0.036898827792266095	0.5000000000016662	3.208810593052271e-14	-5.4426322254391354e-14	-3.2493000888059e-14
39.04658680909666	21.127855232651907	-0.03689882779226124	0.5000000000016634	3.209768700865792e-14	-8.567258840829102e-14	2.874323439518993e-16
39.06324213102149	21.12724039173093	-0.03689882779225642	0.5000000000016593	3.139271688505405e-14	-1.234085194603239e-13	-2.114910370811502e-14
39.07989745294632	21.12662555080995	-0.036898827792251676	0.5000000000016551	3.1302062731551395e-14	-1.2961617659713008e-13	-2.7196246051474008e-15
39.09655277487115	21.126010709888973	-0.03689882779224697	0.5000000000016497	3.081641181791262e-14	-1.6496514169874604e-13	-1.45695274091718e-14
39.11320809679598	21.125395868967995	-0.03689882779224229	0.5000000000016438	3.098849455310844e-14	-1.7510229987434574e-13	5.1624820558275836e-15
39.129863418720795	21.124781028047018	-0.0368988277922376	0.5000000000016417	3.095266464211859e-14	-5.886678406015478e-14	-1.0748973296786227e-15
39.14651874064561	21.12416618712604	-0.036898827792232816	0.5000000000016438	3.216898032866075e-14	6.551775791276311e-14	3.648947059626128e-14
39.16317406257043	21.123551346205062	-0.03689882779222794	0.5000000000016508	3.2110878982214513e-14	2.099408903557913e-13	-1.743040393269845e-15
39.17982938449525	21.122936505284084	-0.03689882779222308	0.5000000000016633	3.197996264669725e-14	3.7156655044987864e-13	-3.927490065523482e-15
39.19648470642008	21.122321664363106	-0.036898827792218244	0.5000000000016611	3.196137601449361e-14	-6.833424071820554e-14	-5.575989661216099e-16
39.21314002834491	21.12170682344213	-0.03689882779221337	0.5000000000016661	3.231505108372403e-14	1.4651217318897326e-13	1.0610252076910578e-14
39.22979535026974	21.12109198252115	-0.0368988277922084	0.5000000000016688	3.333092351710887e-14	8.048458614525779e-14	3.0476173001579275e-14
39.24645067219457	21.120477141600173	-0.036898827792203284	0.5000000000016701	3.4185871530392525e-14	3.8997366398401886e-14	2.5648440398607645e-14
39.2631059941194	21.119862300679195	-0.03689882779219801	0.5000000000016737	3.540863658490002e-14	1.0623814179181075e-13	3.668295163530718e-14
39.27976131604423	21.119247459758217	-0.03689882779219254	0.5000000000016657	3.6879134991446824e-14	-2.407432197657714e-13	4.411495219652179e-14
39.29641663796906	21.11863261883724	-0.036898827792186825	0.5000000000016641	3.861593988899449e-14	-4.816838862996796e-14	5.210414692657158e-14
39.31307195989389	21.11801777791626	-0.03689882779218081	0.5000000000016637	4.070298040399902e-14	-1.504231580875398e-14	6.261121545030332e-14
39.32972728181872	21.117402936995283	-0.03689882779217448	0.500000000001663	4.274655911670582e-14	-1.602900754835157e-14	6.130736138140526e-14
39.34638260374355	21.116788096074306	-0.036898827792168035	0.5000000000016618	4.2215758683561116e-14	-3.138776808993618e-14	-1.5924012994144166e-14
39.36303792566838	21.116173255153328	-0.0368988277921617	0.5000000000016599	4.14175336723818e-14	-5.4469649683709306e-14	-2.3946750335430434e-14
39.37969324759321	21.11555841423235	-0.03689882779215548	0.5000000000016571	4.0692083162572783e-14	-8.518783145257738e-14	-2.1763515294347368e-14
39.39634856951804	21.114943573311372	-0.036898827792149404	0.5000000000016531	3.949441603376155e-14	-1.195410178451376e-13	-3.593001386440677e-14
39.41300389144287	21.114328732390394	-0.03689882779214349	0.500000000001649	3.848686775502256e-14	-1.2407995570134882e-13	-3.022644836228539e-14
39.4296592133677	21.113713891469416	-0.03689882779213773	0.5000000000016438	3.750836502340406e-14	-1.5907903182124476e-13	-2.935508194865189e-14
39.446314535292515	21.11309905054844	-0.03689882779213215	0.5000000000016424	3.608691086733372e-14	-4.357207276190975e-14	-4.2643624682204373e-14
39.46296985721733	21.11248420962746	-0.036898827792126734	0.5000000000016454	3.5283184205290956e-14	8.611819888931435e-14	-2.4111799861420056e-14
39.47962517914215	21.111869368706483	-0.03689882779212148	0.5000000000016532	3.404451290078031e-14	2.357625271225128e-13	-3.716013913539709e-14
39.49628050106698	21.111254527785505	-0.036898827792116326	0.5000000000016586	3.4107663086889126e-14	1.5428618398063282e-13	1.8945055831449156e-15
39.51293582299181	21.110639686864527	-0.03689882779211116	0.5000000000016621	3.412582184001946e-14	1.0704263674445394e-13	5.447625939158398e-16
39.52959114491664	21.11002484594355	-0.036898827792106036	0.5000000000016642	3.353737777614645e-14	6.347619166944575e-14	-1.76533219161887e-14
39.54624646684147	21.10941000502257	-0.03689882779210098	0.5000000000016686	3.33350947125249e-14	1.3347324954266979e-13	-6.068491908703086e-15
39.5629017887663	21.108795164101593	-0.03689882779209603	0.5000000000016654	3.2053171986399176e-14	-9.149084078232186e-14	-3.8457681783791195e-14
39.57955711069113	21.108180323180616	-0.036898827792091186	0.5000000000016663	3.190370761157829e-14	2.7328010324513888e-14	-4.483931244750176e-15
39.59621243261596	21.107565482259638	-0.036898827792086385	0.5000000000016676	3.1427450398895396e-14	3.8857890565175204e-14	-1.4287716380501393e-14
39.61286775454079	21.10695064133866	-0.03689882779208166	0.5000000000016684	3.105846648684876e-14	2.506055733482275e-14	-1.106951736144481e-14
39.62952307646562	21.106335800417682	-0.03689882779207695	0.5000000000016683	3.1282107891144736e-14	-4.243506316736062e-15	6.7092421288435265e-15
39.64617839839045	21.105720959496704	-0.03689882779207214	0.5000000000016672	3.2189054729313916e-14	-3.765236955772036e-14	2.7208405145097138e-14
39.66283372031528	21.105106118575726	-0.03689882779206726	0.5000000000016647	3.2182939923817414e-14	-7.452180284537105e-14	-1.8344416480753344e-16
39.67948904224011	21.10449127765475	-0.03689882779206228	0.5000000000016609	3.364837445046985e-14	-1.1325007026456203e-13	4.396303579957246e-14
39.69614436416494	21.10387643673377	-0.03689882779205723	0.5000000000016559	3.2974717023049784e-14	-1.5114931604508913e-13	-2.0209722822460835e-14
39.71279968608977	21.103261595812793	-0.03689882779205219	0.5000000000016495	3.362860421091387e-14	-1.8969003342909907e-13	1.9616615635857426e-14
39.7294550080146	21.102646754891815	-0.036898827792047104	0.5000000000016429	3.3602021645017905e-14	-1.984356892670812e-13	-7.974769768158894e-16
39.74611032993941	21.102031913970837	-0.036898827792042004	0.5000000000016404	3.3720685459514396e-14	-7.382512841064975e-14	3.55991443489208e-15
39.76276565186423	21.10141707304986	-0.03689882779203685	0.5000000000016421	3.435505576725448e-14	5.4078445822954013e-14	1.90311092322136e-14
39.779420973789044	21.10080223212888	-0.036898827792031734	0.5000000000016489	3.3100757882348194e-14	2.0518401092225157e-13	-3.7628936547127067e-14
39.79607629571387	21.100187391207903	-0.0368988277920267	0.5000000000016611	3.344030380153841e-14	3.664194869832521e-13	1.0186377575585602e-14
39.8127316176387	21.099572550286926	-0.036898827792021735	0.5000000000016589	3.219149873142561e-14	-6.673570658762007e-14	-3.746415210335104e-14
39.82938693956353	21.098957709365948	-0.03689882779201682	0.5000000000016639	3.2573393800946205e-14	1.5083140086306207e-13	1.1456852085497352e-14
39.84604226148836	21.09834286844497	-0.03689882779201194	0.500000000001663	3.1827897780923187e-14	-2.918323948383067e-14	-2.236488060065393e-14
39.86269758341319	21.097728027523992	-0.03689882779200712	0.5000000000016669	3.175413245187087e-14	1.1345425263869537e-13	-2.2129598716414393e-15
39.87935290533802	21.097113186603014	-0.03689882779200231	0.5000000000016639	3.1731206309326975e-14	-8.829224108558228e-14	-6.877842763240535e-16
39.89600822726285	21.096498345682036	-0.03689882779199745	0.5000000000016654	3.247338151684275e-14	4.3416872609050236e-14	2.226525622547092e-14
39.91266354918768	21.09588350476106	-0.036898827791992425	0.5000000000016674	3.380122962997904e-14	6.337223362176334e-14	3.98354433941602e-14
39.92931887111251	21.09526866384008	-0.03689882779198733	0.5000000000016653	3.350913303534835e-14	-6.011563588505936e-14	-8.762897838792734e-15
39.94597419303734	21.094653822919103	-0.03689882779198214	0.5000000000016647	3.497646272570624e-14	-1.850895061132271e-14	4.401989071070871e-14
39.96262951496217	21.094038981998125	-0.036898827791976806	0.5000000000016637	3.5501043869006953e-14	-2.846398992699915e-14	1.5737434299162844e-14
39.979284836887	21.093424141077147	-0.03689882779197139	0.5000000000016618	3.608998163142532e-14	-5.678206995850428e-14	1.766813287260161e-14
39.99594015881183	21.09280930015617	-0.03689882779196586	0.5000000000016588	3.688895066010537e-14	-8.704629288962089e-14	2.3969070860458313e-14
40.01259548073666	21.09219445923519	-0.03689882779196017	0.5000000000016548	3.820335883171921e-14	-1.2200774719413159e-13	3.9432245148492206e-14
40.02925080266149	21.091579618314213	-0.036898827791954324	0.5000000000016496	3.911059557741929e-14	-1.5836404453420383e-13	2.7217102371128948e-14
40.04590612458632	21.090964777393236	-0.03689882779194838	0.500000000001644	3.9512788789489347e-14	-1.6474061359321966e-13	1.206579636218939e-14
40.06256144651115	21.090349936472258	-0.03689882779194236	0.5000000000016375	3.993752487405275e-14	-2.0040049738471837e-13	1.274208253694091e-14
40.07921676843596	21.08973509555128	-0.03689882779193628	0.5000000000016347	4.0295427156355304e-14	-8.463658918676786e-14	1.0737068469117703e-14
40.09587209036078	21.089120254630302	-0.03689882779193013	0.5000000000016365	4.098719745146261e-14	4.6933187588041325e-14	2.0753108853253774e-14
40.112527412285594	21.08850541370933	-0.03689882779192393	0.500000000001643	4.0762470186956404e-14	1.9768838259090482e-13	-6.741817935119566e-15
40.12918273421042	21.08789057278836	-0.0368988277919178	0.5000000000016552	4.019249517427562e-14	3.65556167286488e-13	-1.7099250380445016e-14
40.14583805613525	21.08727573186739	-0.03689882779191181	0.5000000000016531	3.879504444819265e-14	-6.518697799433315e-14	-4.1923521782544114e-14
40.16249337806008	21.08666089094642	-0.03689882779190608	0.5000000000016582	3.699856927778493e-14	1.541985736688324e-13	-5.3894255112366144e-14
40.17914869998491	21.08604605002545	-0.03689882779190065	0.5000000000016613	3.461495708782703e-14	9.351765171169805e-14	-7.15083656989102e-14
40.19580402190974	21.085431209104478	-0.036898827791895614	0.5000000000016631	3.175041049870862e-14	5.41362609038018e-14	-8.593639767378192e-14
40.21245934383457	21.084816368183507	-0.03689882779189102	0.5000000000016674	2.878037602409524e-14	1.31218332640598e-13	-8.910103423867726e-14
40.2291146657594	21.084201527262536	-0.03689882779188689	0.5000000000016604	2.567582963111646e-14	-2.1110630265912776e-13	-9.313639178964962e-14
40.24576998768423	21.083586686341565	-0.036898827791883304	0.50000000000166	2.1696519579567155e-14	-1.1741475847149019e-14	-1.1937930154677836e-13
40.26242530960906	21.082971845420595	-0.03689882779188028	0.5000000000016607	1.8343560216204876e-14	2.2135088494123004e-14	-1.00588780901252e-13
40.27908063153389	21.082357004499624	-0.03689882779187774	0.5000000000016613	1.5070335413984262e-14	2.3775371184612745e-14	-9.819674406694164e-14
40.29573595345872	21.081742163578653	-0.03689882779187569	0.5000000000016616	1.1826100863544352e-14	9.751388878233985e-15	-9.73270365135129e-14
40.31239127538355	21.081127322657682	-0.03689882779187409	0.5000000000016609	9.27776947926636e-15	-1.570243230147178e-14	-7.644994152865253e-14
40.32904659730838	21.08051248173671	-0.03689882779187291	0.5000000000016593	6.22365802282996e-15	-4.179798258267635e-14	-9.16233436933376e-14
40.34570191923321	21.07989764081574	-0.03689882779187215	0.5000000000016569	3.789210698884539e-15	-7.513907302348494e-14	-7.303341971865702e-14
40.36235724115804	21.07928279989477	-0.03689882779187175	0.500000000001653	1.578714340284557e-15	-1.1067229150805123e-13	-6.631489075823413e-14
40.37901256308287	21.0786679589738	-0.036898827791871674	0.5000000000016481	-6.663104272917698e-16	-1.4439069108114835e-13	-6.735074302750291e-14
40.3956678850077	21.07805311805283	-0.03689882779187194	0.5000000000016422	-2.7756910472052285e-15	-1.8194080682147618e-13	-6.328141859762016e-14
40.41232320693253	21.077438277131858	-0.03689882779187253	0.5000000000016361	-4.955600993662438e-15	-1.8515479541280147e-13	-6.539729839391964e-14
40.42897852885734	21.076823436210887	-0.036898827791873354	0.5000000000016341	-5.9656143094010285e-15	-5.817900685951144e-14	-3.030039947236783e-14
40.44563385078216	21.076208595289916	-0.03689882779187439	0.5000000000016367	-7.60027227874623e-15	7.740990736870151e-14	-4.903973908045344e-14
40.462289172706974	21.075593754368946	-0.036898827791875595	0.5000000000016444	-8.383155799418473e-15	2.256500142175464e-13	-2.348650562032483e-14
40.4789444946318	21.074978913447975	-0.03689882779187693	0.5000000000016575	-9.137565479868868e-15	3.9251911318699886e-13	-2.2632290413587313e-14
40.49559981655663	21.074364072527004	-0.036898827791878384	0.5000000000016561	-1.0034889506320732e-14	-4.100702999279386e-14	-2.6919720793628566e-14
40.51225513848146	21.073749231606033	-0.03689882779187999	0.500000000001662	-1.1082393888721286e-14	1.7639867363572308e-13	-3.1425131472103216e-14
40.52891046040629	21.073134390685063	-0.03689882779188176	0.500000000001662	-1.2216222532350751e-14	-3.1537611606437255e-15	-3.401485930898494e-14
40.54556578233112	21.072519549764092	-0.03689882779188367	0.5000000000016667	-1.3113044448779675e-14	1.3703781151833648e-13	-2.6904657492976956e-14
40.56222110425595	21.07190470884312	-0.03689882779188577	0.5000000000016606	-1.4560680349373372e-14	-1.8752453610120304e-13	-4.342907701789742e-14
40.57887642618078	21.07128986792215	-0.036898827791887946	0.5000000000016613	-1.414979971209298e-14	2.2828320586946657e-14	1.2326419118272253e-14
40.59553174810561	21.07067502700118	-0.03689882779189014	0.5000000000016634	-1.4914153095677683e-14	6.61694244047991e-14	-2.2930601507501555e-14
40.61218707003044	21.07006018608021	-0.03689882779189236	0.500000000001662	-1.4447493308040403e-14	-4.249357281522516e-14	1.3999793629044624e-14
40.62884239195527	21.069445345159238	-0.03689882779189462	0.5000000000016624	-1.5393401012693524e-14	1.0666994224766205e-14	-2.8377231139548624e-14
40.6454977138801	21.068830504238267	-0.036898827791896925	0.5000000000016629	-1.492346032682173e-14	9.152373954199322e-15	1.4098220576062694e-14
40.66215303580493	21.068215663317297	-0.036898827791899264	0.5000000000016624	-1.59939508773955e-14	-1.0329902216813305e-14	-3.2114716517167634e-14
40.67880835772976	21.067600822396326	-0.03689882779190168	0.5000000000016612	-1.5799776828183695e-14	-3.3244359278232147e-14	5.825221476250955e-15
40.69546367965459	21.066985981475355	-0.03689882779190402	0.5000000000016591	-1.505969035813054e-14	-6.431053267501839e-14	2.2202594101613416e-14
40.71211900157942	21.066371140554384	-0.03689882779190639	0.5000000000016559	-1.6320702623475418e-14	-1.0033066974337972e-13	-3.783036796027513e-14
40.72877432350425	21.065756299633414	-0.036898827791908846	0.5000000000016515	-1.6128885192274466e-14	-1.33119775917517e-13	5.754522935906977e-15
40.74542964542908	21.065141458712443	-0.036898827791911254	0.5000000000016458	-1.5656885076077445e-14	-1.6998529252481957e-13	1.4160003485929144e-14
40.76208496735391	21.064526617791472	-0.0368988277919136	0.50000000000164	-1.5184768338105678e-14	-1.7131742801723e-13	1.4163502139198535e-14
40.77874028927872	21.0639117768705	-0.03689882779191588	0.5000000000016385	-1.5002695305792934e-14	-4.452925048549321e-14	5.462190969427889e-15
40.79539561120354	21.06329693594953	-0.036898827791918165	0.5000000000016416	-1.5066526224155366e-14	8.964758528074747e-14	-1.914927550855265e-15
40.812050933128354	21.06268209502856	-0.036898827791920455	0.5000000000016495	-1.5226466457540872e-14	2.4004629460929773e-13	-4.798207001571245e-15
40.828706255053184	21.06206725410759	-0.036898827791922786	0.500000000001655	-1.5640337295460802e-14	1.6649509326565823e-13	-1.2416125137613408e-14
40.845361576978014	21.06145241318662	-0.03689882779192518	0.5000000000016591	-1.6007764998311886e-14	1.2193492607759024e-13	-1.1022831085572395e-14
40.862016898902844	21.060837572265648	-0.03689882779192765	0.5000000000016617	-1.6645217918934416e-14	7.812754417480146e-14	-1.9123587618711215e-14
40.878672220827674	21.060222731344677	-0.03689882779193018	0.5000000000016666	-1.6757390730628268e-14	1.4433281162579657e-13	-3.3651843508770555e-15
40.895327542752504	21.059607890423706	-0.03689882779193279	0.5000000000016597	-1.754070642379523e-14	-2.0125688835197393e-13	-2.3499470795019642e-14
40.911982864677334	21.058993049502735	-0.036898827791935374	0.5000000000016596	-1.646432113982647e-14	-5.83622641317158e-15	3.229155851898748e-14
40.928638186602164	21.058378208581757	-0.036898827791937816	0.5000000000016603	-1.5745601472488816e-14	2.4738918595959558e-14	2.156159002023342e-14
40.945293508526994	21.05776336766078	-0.03689882779194006	0.5000000000016609	-1.3928708064592855e-14	2.1723491468129616e-14	5.450680223694805e-14
40.961948830451824	21.0571485267398	-0.036898827791941986	0.5000000000016609	-1.1567616610022538e-14	8.053318211950766e-16	7.083274363728474e-14
40.978604152376654	21.056533685818824	-0.03689882779194352	0.50000000000166	-8.582789598236794e-15	-2.5669668891588684e-14	8.954481035379992e-14
40.995259474301484	21.055918844897846	-0.03689882779194454	0.500000000001658	-4.939008197518745e-15	-5.957068199185026e-14	1.093134420218292e-13
41.011914796226314	21.055304003976868	-0.036898827791945095	0.5000000000016547	-2.4892277522768526e-15	-9.812723550384206e-14	7.349341335760799e-14
41.028570118151144	21.05468916305589	-0.036898827791945164	0.5000000000016501	1.5292623992669162e-15	-1.3615934687247547e-13	1.2055470454654923e-13
41.045225440075974	21.054074322134912	-0.036898827791944686	0.5000000000016441	4.680341381080525e-15	-1.7588253919151135e-13	9.453236945479561e-14
41.061880762000804	21.053459481213935	-0.03689882779194372	0.5000000000016379	7.94895853605353e-15	-1.8192931427844783e-13	9.805851464949387e-14
41.07853608392562	21.052844640292957	-0.03689882779194226	0.500000000001636	1.1384713418465253e-14	-5.872434699974449e-14	1.0307264647266684e-13
41.095191405850436	21.05222979937198	-0.036898827791940245	0.5000000000016385	1.523640823636991e-14	7.373461785803795e-14	1.1555084453747092e-13
41.11184672777525	21.051614958451	-0.03689882779193768	0.5000000000016458	1.8721369571577024e-14	2.191766597858455e-13	1.0454884005658469e-13
41.128502049700074	21.051000117530023	-0.03689882779193457	0.5000000000016586	2.229854988670843e-14	3.833489176595893e-13	1.0731540945427829e-13
41.145157371624904	21.050385276609045	-0.03689882779193102	0.5000000000016567	2.45955394148811e-14	-5.149868500934664e-14	6.890968584552488e-14
41.161812693549734	21.049770435688067	-0.036898827791927075	0.5000000000016621	2.7402611877351938e-14	1.641073548211934e-13	8.42121738743464e-14
41.178468015474564	21.049155594767097	-0.03689882779192279	0.5000000000016614	2.9065180825255085e-14	-1.4359444622941142e-14	4.987706843736503e-14
41.195123337399394	21.048540753846126	-0.036898827791918325	0.5000000000016657	2.98119021898542e-14	1.2666463269418206e-13	2.2401640938133576e-14
41.211778659324224	21.047925912925155	-0.03689882779191384	0.5000000000016633	2.945599755630464e-14	-7.015172608939267e-14	-1.0677139006414962e-14
41.228433981249054	21.047311072004184	-0.036898827791909464	0.5000000000016653	2.838596839673442e-14	6.44983707014015e-14	-3.2100874787140574e-14
41.245089303173884	21.046696231083214	-0.03689882779190526	0.5000000000016644	2.7098098123762896e-14	-2.3708553837601537e-14	-3.86361081892488e-14
41.261744625098714	21.046081390162243	-0.03689882779190127	0.5000000000016656	2.5561267344204398e-14	3.0546088390908527e-14	-4.6104923386879127e-14
41.278399947023544	21.045466549241272	-0.036898827791897536	0.5000000000016667	2.3630973119963227e-14	3.2062589074618314e-14	-5.79088267273833e-14
41.295055268948374	21.0448517083203	-0.036898827791894136	0.5000000000016636	2.12977119197575e-14	-9.545329817902716e-14	-6.999783600635792e-14
41.311710590873204	21.04423686739933	-0.036898827791891096	0.5000000000016616	1.8656193704384947e-14	-5.641761878635507e-14	-7.924554646140166e-14
41.328365912798034	21.04362202647836	-0.03689882779188843	0.5000000000016591	1.6521636268527335e-14	-6.928046122358332e-14	-6.403672307598298e-14
41.345021234722864	21.04300718555739	-0.03689882779188615	0.5000000000016561	1.3658779288307877e-14	-9.144439627175802e-14	-8.588570940678958e-14
41.361676556647694	21.04239234463642	-0.036898827791884255	0.500000000001652	1.1336663073430452e-14	-1.200739472586275e-13	-6.966348644659866e-14
41.378331878572524	21.041777503715448	-0.036898827791882714	0.500000000001647	9.02226002283717e-15	-1.4939542929571364e-13	-6.943209151802225e-14
41.394987200497354	21.041162662794477	-0.03689882779188153	0.5000000000016421	6.6822429061378725e-15	-1.505164164150325e-13	-7.020051350120212e-14
41.411642522422184	21.040547821873506	-0.036898827791880716	0.500000000001636	4.110091709162871e-15	-1.806362676624873e-13	-7.716453590947559e-14
41.428297844347	21.039932980952536	-0.036898827791880265	0.500000000001634	1.9116168040516605e-15	-6.08182497148068e-14	-6.595424715358425e-14
41.444953166271816	21.039318140031565	-0.03689882779188015	0.5000000000016366	-4.1324999278115137e-16	7.639611735105536e-14	-6.974600390519629e-14
41.46160848819663	21.038703299110594	-0.03689882779188031	0.5000000000016442	-1.6680696644821329e-15	2.2562511144889712e-13	-3.764459015125355e-14
41.478263810121454	21.038088458189623	-0.036898827791880716	0.5000000000016575	-3.566008925657424e-15	3.9435252955385795e-13	-5.693817783537969e-14
41.494919132046284	21.037473617268653	-0.03689882779188137	0.5000000000016561	-5.021506457578871e-15	-3.8091386734282265e-14	-4.366492595782635e-14
41.511574453971114	21.03685877634768	-0.03689882779188223	0.500000000001662	-6.371944479105045e-15	1.7969704364925385e-13	-4.0513140645925486e-14
41.528229775895944	21.03624393542671	-0.036898827791883276	0.500000000001662	-7.624487726953122e-15	4.665457473476686e-16	-3.757629743557249e-14
41.544885097820774	21.03562909450574	-0.036898827791884546	0.5000000000016669	-9.077284489434873e-15	1.4655558532158594e-13	-4.358390287457329e-14
41.561540419745604	21.03501425358477	-0.03689882779188601	0.500000000001661	-1.0166081148828588e-14	-1.7591232086993681e-13	-3.266389978195154e-14
41.578195741670434	21.0343994126638	-0.03689882779188766	0.500000000001662	-1.1628645601316184e-14	3.2332386008977754e-14	-4.387693357473273e-14
41.594851063595264	21.033784571742828	-0.036898827791889396	0.5000000000016644	-1.1385146935154437e-14	7.259813342391612e-14	7.304959984711473e-15
41.611506385520094	21.033169730821857	-0.0368988277918912	0.5000000000016633	-1.2429663531019283e-14	-3.412223777729366e-14	-3.133549787592193e-14
41.628161707444924	21.032554889900887	-0.03689882779189307	0.500000000001664	-1.218334576749028e-14	1.7609232214749193e-14	7.389532905769432e-15
41.644817029369754	21.031940048979916	-0.036898827791895	0.5000000000016644	-1.3337620948373229e-14	1.1869259237571803e-14	-3.462825542646477e-14
41.661472351294584	21.031325208058945	-0.03689882779189703	0.5000000000016643	-1.3383738361467166e-14	-6.21341018458392e-15	-1.3835223929293699e-15
41.678127673219414	21.030710367137974	-0.03689882779189914	0.5000000000016632	-1.4463429342653413e-14	-3.3907443774397125e-14	-3.239072943559183e-14
41.694782995144244	21.030095526217004	-0.036898827791901324	0.500000000001661	-1.4393274567526055e-14	-6.634318135546706e-14	2.1046432537166776e-15
41.711438317069074	21.029480685296033	-0.03689882779190354	0.5000000000016577	-1.4872934422227992e-14	-9.82219608923994e-14	-1.4389795641051338e-14
41.728093638993904	21.028865844375062	-0.03689882779190579	0.5000000000016531	-1.4874300138823997e-14	-1.341602034272884e-13	-4.097149792644211e-17
41.744748960918734	21.02825100345409	-0.03689882779190802	0.5000000000016476	-1.4622011073732932e-14	-1.683817304066592e-13	7.568671952731857e-15
41.761404282843564	21.02763616253312	-0.0368988277919102	0.5000000000016418	-1.4276644678968058e-14	-1.7438062441515328e-13	1.036099184297056e-14
41.778059604768394	21.02702132161215	-0.03689882779191234	0.5000000000016349	-1.4067364241824143e-14	-2.0650379328615923e-13	6.2784131143508294e-15
41.79471492669321	21.02640648069118	-0.03689882779191447	0.5000000000016319	-1.3963152023785581e-14	-8.876302538579801e-14	3.1263665411770457e-15
41.811370248618026	21.02579163977021	-0.03689882779191658	0.5000000000016346	-1.3990013992212999e-14	7.90168576186509e-14	-8.05859052812487e-16
41.82802557054284	21.025176798849238	-0.03689882779191872	0.5000000000016424	-1.4165326246206089e-14	2.318510035109918e-13	-5.259367619795257e-15
41.844680892467665	21.024561957928267	-0.0368988277919209	0.5000000000016556	-1.4587265693390826e-14	3.936419366737474e-13	-1.2658183415559e-14
41.861336214392495	21.023947117007296	-0.03689882779192319	0.500000000001654	-1.5566598384141116e-14	-4.485994908876023e-14	-2.937998072254945e-14
41.877991536317325	21.023332276086325	-0.036898827791925576	0.5000000000016598	-1.5845334032633753e-14	1.6912825103626052e-13	-8.362069454873431e-15
41.894646858242155	21.022717435165355	-0.03689882779192803	0.5000000000016593	-1.6580424209105143e-14	-1.0771650227597157e-14	-2.2052705294168592e-14
41.911302180166984	21.022102594244384	-0.036898827791930516	0.5000000000016637	-1.617450746044658e-14	1.3322190437403333e-13	1.217750245968602e-14
41.927957502091814	21.021487753323413	-0.036898827791933014	0.5000000000016614	-1.6827051178382397e-14	-6.589228877698465e-14	-1.95763115380355e-14
41.944612824016644	21.020872912402442	-0.03689882779193549	0.5000000000016636	-1.5876619345705655e-14	6.313885910413583e-14	2.851295498023931e-14
41.961268145941474	21.020258071481464	-0.03689882779193786	0.5000000000016661	-1.5392070962700366e-14	8.058327564800828e-14	1.453645149025019e-14
41.977923467866304	21.019643230560487	-0.036898827791940085	0.5000000000016648	-1.3944433115946576e-14	-4.082932248045991e-14	4.3429135402660527e-14
41.994578789791134	21.01902838963951	-0.03689882779194205	0.5000000000016649	-1.194315632547154e-14	1.1290779780310373e-15	6.00383037143907e-14
42.011234111715964	21.01841354871853	-0.03689882779194365	0.5000000000016644	-9.264666652536108e-15	-1.216406058453419e-14	8.035469018825587e-14
42.027889433640794	21.017798707797553	-0.03689882779194479	0.5000000000016632	-5.800340610403384e-15	-3.6022955994009787e-14	1.0392978126423995e-13
42.044544755565624	21.017183866876575	-0.03689882779194552	0.5000000000016609	-3.7328644943228004e-15	-6.706945450949721e-14	6.202428348275144e-14
42.061200077490454	21.016569025955597	-0.03689882779194579	0.5000000000016575	2.076627461914184e-16	-1.0493306391986743e-13	1.182158172156259e-13
42.077855399415284	21.01595418503462	-0.036898827791945525	0.5000000000016527	3.274061249293591e-15	-1.412574518347507e-13	9.199195509344501e-14
42.094510721340114	21.01533934411364	-0.03689882779194479	0.5000000000016467	6.387066313907116e-15	-1.8040255771981269e-13	9.339015193870133e-14
42.111166043264944	21.014724503192664	-0.03689882779194357	0.5000000000016404	9.78400455746906e-15	-1.9075600067629608e-13	1.0190814730715838e-13
42.12782136518976	21.014109662271686	-0.036898827791941785	0.5000000000016381	1.3687956342406355e-14	-6.487238318145933e-14	1.1711855354844633e-13
42.144476687114576	21.013494821350708	-0.03689882779193945	0.5000000000016405	1.7168750021920503e-14	6.503341430912774e-14	1.0442381038580065e-13
42.16113200903939	21.01287998042973	-0.03689882779193658	0.5000000000016477	2.0714110943539366e-14	2.146230343783289e-13	1.0636082764890141e-13
42.177787330964215	21.012265139508752	-0.03689882779193326	0.5000000000016566	2.325434861431355e-14	2.6764512169583955e-13	7.620713012356727e-14
42.19444265172571	21.01165029863072	-0.03689882779192953	0.49999994689458116	2.5912982863217224e-14	-1.5932122608354306e-06	7.975902874314126e-14
42.211097968892304	21.0110354578854	-0.03689882779192532	0.49999984928542135	2.962237472852367e-14	-2.9282749230531066e-06	1.1128176248895217e-13
42.22775328324719	21.010420617243877	-0.036898827791920746	0.4999997945765409	3.0794795310196127e-14	-1.6412667007564137e-06	3.517262839671565e-14
42.24440859688188	21.009805776628937	-0.03689882779191607	0.4999997844002734	3.0947813580166723e-14	-3.052881509133936e-07	4.5905507976904845e-15
42.261063910213764	21.009190936025178	-0.03689882779191144	0.4999997922397203	3.005600772202345e-14	2.351833796901013e-07	-2.6754175319357658e-14
42.277719225983454	21.008576095331424	-0.03689882779190694	0.49999983820009464	2.9369999355751756e-14	1.3788112301134642e-06	-2.058025098815136e-14
42.294374543186954	21.007961254584746	-0.03689882779190255	0.49999987832688586	2.861754031646105e-14	1.203803738831127e-06	-2.2573771178721482e-14
42.31102986163935	21.00734641379196	-0.036898827791897876	0.4999999131850592	3.312443447740897e-14	1.0457452031706845e-06	1.3520682482843699e-13
42.327685181173834	21.00673157295923	-0.03689882779189308	0.49999994329665237	3.006275841929098e-14	9.033477934956367e-07	-9.185028174353644e-14
42.34434050164031	21.006116732092092	-0.03689882779188844	0.49999996914241407	3.1203347432295636e-14	7.753728511399694e-07	3.421767039013709e-14
42.36099582290403	21.00550189119552	-0.03689882779188409	0.49999999116373933	2.621863942256334e-14	6.606397562297343e-07	-1.495412402919677e-13
42.377651144844315	21.00488705027398	-0.0368988277918803	0.5000000097645487	2.3824294116558184e-14	5.580242829610921e-07	-7.183035918015968e-14
42.39430646735337	21.004272209331436	-0.03689882779187682	0.5000000253132421	2.2108020723854683e-14	4.664607978024588e-07	-5.1488201781107784e-14
42.41096179033511	21.003657368371442	-0.036898827791873264	0.5000000381446615	2.4902728972962582e-14	3.849425844654139e-07	8.384124747323484e-14
42.42761711370406	21.00304252739716	-0.03689882779186956	0.5000000485620089	2.4062461894596706e-14	3.1252041977487996e-07	-2.5208012350972628e-14
42.44427243738438	21.002427686411384	-0.03689882779186609	0.5000000568387736	2.1664078462715338e-14	2.483029387999037e-07	-7.195150295644226e-14
42.46092776130884	21.00181284541659	-0.03689882779186292	0.5000000632205833	2.0239824940096658e-14	1.914542928164724e-07	-4.2727605678564097e-14
42.47758308541797	21.001198004414984	-0.036898827791860045	0.5000000679270077	1.768643536521951e-14	1.411927303466077e-07	-7.660168724631678e-14
42.49423840965922	21.000583163408496	-0.036898827791856985	0.500000071153276	2.2742102076608453e-14	9.678805066213066e-08	1.5167000134166388e-13
42.51089373398616	20.999968322398853	-0.036898827791853585	0.50000007307192	2.2175501899073207e-14	5.755931810240195e-08	-1.6998005326048635e-14
42.52754905835775	20.99935348138756	-0.036898827791850275	0.5000000738343572	2.1537295700197818e-14	2.2873117282851006e-08	-1.9146185966262642e-14
42.54420438273768	20.99873864037595	-0.036898827791846917	0.5000000735723872	2.2841089964906762e-14	-7.859098205531727e-09	3.911382794126696e-14
42.56085970709372	20.998123799365224	-0.03689882779184357	0.5000000723996134	2.1278709251733234e-14	-3.518321928289302e-08	-4.6871421395203306e-14
42.57751503139713	20.997508958356445	-0.03689882779184054	0.5000000704127039	1.8737476277045865e-14	-5.960728820084676e-08	-7.623698924062454e-14
42.59417035562214	20.996894117350557	-0.0368988277918379	0.5000000676927056	1.607536580764374e-14	-8.159995306748262e-08	-7.986331408206939e-14
42.61082567974545	20.996279276348425	-0.036898827791835155	0.5000000643061554	2.0107879587064375e-14	-1.0159650499172315e-07	1.209754133826127e-13
42.62748100374573	20.995664435350832	-0.0368988277918322	0.5000000603061319	1.8792517791401743e-14	-1.2000070558591326e-07	-3.946085386986867e-14
42.644136327603235	20.995049594358516	-0.03689882779182946	0.5000000557333906	1.7358661734687087e-14	-1.371822351297271e-07	-4.301568170144328e-14
42.66079165129938	20.994434753372158	-0.03689882779182701	0.500000050617192	1.492941964051097e-14	-1.5348596072702129e-07	-7.287726282528771e-14
42.67744697481634	20.99381991239241	-0.03689882779182458	0.5000000449762088	1.7111940028415688e-14	-1.6922949510863341e-07	6.547561163713398e-14
42.694102298136805	20.993205071419915	-0.03689882779182238	0.5000000388194166	1.1863246048918652e-14	-1.8470376964777217e-07	-1.5746081938490384e-13
42.710757621243594	20.99259023045531	-0.03689882779182095	0.5000000321468184	7.0991185114756775e-15	-2.0017794127910194e-07	-1.429238261233083e-13
42.72741294411939	20.99197538949923	-0.03689882779181994	0.5000000249502269	6.2726216902341255e-15	-2.1589774789313367e-07	-2.4794904637265153e-14
42.74406826674648	20.991360548552333	-0.03689882779181939	0.5000000172139593	8.866489713751113e-16	-2.3208803077213158e-07	-1.6157918156577394e-13
42.76072358910651	20.990745707615297	-0.036898827791819244	0.500000008915544	1.0407017754204512e-15	-2.4895245991460997e-07	4.6215841213360485e-15
42.77737891118027	20.99013086668883	-0.036898827791818925	0.5000000000264564	3.1671187471032325e-15	-2.6667262977305844e-07	6.37925091504842e-14
42.79403423294753	20.989516025773675	-0.03689882779181872	0.49999999051272953	-4.200828132443816e-16	-2.854118053255173e-07	-1.0761604681041756e-13
42.81068955438683	20.98890118487063	-0.0368988277918191	0.49999998033572013	-4.62366353507877e-15	-3.0531028308185323e-07	-1.2610742165505127e-13
42.82734487547537	20.988286343980537	-0.03689882779181967	0.49999996945279124	-2.876555821269679e-15	-3.264878664122397e-07	5.2413231414248336e-14
42.84400019618887	20.98767150310428	-0.036898827791820195	0.4999999578180745	-4.1531367830443594e-15	-3.490415013710786e-07	-3.8297428853229665e-14
42.86065551650149	20.987056662242825	-0.03689882779182078	0.49999994538334597	-3.5290964076922146e-15	-3.730418548647112e-07	1.8721211260556072e-14
42.87731083638574	20.986441821397182	-0.036898827791821534	0.49999993209883564	-6.423791072241226e-15	-3.985353104029406e-07	-8.684083993646606e-14
42.89396615581249	20.98582698056843	-0.036898827791822804	0.49999991791423526	-1.0401970989333471e-14	-4.255380108904254e-07	-1.1934539751278814e-13
42.910621474750926	20.9852121397577	-0.0368988277918247	0.49999990277973877	-1.463074994743447e-14	-4.5403489472705895e-07	-1.2686336874305987e-13
42.92727679316859	20.9845972989662	-0.03689882779182684	0.4999998866472027	-1.3712707682238356e-14	-4.839760806062191e-07	2.7541267955850195e-14
42.94393211103149	20.98398245819517	-0.036898827791828834	0.499999869471495	-1.2633704944680633e-14	-5.152712315037501e-07	3.2370082126739166e-14
42.96058742830421	20.983367617445936	-0.036898827791830735	0.4999998512119387	-1.245041027858378e-14	-5.477866885987988e-07	5.498839982914667e-15
42.977242744950054	20.982752776719842	-0.03689882779183243	0.49999983183397045	-9.983440448202069e-15	-5.813390461507302e-07	7.400909491145299e-14
42.993898060931336	20.982137936018276	-0.036898827791834	0.49999981131101023	-1.0794496981674738e-14	-6.156888052646051e-07	-2.4331696004157808e-14
43.01055337620965	20.981523095342663	-0.036898827791835564	0.4999997896264986	-9.828937389705709e-15	-6.505353468042369e-07	2.896678775906336e-14
43.02720869074621	20.98090825469443	-0.03689882779183674	0.4999997667762405	-5.626511136518213e-15	-6.855077447207661e-07	1.260727875956341e-13
43.043864004502375	20.98029341407501	-0.0368988277918373	0.4999997427710619	-1.8726954123204547e-15	-7.201553576601893e-07	1.1261447172597401e-13
43.06051931744016	20.979678573485803	-0.0368988277918373	0.4999997176396369	1.7498531388430093e-15	-7.539427526841017e-07	1.0867645653494163e-13
43.07717462952289	20.979063732928154	-0.03689882779183713	0.499999691431834	4.3219054241334277e-16	-7.862340881953611e-07	-3.952987789285289e-14
43.09382994071591	20.978448892403353	-0.036898827791837015	0.49999966422230757	1.0902205050649782e-15	-8.16285793457737e-07	1.974089887953533e-14
43.11048525098762	20.977834051912566	-0.03689882779183693	0.49999963611455095	-1.4978505937105e-16	-8.432326996405417e-07	-3.720016693307387e-14
43.127140560310366	20.977219211456813	-0.03689882779183675	0.49999960724541265	2.6281396185454287e-15	-8.660741484001558e-07	8.333774033748105e-14
43.1437958686617	20.97660437103691	-0.036898827791835995	0.4999995777900081	7.40175727063546e-15	-8.836621367263259e-07	1.432085295627312e-13
43.16045117602572	20.975989530653457	-0.03689882779183461	0.49999954796724705	1.0804024159697432e-14	-8.946828302767342e-07	1.0206800667191168e-13
43.177106482394684	20.975374690306744	-0.036898827791832935	0.4999995180458815	1.1366001339407384e-14	-8.97640969007482e-07	1.6859315391336345e-14
43.193761787770725	20.974759849996676	-0.03689882779183129	0.49999948835111346	1.0357418955153742e-14	-8.908430423442713e-07	-3.025747152760298e-14
43.210417092167866	20.974145009722747	-0.03689882779183007	0.49999945927191475	5.733776192380914e-15	-8.723759604156104e-07	-1.3870928288319619e-13
43.22707239561504	20.97353016948389	-0.0368988277918291	0.4999994313136093	6.9462124235783394e-15	-8.387491621349605e-07	3.637308693587142e-14
43.243727698160505	20.972915329278315	-0.03689882779182808	0.49999940513307933	6.546469608203426e-15	-7.854159013779867e-07	-1.1992284461234394e-14
43.26038299987566	20.972300489103393	-0.0368988277918272	0.49999938146106965	5.055947052735156e-15	-7.10160289125031e-07	-4.4715676664052293e-14
43.277038300857676	20.971685648955535	-0.03689882779182656	0.49999936111476584	3.51172833825904e-15	-6.103891129616452e-07	-4.632656143429838e-14
43.29369360123261	20.971070808830085	-0.03689882779182638	0.49999934501085236	-1.0469235915690718e-15	-4.831174049289134e-07	-1.3675955789485815e-13
43.31034890115893	20.9704559687212	-0.0368988277918262	0.49999933417941017	3.417680794450961e-15	-3.249432648006546e-07	1.3393813158055899e-13
43.327004200831546	20.96984112862168	-0.03689882779182558	0.4999993297784266	4.6899588179115235e-15	-1.3202950709995239e-07	3.8168340703860725e-14
43.34365950048633	20.969226288522822	-0.03689882779182477	0.4999993331093039	5.988687450857552e-15	9.992631956212257e-08	3.896185898839419e-14
43.36031480040518	20.96861144841421	-0.0368988277918238	0.499999345632852	6.718221870325947e-15	3.7570644439103185e-07	2.1886032584066303e-14
43.376970100921575	20.967996608283546	-0.036898827791822374	0.49999936898619235	1.2171323931098031e-14	7.006002090121305e-07	1.6359306182317122e-13
43.39362540242675	20.967381768116375	-0.0368988277918206	0.4999994050003914	1.1272493957926255e-14	1.0804259733542124e-06	-2.6964899195084672e-14
43.41028070537648	20.966766927895875	-0.036898827791819085	0.4999994557189414	8.773927560555899e-15	1.5215565000117267e-06	-7.49569919211227e-14
43.426936010298476	20.966152087602573	-0.036898827791817614	0.49999952341691645	1.0667666239730788e-14	2.0309392517969467e-06	5.68121603752111e-14
43.44359131780041	20.96553724721403	-0.03689882779181607	0.49999961062085824	9.574955737768276e-15	2.6161182513080986e-06	-3.2781315058846547e-14
43.46024662857866	20.96492240670454	-0.03689882779181459	0.4999997201292793	9.902700394440688e-15	3.2852526315776785e-06	9.832339700154704e-15
43.47690194342767	20.964307566044774	-0.03689882779181307	0.499999855033794	1.0135407447927904e-14	4.047135443845305e-06	6.9812116046221484e-15
43.49355726325017	20.963692725201412	-0.03689882779181158	0.5000000187405903	9.530575838890654e-15	4.911203889661794e-06	-1.8144948271113243e-14
43.510212589067876	20.963077884136734	-0.03689882779181011	0.5000002149922743	9.686809842102962e-15	5.887550521074765e-06	4.68702009635735e-15
43.526867922033205	20.962463042808192	-0.03689882779180841	0.5000004478898225	1.2767136396021905e-14	6.9869264446476115e-06	9.240979661757159e-14
43.543523263441486	20.961848201167978	-0.036898827791806504	0.5000007219144094	1.2418129285612453e-14	8.220737606728686e-06	-1.0470213312213815e-14
43.56017861474401	20.961233359162513	-0.036898827791804596	0.5000010419489318	1.2802149883261571e-14	9.601035669141189e-06	1.152061792946499e-14
43.576833977561776	20.960618516731955	-0.036898827791802404	0.5000014132988203	1.6040515863358233e-14	1.1140496656211266e-05	9.715097940290994e-14
43.59348935369984	20.96000367380967	-0.03689882779180007	0.5000018417117682	1.4682302015095686e-14	1.2852388433012648e-05	-4.074641544778572e-14
43.61014474516242	20.959388830321675	-0.03689882779179811	0.5000023333961378	1.1282053767017465e-14	1.475053108697841e-05	-1.0200744744238737e-13
43.62680015416847	20.958773986186053	-0.03689882779179674	0.5000028950372064	6.891035633882177e-15	1.684923205748628e-05	-1.317305439941681e-13
43.64345558316781	20.958159141312365	-0.036898827791795874	0.5000035338109302	4.590073195561137e-15	1.9163211715145408e-05	-6.902887314978282e-14
43.66011103485765	20.95754429560104	-0.03689882779179539	0.5000042573945216	1.7556093977916019e-15	2.17075077381505e-05	-8.50339139331711e-14
43.676766512199386	20.95692944894276	-0.03689882779179475	0.5000050739729197	6.701173377617873e-15	2.449735194410806e-05	1.483669193946761e-13
43.69342201843554	20.956314601217827	-0.036898827791794105	0.5000059922404758	1.850025607871157e-15	2.754802668051484e-05	-1.4553443309219294e-13
43.71007755710666	20.955699752295537	-0.03689882779179379	0.5000070213967461	2.338954698480735e-15	3.0874688111794436e-05	1.4667872718069645e-14
43.72673313206797	20.955084902033573	-0.03689882779179364	0.5000081711352795	-3.7948338383349934e-16	3.4492156002036736e-05	-8.15531424694037e-14
43.7433887475055	20.95447005027741	-0.03689882779179357	0.5000094516241811	1.1962314549257722e-15	3.8414667045887766e-05	4.7271445162640837e-14
43.760044407951405	20.953855196859738	-0.036898827791793216	0.5000108734770441	3.4770532728356388e-15	4.265558588978908e-05	6.842465453738016e-14
43.77670011829812	20.953240341599944	-0.036898827791792745	0.5000124477126027	2.7492324092255724e-15	4.7227066757595844e-05	-2.1834625908174136e-14
43.79335588381101	20.95262548430366	-0.0368988277917925	0.5000141857014788	3.3483116619212517e-16	5.213966628526745e-05	-7.243203729104624e-14
43.81001171013889	20.952010624762355	-0.03689882779179234	0.5000160990979022	1.789159322004143e-15	5.7401892703659585e-05	4.362984467421262e-14
43.826667603322115	20.951395762753048	-0.036898827791792	0.5000181997544821	2.584834490239617e-15	6.3019697403201e-05	2.3870255047156724e-14
43.843323569797406	20.950780898038122	-0.036898827791791856	0.5000204996173322	-6.707481562583665e-16	6.899588550432138e-05	-9.766747939488722e-14
43.85997961639887	20.95016603036529	-0.03689882779179185	0.5000230105992435	7.301521825880872e-16	7.532945733830377e-05	4.202701016517449e-14
43.876635750354325	20.949551159467735	-0.03689882779179147	0.500025744427815	4.2347162571056624e-15	8.201485714807333e-05	1.0513692223562367e-13
43.893291979276206	20.948936285064438	-0.03689882779179077	0.5000287124654584	5.074774068914526e-15	8.904112930592175e-05	2.5201734354509723e-14
43.90994831114579	20.948321406860767	-0.036898827791790365	0.500031925497856	2.8424232015234525e-16	9.639097192641856e-05	-1.4371595246280668e-13
43.92660475428994	20.947706524549332	-0.03689882779179057	0.5000353934871349	-3.0757109731692387e-15	0.00010403967837115932	-1.0079859879998164e-13
43.94326131734888	20.947091637811173	-0.036898827791791045	0.5000391252855687	-3.2136515528247892e-15	0.00011195395301456717	-4.138217389896971e-15
43.95991800923371	20.94647674631733	-0.036898827791791475	0.5000431283056483	-2.4670556883617145e-15	0.00012009060239275585	2.239787593388278e-14
43.97657483907217	20.945861849730846	-0.03689882779179155	0.5000474081415308	1.5558561463110899e-15	0.0001283950764753302	1.2068735504023846e-13
43.993231816140856	20.94524694770928	-0.036898827791791454	0.5000519681366221	-3.676883500491091e-16	0.00013679985274841187	-5.770633489049676e-14
44.009888949782074	20.944632039907738	-0.03689882779179178	0.5000568088925117	-3.950424931547309e-15	0.0001452226766963152	-1.0748209744510232e-13
44.02654624930323	20.944017125982644	-0.03689882779179235	0.500061927712598	-3.566303129444685e-15	0.00015356460259572342	1.1523654062771135e-14
44.04320372385655	20.94340220559614	-0.03689882779179255	0.5000673179746448	8.171598093053536e-16	0.00016170786140989223	1.3150388816253602e-13
44.05986138229648	20.94278727842135	-0.036898827791792446	0.5000729684254934	5.631816794185982e-16	0.00016951352546954972	-7.619343896184455e-15
44.07651923301238	20.94217234414858	-0.03689882779179208	0.5000788623909161	4.288841935609127e-15	0.0001768189626879679	1.1176980768569045e-13
44.09317728373317	20.941557402492514	-0.036898827791791315	0.50008497689324	5.712148300047167e-15	0.00018343506972184773	4.2699190933531954e-14
44.10983554130104	20.940942453200567	-0.036898827791790635	0.5000912816692349	3.245182627409752e-15	0.00018914327985508744	-7.400897017896682e-14
44.126494011410564	20.940327496062523	-0.036898827791790184	0.50009773807976	2.5578846526927337e-15	0.00019369231575920565	-2.0618939241790203e-14
44.14315269830968	20.939712530921565	-0.036898827791789796	0.5001042979034032	2.6190140357459587e-15	0.0001967947093077984	1.8338814915165e-15
44.159811604458206	20.939097557686882	-0.03689882779178942	0.5001109020050767	2.279591495153597e-15	0.0001981230502168448	-1.0182676217763568e-14
44.17647073013998	20.938482576348004	-0.03689882779178881	0.500117478870919	5.6951874472032915e-15	0.00019730597527892	1.0246787856144991e-13
44.19313007302374	20.937867586990993	-0.036898827791788	0.5001239430006	4.9998290388909294e-15	0.00019392389044798058	-2.0860752248958433e-14
44.20978962766787	20.93725258981672	-0.036898827791787436	0.5001301931478721	2.3971176362058558e-15	0.00018750441817911998	-7.80813420806364e-14
44.22644938496397	20.936637585161428	-0.03689882779178667	0.5001361104009242	7.631102796645457e-15	0.00017751759158145426	1.5701955481287518e-13
44.24310933151357	20.936022573519736	-0.03689882779178555	0.5001415560930641	7.0984305148129946e-15	0.00016337076420917947	-1.5980168454358177e-14
44.259769448932374	20.935407555570304	-0.03689882779178458	0.5001463695357773	5.6462219091486315e-15	0.00014440328141134353	-4.356625816999109e-14
44.27642971307578	20.93479253220445	-0.03689882779178365	0.5001503655658668	6.662747663898463e-15	0.00011988090270000974	3.0495772642340134e-14
44.29309009317961	20.93417750455785	-0.03689882779178236	0.500153331899557	1.0300517771591625e-14	8.899001071765327e-05	1.091331032308944e-13
44.30975055090925	20.933562474045647	-0.036898827791780844	0.5001550262869249	9.692704529644717e-15	5.0831621047291164e-05	-1.8234397258090902e-14
44.3264110393107	20.93294744240118	-0.03689882779177937	0.5001551734609735	9.758462229455181e-15	4.415221471328382e-06	1.972730994266547e-15
44.343071501656425	20.93233241171857	-0.036898827791778006	0.5001534618790252	8.239780364370046e-15	-5.134745843497594e-05	-4.556045595254944e-14
44.35973187017925	20.931717384499493	-0.036898827791776605	0.5001495402515028	1.0135419808566944e-14	-0.00011764882566432872	5.686918332580169e-14
44.376392064687	20.931102363704277	-0.03689882779177496	0.5001430138629361	1.1541331520821173e-14	-0.00019579165699410502	4.2177351367755626e-14
44.39305199105123	20.93048735280774	-0.03689882779177326	0.5001334406812827	1.082795009871944e-14	-0.0002871954495946668	-2.1401442662959684e-14
44.40971153956288	20.929872355859857	-0.036898827791771484	0.5001203272657736	1.2774821060387885e-14	-0.00039340246526448097	5.840612885000881e-14
44.426370583148454	20.929257377551615	-0.03689882779176981	0.5001031244812126	9.280858854584365e-15	-0.0005160835368239375	-1.0481886617399177e-13
44.44302897544044	20.928642423286252	-0.036898827791768424	0.5000812230322447	9.055569130244783e-15	-0.0006570434690335637	-6.758691730374963e-15
44.45968654869621	20.928027499256086	-0.03689882779176722	0.5000539488360225	6.685775374999158e-15	-0.0008182258866640762	-7.109381265737959e-14
44.47634311156064	20.927412612525103	-0.03689882779176618	0.5000205582568332	7.173923806688463e-15	-0.0010017173756754535	1.4644452950578698e-14
44.492998446667976	20.92679777111749	-0.03689882779176516	0.49998023323364055	6.369961021266713e-15	-0.0012097506957815703	-2.4118883562634437e-14
44.50965230808046	20.926182984112184	-0.03689882779176397	0.4999320763378494	9.485683617618939e-15	-0.0014447068737363999	9.347167789053975e-14
44.526304418561864	20.925568261743525	-0.03689882779176248	0.49987510580875344	1.0172467742236766e-14	-0.0017091158728816292	2.060352373862831e-14
44.54295446668607	20.924953615507977	-0.036898827791761145	0.4998082506201535	7.306938394608866e-15	-0.0020056556580005293	-8.596588042881904e-14
44.55960210378317	20.9243390582769	-0.036898827791760444	0.49973034564670743	1.800755493074828e-15	-0.0023371492033815006	-1.6518548704608469e-13
44.5762469407274	20.9237246044151	-0.036898827791759695	0.4996401270080579	8.024928747147193e-15	-0.002706559159488166	1.867251976220686e-13
44.59288854457444	20.92311026990497	-0.03689882779175894	0.49953622768290895	1.8996535446519666e-15	-0.003116979754471982	-1.8375825607470776e-13
44.60952643505907	20.922496072475777	-0.036898827791758806	0.4994171735013927	-1.6505890211420892e-16	-0.0035716254454901627	-6.194137340314421e-14
44.62616008096743	20.921882031737592	-0.036898827791759015	0.49928137963703134	-2.4640883806524807e-15	-0.004073815930843608	-6.897088435619907e-14
44.642788896403445	20.921268169319116	-0.036898827791759146	0.4991271477445066	8.421688526082481e-16	-0.004626956775743709	9.918771699777257e-14
44.65941223697315	20.920654509008525	-0.03689882779175927	0.4989526639064834	-2.4832330436351083e-15	-0.005234515140700838	-9.976205688723616e-14
44.67600129309675	20.920042114328247	-0.03689882779175922	0.49706867981033176	3.166009940552901e-15	-0.056519522884554134	1.694772895255804e-13
44.69248721824615	20.91943352678802	-0.03689882779175902	0.49276059060592814	-4.0531721660432827e-16	-0.12924267613213955	-1.0713981471463034e-13
44.708830547729626	20.918830203249954	-0.03689882779175916	0.4885071121285553	-1.4326481528744155e-15	-0.12760435432123682	-3.081992808814482e-14
44.72503306389972	20.918232077917455	-0.03689882779175919	0.4843060369193058	1.095902102068284e-15	-0.12603225627752662	7.585650764827097e-14
44.7410964779101	20.9176390876223	-0.03689882779175872	0.4801552975942067	5.18769937117177e-15	-0.12452217975300764	1.2275391807312516e-13
44.75702243432883	20.9170511716543	-0.036898827791758154	0.47605296368182937	2.6943439343226714e-15	-0.12307001737134958	-7.480066310544496e-14
44.7728125156374	20.916468271595217	-0.0368988277917577	0.47199723791995507	3.730869671620198e-15	-0.12167177285625437	3.109577211891133e-14
44.78846824660001	20.915890331157502	-0.0368988277917575	0.46798645217509066	-7.935096540570949e-16	-0.12032357234595152	-1.357313797703137e-13
44.803991098493086	20.915317296028125	-0.03689882779175755	0.464019063127189	1.862229769830172e-16	-0.11902167143706481	2.9391978931184235e-14
44.81938249318913	20.914749113717832	-0.036898827791757696	0.46009364784369705	-2.228635660741758e-15	-0.11776245850477228	-7.244575913173969e-14
44.83464380709319	20.91418573341582	-0.03689882779175834	0.45620889935056547	-7.107284898110432e-15	-0.11654245479396315	-1.463594771210679e-13
44.84977637493322	20.913627105849844	-0.036898827791759375	0.4523636222933343	-7.943068467825543e-15	-0.11535831171694437	-2.5073507091466763e-14
44.864781493408785	20.913073183151475	-0.03689882779176071	0.4485567287684639	-1.151237752388558e-14	-0.11420680574612177	-1.0707927168180314e-13
44.879660424704845	20.912523918726425	-0.03689882779176217	0.44478723439314827	-1.0061394833584519e-14	-0.11308483125947738	4.352948070902423e-14
44.894414399879594	20.911979267129453	-0.036898827791763775	0.44105425467184883	-1.373628898958211e-14	-0.1119893916389894	-1.1024682467992502e-13
44.90904462213699	20.91143918394359	-0.03689882779176532	0.4373570017077907	-9.374122065087324e-15	-0.11091758892174518	1.3086500773484365e-13
44.92355226999623	20.91090362566311	-0.0368988277917666	0.4336947813029657	-9.948710335481203e-15	-0.10986661214474963	-1.7237648111816406e-14
44.93793850037153	20.91037254957985	-0.03689882779176806	0.430066990473883	-1.2446541625840877e-14	-0.10883372487247937	-7.49349387107903e-14
44.95220445157665	20.909845913672296	-0.03689882779176962	0.42647311541592203	-1.1609478952393972e-14	-0.10781625173883198	2.5111880203407174e-14
44.96635124626933	20.909323676496882	-0.03689882779177084	0.42291272993360973	-7.419166937439544e-15	-0.10681156446936885	1.2570936044863284e-13
44.98037999435152	20.90880579708093	-0.03689882779177197	0.4193854943524019	-1.0239582561922681e-14	-0.1058170674362344	-8.461246873449414e-14
44.994291795841484	20.908292234816628	-0.036898827791773094	0.4158911549217166	-7.534896238094927e-15	-0.10483018292055948	8.114058971483262e-14
45.008087743734265	20.907782949355415	-0.03689882779177441	0.4124295437140928	-1.3439717363040033e-14	-0.10384833622871274	-1.7714463374835317e-13
45.021768961708176	20.907277899216062	-0.036898827791776084	0.4090028502408266	-1.3417630132375047e-14	-0.1028008267759691	6.625784063930141e-16
45.03533656826622	20.906777043108377	-0.036898827791777396	0.4056081976742896	-7.948919651687914e-15	-0.10183959728216871	1.6406131455136297e-13
45.04879163394649	20.90628034151282	-0.03689882779177832	0.40224578176150255	-7.341757746109768e-15	-0.10087249559032266	1.82148864979524e-14
45.06213523714011	20.905787754619947	-0.036898827791779235	0.39891587831823155	-7.841688545128192e-15	-0.09989711962577835	-1.499792102221435e-14
45.07536846675406	20.905299242232132	-0.03689882779178038	0.3956188427586064	-1.1248685776203732e-14	-0.09891108141865021	-1.0220991912870591e-13
45.08849242493355	20.904814763663044	-0.03689882779178139	0.39235511436920484	-5.776810947397339e-15	-0.09791186477820946	1.6415623133125113e-13
45.101508229927084	20.904334277631882	-0.036898827791781934	0.3891252205696485	-3.4447502004656494e-15	-0.09689682569445678	6.996184203686007e-14
45.114417019104685	20.90385774215197	-0.03689882779178219	0.38592978190482397	-1.0248638727267142e-15	-0.09586317039589085	7.259659737815363e-14
45.12721995214041	20.903385114413258	-0.03689882779178212	0.3827695168862081	2.3004269927849136e-15	-0.09480795987239546	9.975873301872408e-14
45.13991821928263	20.90291635047704	-0.036898827791781615	0.3796455654771119	6.4237613769493556e-15	-0.09371855338850353	1.2370004322099833e-13
45.15251302140486	20.902451406012364	-0.03689882779178135	0.3765572974320789	-1.7260396852764989e-15	-0.09264804135099153	-2.4449403186677564e-13
45.16500558744665	20.901990235652224	-0.036898827791781635	0.37350722237542944	-3.1719224949031263e-15	-0.09150225169948323	-4.3376484288798786e-14
45.1773972083217	20.901532791741772	-0.03689882779178209	0.37049646191050933	-4.96506751298382e-15	-0.09032281394760272	-5.379435054242085e-14
45.18968921443041	20.901079025168507	-0.03689882779178262	0.36752626524987847	-4.46651321271706e-15	-0.08910589981892562	1.4956629008002812e-14
45.20188297997453	20.90062888520297	-0.036898827791783356	0.3645980130525552	-8.863188071195795e-15	-0.08784756591969725	-1.3190024575436209e-13
45.213979927393495	20.90018231933498	-0.03689882779178415	0.36171322089217256	-5.3182384757219494e-15	-0.08654376481147656	1.0634848786421537e-13
45.22598153190752	20.899739273105926	-0.03689882779178467	0.3588735421974849	-4.265785981915852e-15	-0.08519036084063056	3.1573574814182884e-14
45.23788932614678	20.899299689937862	-0.03689882779178545	0.3560807704840402	-1.0199755409974756e-14	-0.08378315140334007	-1.7801908284176718e-13
45.24970490483971	20.898863510960464	-0.036898827791786534	0.3533368406714139	-9.851389120103558e-15	-0.08231789437878691	1.0450988696135993e-14
45.26142992952616	20.898430674837023	-0.03689882779178746	0.35064382925307097	-7.527548843364738e-15	-0.08079034255028684	6.97152083021646e-14
45.27306613325259	20.898001117591114	-0.036898827791787894	0.3480039530562048	-7.982344186001596e-16	-0.0791962859059855	2.0187943274293738e-13
45.28461532519764	20.897574772435853	-0.03689882779178797	0.3454195662957452	-7.403885368786214e-16	-0.0775316028137854	1.7353764516461177e-15
45.29607939516563	20.89715156960801	-0.036898827791787776	0.342893155590884	4.502523528620384e-15	-0.07579232114583798	1.572873619649702e-13
45.30746031787383	20.896731436209745	-0.03689882779178707	0.3404273325733667	9.213247229439549e-15	-0.07397469052551935	1.4132171102457495e-13
45.318760156946716	20.896314296061163	-0.03689882779178624	0.3380248236734775	6.868721460867887e-15	-0.07207526699667609	-7.033577305714986e-14
45.329981068515096	20.895900069567436	-0.03689882779178555	0.33568845662371016	6.668568233609257e-15	-0.07009101149301915	-6.0045968177589554e-15
45.34112530430264	20.89548867360487	-0.03689882779178462	0.33342114316934807	1.1734219340996481e-14	-0.06801940363086036	1.5196953322161679e-13
45.352195214063855	20.895080021430907	-0.036898827791783675	0.33122585742143346	7.056383611258635e-15	-0.06585857243744436	-1.4033507189212751e-13
45.36319324721799	20.894674022623807	-0.03689882779178297	0.32910560922767607	7.374490083009505e-15	-0.06360744581272446	9.543194152518616e-15
45.3741219535016	20.894270583058564	-0.03689882779178231	0.3270634118772249	5.765828418250315e-15	-0.06126592051353957	-4.825984994277521e-14
45.3849839824383	20.893869604926454	-0.03689882779178156	0.32510224338437677	9.479674666147096e-15	-0.05883505478544642	1.1141538743690074e-13
45.39578208139829	20.89347098680672	-0.03689882779178055	0.3232250005277397	1.1010871724808574e-14	-0.05631728569911515	4.593591175985083e-14
45.40651909199117	20.893074623799674	-0.03689882779177967	0.32143444474458094	7.233308551927435e-15	-0.053716673494767254	-1.1332689518643148e-13
45.417197944504544	20.892680407732048	-0.036898827791778895	0.31973313890021865	8.650979094735526e-15	-0.05103917533087189	4.2530116284235824e-14
45.427821650066555	20.892288227446286	-0.03689882779177789	0.31812337386809647	1.2146960997627176e-14	-0.04829295096366602	1.048794570867522e-13
45.43839329017398	20.89189796918714	-0.0368988277917765	0.31660708376804053	1.6744963247504613e-14	-0.045488703001681646	1.379400674963298e-13
45.448916003187165	20.891509517100214	-0.036898827791775	0.3151857486182754	1.4461798137473875e-14	-0.04264005449295622	-6.849495330091316e-14
45.459392967350325	20.891122753858763	-0.03689882779177353	0.31386028306151276	1.625741730340603e-14	-0.03976396670288394	5.386857497796017e-14
45.46982737984929	20.890737561436804	-0.036898827791771845	0.3126309097274117	1.9439101124734085e-14	-0.036881200023033356	9.545051463984521e-14
45.48022230667006	20.89035382665168	-0.036898827791769874	0.311489528633405	2.2399279691172724e-14	-0.03424143282020367	8.880535699316588e-14
45.49058044245103	20.889971450029247	-0.03689882779176777	0.31042194373037424	2.2216281876300153e-14	-0.032027547090926645	-5.489934446170877e-15
45.50090422072635	20.889590341734174	-0.03689882779176576	0.3094266741414812	2.0605750920017517e-14	-0.029858087666792606	-4.8315928688479646e-14
45.511196017616584	20.889210414050577	-0.03689882779176381	0.308501753582256	2.0948542178199124e-14	-0.027747616776757474	1.0283737745444712e-14
45.521458137343146	20.888831581916783	-0.03689882779176175	0.3076448314484795	2.3375682718743302e-14	-0.025707664013299648	7.281421621632601e-14
45.53169280069601	20.888453767660415	-0.0368975660674327	0.30685323950996246	2.7114675357604257e-05	-0.023747758155511306	0.0008134402600268573
45.54190213370872	20.888076923086558	-0.03689119222154083	0.30612389924133543	0.00011017422663173571	-0.02188020805881305	0.002491786538223944
45.552088159020606	20.887701050794863	-0.03687485710701909	0.3054535773644615	0.00024244350605416955	-0.02010965630621797	0.0039680783826730156
45.56225279230339	20.887326202986937	-0.03684433804485687	0.30483898393706654	0.0004177112067179515	-0.018437802821847923	0.005258031019913459
45.5723978407232	20.886952475176248	-0.03679598174655963	0.3042768078254563	0.0006302716509613214	-0.01686528334830897	0.006376813327301095
45.58252500253441	20.886580000538405	-0.03672665089906458	0.30376374797140676	0.0008749056552877398	-0.015391795621483857	0.007339020129792553
45.59263586766605	20.88620894484119	-0.03663367426535662	0.3032965406447148	0.0011468597507881748	-0.01401621980076098	0.008158622865013046
45.60273191916884	20.885839501899518	-0.03651480019262143	0.3028719829192055	0.0014418240108048702	-0.012736731765278153	0.008848927800500873
45.612814535399885	20.88547188950549	-0.03636815341639318	0.3024869526109886	0.0017559087317328998	-0.011550909246507736	0.009422541627840886
45.622884992829874	20.885106345788433	-0.036192195046732004	0.3021384249223446	0.0020856202379644206	-0.010455830659323515	0.009891345186945621
45.63294446939533	20.88474312596181	-0.03598568602188417	0.3018234877759702	0.002427827284544558	-0.00944811439123304	0.010266211397404135
45.64299404635888	20.884382499482694	-0.035747654312094715	0.3015392362112299	0.0027797280618734304	-0.008527546942206594	0.010557023319866172
45.65303471412746	20.884024747395912	-0.03547736173177433	0.3012831149659999	0.0031389016369839534	-0.0076836373568989185	0.0107752072533157
45.663067378436565	20.88367015999353	-0.03517427418522543	0.30105259715592597	0.0035031897631396173	-0.0069155343022180545	0.01092864378466992
45.67309286305429	20.883319034854935	-0.03483803723500855	0.30084529607689864	0.0038707070849483037	-0.006219032370823261	0.011025519654260586
45.68311191439304	20.882971675053273	-0.03446845243670449	0.30065896736647524	0.0042398180794108	-0.005589861312701428	0.011073329833874887
45.693125206176354	20.882628387576258	-0.0340654558846125	0.3004915096054215	0.004609114980391076	-0.0050237328316106045	0.011078907029408289
45.703133344112274	20.88228948194121	-0.03362909881890539	0.3003409635838804	0.0049773967823907965	-0.0045163806462319945	0.011048454059991579
45.713136870531635	20.881955268986	-0.033159530149562626	0.30020551044880034	0.005343649379092319	-0.004063594052401229	0.01098757790104567
45.72313626895728	20.88162605981932	-0.03265698075865471	0.3000834689357524	0.005707026862447495	-0.0036612453914415736	0.010901324500655273
45.73313196857596	20.88130216491508	-0.032121749449473484	0.29997329187421334	0.006066833987675207	-0.0033053118461698664	0.010794213756831374
45.74312434858559	20.88098389333709	-0.03155419044515661	0.2998735617969619	0.006422509205674594	-0.0029919023175448804	0.010670256539981651
45.753113742418506	20.880671552080702	-0.030954702247516123	0.2997829875113524	0.006773610980382044	-0.0027172285682854095	0.010533053241223465
45.76310044181776	20.880365445520646	-0.030323717781129574	0.29970039837270374	0.007119802286709409	-0.0024776741594586867	0.010385739189820995
45.773084700748264	20.88006587495412	-0.029661695769832293	0.2996247397780804	0.007460837989829467	-0.0022697578386997536	0.010231071093601754
45.78306673936758	20.879773138229538	-0.02896911107492984	0.2995550809685825	0.007796598955029874	-0.0020897642849369547	0.010072828956012178
45.79304674740179	20.87948752947905	-0.028246450057050364	0.29949057122995804	0.008126946865017973	-0.001935292158735234	0.00991043729964299
45.80302488738215	20.879209338877452	-0.027494206980340226	0.2994304751876187	0.008451845377428257	-0.0018028812701790663	0.009746955372308548
45.81300129816867	20.87893885246113	-0.02671287720112114	0.2993741545071592	0.008771308109634272	-0.0016896204137869584	0.009583881966180503
45.822976098099296	20.87867635201353	-0.02590295306249267	0.29932106353425	0.009085390420424607	-0.0015927291872773746	0.009422469323709982
45.832949388000074	20.878422114997427	-0.02506492045794069	0.29927074515812724	0.009394181981647983	-0.0015095512836814475	0.0092637468367013
45.84292125406354	20.87817641452824	-0.024199255998677068	0.2992228269060731	0.009697800061078963	-0.0014375475616218755	0.009108542382929364
45.85289177060258	20.87793951938324	-0.02330642472695426	0.2991770172657402	0.009996383430762593	-0.0013742892099890842	0.00895750109050897
45.862861002686884	20.877711694041857	-0.022386878325690345	0.2991331022217925	0.010290086807407034	-0.001317451318429705	0.008811101299333282
45.87282900866844	20.87749319875282	-0.021441053783412288	0.2990909419833721	0.010579075725134609	-0.0012648071526128778	0.008669667531827279
45.88279584260157	20.87728428962413	-0.020469372482676215	0.2990504678702684	0.010863521736148343	-0.0012142233931098443	0.008533380330412068
45.89276155653145	20.877085218732564	-0.01947223971716758	0.29901167748511004	0.011143597291843691	-0.0011637115547514952	0.008402266670860518
45.902726202747274	20.876896234247145	-0.018450044539210942	0.29897463738507046	0.011419472963829877	-0.0011112030011881427	0.008276270159585566
45.912689835936646	20.876717580565153	-0.017403159995369642	0.29893947446374686	0.01169131123750146	-0.0010548876397072455	0.008155148210147496
45.92265251517979	20.876549498457408	-0.0163319438118352	0.29890637494050953	0.011959262568091045	-0.0009929856971214292	0.008038539917687533
45.932614305875695	20.876392225217224	-0.015236739455942295	0.2988755812853575	0.01222346064796033	-0.0009238096545596276	0.007925942396078559
45.94257528156248	20.87624599480975	-0.014117877627653356	0.2988473889500712	0.012484017405669243	-0.0008457700585908752	0.007816702731267413
45.95253552562408	20.87611103801735	-0.01297567821166973	0.2988221428195656	0.012741017665484407	-0.0007573839151654005	0.007710007794454981
45.96249513383258	20.87598758256222	-0.011810453411893608	0.2988002909226154	0.012994495797361791	-0.0006555569085061376	0.007604343956321588
45.97245421508044	20.875875853234305	-0.010622509993786616	0.29878222210608407	0.013244482959440524	-0.0005420644959397087	0.007499614862361985
45.98241289174352	20.875776072012446	-0.009412152177463239	0.2987684062197058	0.013490946313604882	-0.00041447659134561754	0.007393900624930774
45.992371301540395	20.87568845813282	-0.00817968659024753	0.2987593437167095	0.013733800249753556	-0.0002718750898909599	0.007285618084460258
46.00232959844262	20.87561322813128	-0.0069254271594910545	0.29875555910443474	0.013972898756682608	-0.00011353836824234647	0.007172955207871637
46.01228795334726	20.87555059584283	-0.005649700963250111	0.2987575932024577	0.014208022489542789	6.102294068798085e-05	0.0070537119858054284
46.02224655448758	20.875500772348556	-0.004352854420535788	0.2987659951434995	0.014438884984642646	0.00025205823125463815	0.006925874852995629
46.0322056075348	20.875463965865844	-0.003035260317829675	0.2987813117630642	0.014665109032334167	0.0004594985869396158	0.006786721430745612
46.042165335562984	20.87544038157445	-0.0016973232155987395	0.29880408990275864	0.014886286784045959	0.0006833441908313137	0.006635332551353719
46.05212597817252	20.875430221378384	-0.00033949164717721355	0.29883482349430246	0.015101772595371895	0.0009220077463126975	0.006464574339778058
46.06208779015492	20.875433683508817	0.0010377289463898958	0.29887397878584343	0.015310876061646458	0.0011746587462290162	0.006273103988236836
46.072051040081405	20.87545096203661	0.0024337684135672696	0.29892196429444984	0.015512783504034098	0.0014395652581924868	0.006057223271629196
46.08201600808427	20.875482246269968	0.0038479799488361326	0.2989791121281099	0.01570654864743004	0.0017144350097991665	0.005812954301878237
46.09198298298536	20.875527720009632	0.0052796271621216315	0.2990456571155765	0.01589108359937369	0.001996349623999756	0.005536048558309468
46.10195225869783	20.87558756064453	0.006727870172676491	0.29912171362438006	0.01606515029591067	0.002281695264103276	0.005222000896109575
46.111924129824196	20.87566193806978	0.008191750755131124	0.2992072499701376	0.016227352607255344	0.0025660903727271907	0.004866069340340185
46.12189888637084	20.875751013408248	0.009670176584906218	0.299302060349072	0.016376129318647646	0.0028443113680309035	0.004463301341769191
46.131876807497875	20.875854937516408	0.011161904653240217	0.2994057342603737	0.01650974822719639	0.0031102173390509533	0.0040085672564625025
46.141858154222795	20.875973849254898	0.012665523949267888	0.2995176234276585	0.016626301622166696	0.0033566750185405917	0.003496601849109336
46.15184316099785	20.876107873504484	0.014179437538475509	0.29963680627740547	0.016723703445454485	0.003575485492409898	0.0029220546986335645
46.16183202604729	20.876257118908224	0.015701844180111148	0.299762047902228	0.016799688054879237	0.0037572487446729252	0.0022795382827424542
46.171824900503104	20.876421675323922	0.017230719763699134	0.29989176670805784	0.016851812942474592	0.0038915641748960457	0.0015637466278607456
46.18182187619765	20.876601610971765	0.01876379877817604	0.30002398574329414	0.01687746187425521	0.003966571057087735	0.0007694679534184135
46.19182297198515	20.876796969263296	0.02029855608084535	0.3001562915341208	0.016873852742479288	0.003969173724797405	-0.00010827395327753365
46.20182811866105	20.87700776530598	0.021832189413657537	0.30028578942383427	0.016838048677620336	0.003884936691404527	-0.0010741219457686203
46.21183714241124	20.877233982081105	0.023361603091252115	0.30040905822944125	0.01676697327406168	0.003698064168210943	-0.0021322621067595515
46.22184974677906	20.87747556630062	0.024883393383526603	0.30052210477817637	0.01665743042652381	0.003391396462053721	-0.003286285426136036
46.23186549315727	20.87773242395745	0.0263938361957194	0.3006203189718135	0.016506129283188172	0.002946425809113487	-0.004539034300069204
46.241883786416054	20.878004415775326	0.02788887782854907	0.30069882514063895	0.01630969541968881	0.0023551850647620834	-0.005893015904980752
46.25190384535068	20.87829135206349	0.029364129173023223	0.300751217807388	0.016064765743297352	0.0015717800024736075	-0.007347890291743877
46.26192467278312	20.878592987354057	0.03081486165722099	0.30077080345824353	0.015767906751736983	0.0005875695256659198	-0.008905769746811117
46.271945037600794	20.878909015263243	0.03223601480151715	0.3007500738937943	0.01541587986787348	-0.0006218869334759534	-0.010560806515905095
46.28196344849063	20.879239063194785	0.0336222102352494	0.30068073355531755	0.015005506228513293	-0.0020802101543007574	-0.012311209180805565
46.29197812738819	20.879582687121573	0.034967767462736346	0.30055365461343003	0.014533794778040782	-0.0038123682566266943	-0.014151343514175324
46.30198698186092	20.87993936655524	0.036266731054594	0.3003588580322893	0.013998014175762661	-0.00584389743422405	-0.016073418068343705
46.31198757695902	20.880308499873045	0.03751290743970689	0.3000855014829007	0.01339577170904308	-0.00820069648165777	-0.018067274001587398
46.3219771067564	20.880689400172674	0.03869991225320968	0.2997218746480788	0.01272509872509689	-0.010908805044656654	-0.020120189518385807
46.33195236581749	20.881081291844218	0.039821229081501666	0.29925540231776643	0.011984541781811752	-0.01399416990937327	-0.02221670829855408
46.341909720834536	20.881483308063814	0.040870280270724056	0.2986726555046901	0.011173258389084235	-0.01748240439229236	-0.02433850178182557
46.351845082683624	20.881894489424234	0.04184051022444199	0.29795937063725003	0.010291115854593524	-0.02139854602320237	-0.026464276034721304
46.3617538791466	20.882313783922335	0.042725481304676766	0.2971004767256891	0.009338791372019569	-0.025766817346827852	-0.028569734477218653
46.371631028541145	20.882740048520173	0.04351898206565392	0.29608013027089547	0.008317871107005438	-0.030610393643808104	-0.030627607950423914
46.38147091443144	20.88317205248132	0.04421514710255818	0.29488175384449766	0.007230945981896813	-0.03595129279193481	-0.03260775375325881
46.39126736184134	20.883608482672198	0.044808587240649594	0.29348809719509217	0.00608169972060162	-0.0418096994821653	-0.0344773878388558
46.401013615060656	20.88404795096891	0.04529452823291519	0.29188128184381057	0.004874988560413141	-0.0482044605384475	-0.03620133480565441
46.410702317151475	20.88448900386315	0.045668955522111455	0.2900428688095225	0.0036169066319034745	-0.05515239102864135	-0.037742457855289985
46.42032549160236	20.884930134314892	0.0459287619268514	0.2879539298474122	0.002314834435402191	-0.06266816886330887	-0.03906216589503852
46.42987452734783	20.88536979585552	0.04607189246030287	0.2855951874945648	0.0009774198033003579	-0.07076227058542052	-0.040122438963055
46.43934016403191	20.88580641866265	0.04609748901968978	0.28294689749037066	-0.00038525325528356795	-0.07944870012582513	-0.04088019175751778
46.44871248121919	20.886238427585578	0.04600601728123796	0.2799892094417688	-0.0017620306698913398	-0.08873064145805382	-0.041303322438233155
46.45798089309156	20.886664261765773	0.045799384757213936	0.2767021389240055	-0.0031402433299887473	-0.09861211553289999	-0.041346379802922224
46.46713414600204	20.887082395456336	0.04548104066201591	0.2730657677956594	-0.004506213690639586	-0.10909113385038156	-0.040979110819525155
46.47616032194505	20.88749135948785	0.045056035858404724	0.2690603964025493	-0.005845251814985564	-0.12016114179330399	-0.040171143730379354
46.48504684808178	20.887889762747662	0.04453105449103141	0.2646667488220171	-0.007141823484721357	-0.13180942741596646	-0.03889715009207379
46.49378051397527	20.888276313018082	0.043914405657704055	0.2598662210956016	-0.008379757807362604	-0.14401583179246444	-0.03713802967923738
46.502347498167474	20.888649836426815	0.04321596977464215	0.25464118135338815	-0.009542493685612247	-0.15675119226640266	-0.03488207634748935
46.51073340602802	20.889009294731327	0.04244709521017717	0.24897533129852134	-0.010613363051190058	-0.16997550164600536	-0.03212608096733442
46.518923321111814	20.88935379966373	0.04162044207739119	0.2428541387478913	-0.011575906989027392	-0.18363577651890164	-0.028876318135120028
46.52690187256849	20.88968262361201	0.040749771820501525	0.2362653507698562	-0.012414218837176468	-0.1976636393410526	-0.02514935544447234
46.534653321438206	20.889995206014028	0.03984968340918595	0.2291995964031715	-0.013113306091061325	-0.21197263100054123	-0.020972617616545713
46.542161668935094	20.890291154998003	0.03893529954358334	0.22165108700606542	-0.013659460567021487	-0.2264552819131815	-0.016384634278804846
46.54941079005078	20.89057024401851	0.038021909200929224	0.213618421053132	-0.014040623948439218	-0.24097997858800183	-0.011434901442531897
46.55638459600075	20.890832403508625	0.03712457600088005	0.20510549880531678	-0.01424673376986941	-0.2553876674344558	-0.006183294642905811
46.56306722906156	20.891077707883582	0.03625772518171482	0.1961225435697558	-0.01427002960968469	-0.2694886570668297	-0.0006988751944583667
46.56944328992396	20.891306358455044	0.03543472343312434	0.18668702764866346	-0.01410537426934107	-0.2830654776327714	0.004939660210308538
46.57549811327068	20.891518663738328	0.03466747396593179	0.1768256405585327	-0.01375024497340331	-0.29584161270392295	0.010653878878132813
46.58121808726042	20.891715018253976	0.03396604290252784	0.1665749593031285	-0.013205054770474765	-0.30752043766212667	0.016355706087856345
46.58659101323827	20.89189588122475	0.0333383364946322	0.1559831987803052	-0.01247305647045934	-0.3177528156846992	0.021959949000462716
46.59160652191153	20.892061757513346	0.0327898542945639	0.14511185960354708	-0.011560243641452065	-0.32614017530274253	0.027384384870218232
46.59625654651322	20.892213182649193	0.0323235349443981	0.13403751178334566	-0.010475126668599701	-0.33223043460604285	0.032553509185570845
46.60053585770193	20.892350713878805	0.03193971113315106	0.12285372889490682	-0.009228393361492527	-0.33551348665316505	0.037401999213215215
46.604484029148686	20.892476237770865	0.031633072618997456	0.11415625173527141	-0.007831989285014737	-0.26092431478906253	0.04189212229433378
46.61050844976324	20.892666699888476	0.03173293663680492	0.24748958493128306	0.009363656504719509	3.999999995880051	0.5158693736920275
46.62097478094788	20.893007339548763	0.03365857550188091	0.380822914431851	0.029649591216132826	3.999999884981065	0.6085780413423995
46.635881556869535	20.89354049870455	0.03791929454314783	0.5141562291916439	0.03300421242143698	3.9999994430636394	0.10063863615912473
46.654435475881996	20.89429469482276	0.04325716359304107	0.599999575678176	0.030285109059761648	2.5753003950081883	-0.08157310085026004
46.67441441920633	20.895211576132045	0.048312265353295365	0.5999999803743701	0.02530659517550202	1.2141482739586299e-05	-0.14935541652778891
46.69438878223313	20.896223543330287	0.052934445250533715	0.5999999717391632	0.025526436654165444	-2.5812088707814914e-07	0.0065952443599026425
46.7143576629752	20.897338194534655	0.05909480591479034	0.5999999705506162	0.04221004916041083	-3.4664285239817474e-08	0.5005083751873617
46.734316304934154	20.898621857957007	0.07065571546877755	0.5999999828750012	0.08476979175457987	3.6983866796624713e-07	1.276792277825071
46.75425125524725	20.900228529365023	0.09223750744230862	0.5999999934195419	0.1514363375885597	3.164728794817856e-07	1.9999963750148402
46.774133341773585	20.902387988439784	0.1262326225888061	0.599999981157703	0.2181029754053609	-3.678551688828998e-07	1.9999991345040358
46.793412230026306	20.905205436960657	0.16324065865001175	0.5690875326899527	0.19358711794727704	-0.9273734540120998	-0.7354757237425161
46.8107816917831	20.908325048651736	0.1908742313567311	0.48979045271958593	0.14630210790279288	-2.378912399111004	-1.4185503013345244
46.82485502245829	20.91116491613638	0.20588922438642632	0.37163897745731206	0.07963865323521287	-3.544544257868216	-1.9999036400269758
46.834832031571516	20.913277524749454	0.21040865985801163	0.2402555301859454	0.012972009588861638	-3.9415034181410005	-1.9999993093905373
46.84049107721131	20.91448534968985	0.20956163783131415	0.10693480914073678	-0.053694638620597354	-3.9996216313450947	-1.999999446272564
46.84180424112065	20.914764156565198	0.20872270951668065	-0.026388682829043334	-0.12036130317881799	-3.999704759092066	-1.9999999367452779
46.83881318930612	20.91412403650893	0.21325761529920567	-0.15713843794182053	-0.18702796490754273	-3.922492653383316	-1.9999998518617428
46.83171575688235	20.912534025604625	0.22829066483649813	-0.2792673996671868	-0.25369462994396574	-3.6638688517609883	-1.999999951092316
46.820959468038595	20.90987152384782	0.25823356325229285	-0.38561356171355093	-0.32036129299640165	-3.1903848613909256	-1.9999998915726158
46.80723553615691	20.905904388124604	0.3061186760992868	-0.4716192094874387	-0.38370538174316954	-2.5801694332166325	-1.900322662403035
46.791414255126014	20.900337102210315	0.37201243974141796	-0.5348984568811258	-0.43085540754244805	-1.8983774218215395	-1.4145007739783575
46.77446862700149	20.892937173289933	0.45250323048358343	-0.5748560272356916	-0.46162515898717404	-1.1987271106369723	-0.9230925433417803
46.75731557469851	20.88362825688489	0.5425030870157068	-0.5965132638161922	-0.4768809346709872	-0.6497170974150185	-0.4576732705143936
46.740744424535144	20.872547503882497	0.6363419421116417	-0.5999984008025573	-0.4784029343741052	-0.10455410959095485	-0.04565999109353853
46.72523778944814	20.85992794749035	0.7295003238393156	-0.5999988011289908	-0.4685815966485682	-1.2009793004097175e-05	0.2946401317661126
46.710951528629465	20.845941118027227	0.8194093796142856	-0.5999983340811821	-0.4498669936012989	1.4011434265361273e-05	0.5614380914180804
46.69794264758025	20.830758046951875	0.904387591599638	-0.5999977888062077	-0.42451120130061815	1.635824923228971e-05	0.7606737690204214
46.686220990093624	20.814559536678384	0.9833099149025937	-0.5999973481391734	-0.3944869445661544	1.3220011029349077e-05	0.9007277020339134
46.67575582468712	20.797521264926605	1.0555112003561176	-0.599997184115821	-0.36146397018724497	4.920700566147466e-06	0.9906892313672815
46.666484569936664	20.779804087726916	1.1206822939842698	-0.5999973172000109	-0.3268167679835262	-3.992525698847272e-06	1.039416066111561
46.65832178824319	20.761548872259084	1.1787764107986396	-0.599997629218032	-0.29165047522506427	-9.360540631270361e-06	1.0549887827538584
46.65116731727918	20.742874741627993	1.229932896613187	-0.5999979834500782	-0.25683460166332805	-1.0626961384346389e-05	1.044476206852086
46.64491303062108	20.72387960447535	1.2744188893425243	-0.5999982999775874	-0.22303770453672622	-9.49582527625943e-06	1.013906913798055
46.63944812760546	20.704642037578264	1.3125863793554116	-0.5999985525156594	-0.19076033195088316	-7.576142160688193e-06	0.9683211775752929
46.63466307435164	20.685223834560784	1.3448413165882434	-0.5999987426667944	-0.16036409834073567	-5.7045340548511625e-06	0.9118870083044248
46.630452410144905	20.665672756158088	1.3716215379371077	-0.5999988806666233	-0.13209630558049187	-4.139994862609403e-06	0.8480337828073142
46.62671664988046	20.64602519247937	1.393380905931058	-0.5999989764729107	-0.10611070652608415	-2.874188622328951e-06	0.7795679716322318
46.62336349276143	20.626308573796976	1.410577742289132	-0.5999990377551256	-0.08248493086229135	-1.8384664460990223e-06	0.7087732699137845
46.620308512449895	20.60654345199042	1.4236662128735023	-0.5999990698954693	-0.061235131196374526	-9.642103120799253e-07	0.637493989977505
46.61747546677973	20.58674523009399	1.4330897651326513	-0.5999990761261522	-0.042328344919754214	-1.8692048586233835e-07	0.5672035882986094
46.614796779734306	20.566925503223107	1.439343562095517	-0.5999983553532169	-0.026435008063983766	2.162318806338086e-05	0.47680010567311365
46.61221459717373	20.547092962716082	1.442885265822197	-0.5999983198199754	-0.012518285447444585	1.0659972450330433e-06	0.4175016784961755
46.60967869293436	20.527254444046275	1.4440669202730931	-0.5999982399064264	-0.0004796105178000807	2.397406470124497e-06	0.3611602478893352
46.60714557865332	20.507415572857205	1.443219893004871	-0.5999980420776169	0.009796790500365577	5.93486429060618e-06	0.30829203054496973
46.604578113475085	20.4875811303704	1.4406528831621208	-0.5999977872692998	0.018438364801668706	7.64424951007548e-06	0.2592472290390939
46.60194506522736	20.467755304914274	1.4366505993518668	-0.5999974748190572	0.02557963560401699	9.373507273917879e-06	0.21423812407044854
46.599220640031895	20.44794185005061	1.431473029955101	-0.5999971041414146	0.031358339613251754	1.1120329273692502e-05	0.1733611202770431
46.596383994655376	20.428144172082803	1.4253552376297456	-0.599996687771337	0.03591222827134457	1.2491102329235363e-05	0.1366166597427844
46.59341874381665	20.408365369866235	1.4185076093948195	-0.5999962544744759	0.03937646634845958	1.2998905833032349e-05	0.10392714231345042
46.59031247244405	20.388608244558228	1.411116493332356	-0.5999958620336202	0.04188156127746146	1.17732256667743e-05	0.07515284787005629
46.587056261357795	20.368875294359235	1.4033451532356958	-0.5999955096317975	0.043551772958270646	1.0572054682038228e-05	0.050106350424275595
46.583644232679504	20.349168701716263	1.3953349757614208	-0.5999952986187768	0.04450390622143547	6.330390619270466e-06	0.028563997894944945
46.58007311990005	20.32949031816627	1.3872068696963458	-0.5999954430598745	0.04484645796995468	-4.333232936041685e-06	0.010276552455576226
46.57634186853645	20.309841662040913	1.379062800660486	-0.599995759557067	0.044679115689029575	-9.494915774132498e-06	-0.0050202684277531094
46.572451289014644	20.29022402408066	1.3709874027651912	-0.5999899932021916	0.044092969107255735	0.00017299064626095397	-0.01758439745321544
46.56840371887329	20.270638444819514	1.36304963733162	-0.5999797654573898	0.043169227228306094	0.0003068323440482949	-0.027712256368489403
46.5642026941548	20.251085584348534	1.3553045114849636	-0.5999676747857173	0.041979391436809815	0.0003627201501758998	-0.035695073744888575
46.559852608715964	20.231565414997455	1.3477947238400023	-0.5999755262077464	0.04058523749231726	-0.00023554266087236393	-0.041824618334776506
46.555358523818306	20.21207747241929	1.3405523546471376	-0.5999921539585965	0.039040862723176833	-0.0004988325254988618	-0.046331243074212936
46.55072622324724	20.192621954396767	1.3336005827864963	-0.5999733476658256	0.037393566270656965	0.0005641887831303272	-0.04941889357559589
46.54596176396817	20.17319849530035	1.326954688261815	-0.5999851139000895	0.03568125661465	-0.00035298702791672625	-0.05136928968020907
46.54107341039996	20.15381435681718	1.3206262177290862	-0.5994780055653783	0.03393468491890768	0.015213250041335485	-0.05239715087226964
46.5360757494597	20.134499610428843	1.3146289265967888	-0.5975742287671413	0.03217293249875308	0.05711330394711414	-0.05285257260463786
46.53098758254853	20.115297023558373	1.3089758273295906	-0.594343306954582	0.030410788586258716	0.09692765437677227	-0.05286431737483121
46.52580613146817	20.096166020274232	1.3036926648062703	-0.5948737008006985	0.028214450213676336	-0.015911815383496973	-0.06589015117747146
46.52052952575109	20.077069158126253	1.298801195286242	-0.5938737841800865	0.026087071630300426	0.029997498618362307	-0.06382135750127742
46.51517787052983	20.058049065959516	1.294298267403693	-0.5916460209686583	0.024038332619025847	0.06683289634284614	-0.06146217033823728
46.509769102566516	20.039139092307188	1.2901750306220579	-0.5884525866188296	0.022072195953433352	0.09580303049486133	-0.05898409996777473
46.50431898732533	20.020364531198826	1.2864189380655526	-0.5845257011310574	0.020188229163167214	0.11780656463316547	-0.05651900370798414
46.498841199490116	20.001743790776086	1.2830152203572736	-0.5800594576688647	0.018384136297259483	0.13398730386578428	-0.05412278597723194
46.49334741605609	19.983289332777353	1.2799479682376764	-0.5752311047589987	0.016655353947194657	0.14485058729597697	-0.05186347050194478
46.487847481144385	19.965008637481827	1.2772009872520689	-0.5701771207502538	0.01499652138735489	0.15161952026234496	-0.04976497679519303
46.48234963123332	19.94690519903119	1.274758361090328	-0.5650143419050736	0.013401989508813227	0.15488336535540606	-0.047835956356249924
46.47686065616063	19.928979181414253	1.2726047842506032	-0.5598393944800408	0.01186622607250431	0.155248422750988	-0.04607290308926755
46.471386075199916	19.911228039450755	1.2707257624020536	-0.5547309471717151	0.01038408475734087	0.15325341924976577	-0.04446423945490321
46.46593031614674	19.893647088451893	1.269107711486645	-0.5497502834467464	0.008950986797143403	0.149419911749065	-0.04299293880592402
46.46049685751326	19.876229913666197	1.2677379811500384	-0.5449505017917179	0.007562937381750442	0.1439934496508551	-0.04164148246178882
46.4550883739549	19.858968764869267	1.2666048362953286	-0.5403680481312816	0.006216626798453293	0.13747360981308973	-0.04038931749891447
46.449706888824934	19.84185495774337	1.2656974094569249	-0.5360306121525847	0.004909380106737605	0.13012307936090337	-0.03921740075147063
46.44435389237267	19.824879154330784	1.2650057855398225	-0.5319567226282828	0.0036372112490296224	0.12221668572905789	-0.03816506573123948
46.43903045030885	19.80803160213032	1.2645209341454404	-0.5281586506473419	0.002398405205482669	0.1139421594282193	-0.037164181306408604
46.433737290083904	19.791302315020246	1.2642343971790635	-0.5246432019013494	0.0011928410684381228	0.10546346237977507	-0.036166924111336395
46.428474907417026	19.7746813319496	1.2641381445705486	-0.521406079740014	2.055222508115669e-05	0.09711366202869014	-0.03516866530070899
46.423243580889626	19.75815869052127	1.2642245519647233	-0.5184554717441175	-0.0011184845869194708	0.0885182381291024	-0.03417110436001883
46.41804341705394	19.741724500873566	1.2644863769880126	-0.5157821519910218	-0.0022241437608057847	0.08019959167780549	-0.03316977521658944
46.412874460613004	19.725369230510577	1.2649167228533145	-0.51337611684871	-0.0032962999937069743	0.07218105377632233	-0.032164686987035694
46.407736721797626	19.70908373386091	1.265509010896378	-0.5112260359748501	-0.004334864788822046	0.06450242579349795	-0.031156943853452163
46.40263020449387	19.692859290354903	1.2662569556876067	-0.5093192881827439	-0.005339798256463413	0.05720243341476438	-0.03014800402924098
46.39755493131417	19.67668763887379	1.2671545427010134	-0.5076421780670523	-0.0063111413713485215	0.050313303189354605	-0.029140293446553292
46.39251096408393	19.66056100341788	1.268196009763748	-0.506180295912078	-0.0072490340660806936	0.04385646442460649	-0.028136780841965185
46.38749841935539	19.64447210833002	1.2693758318086417	-0.5049188377694259	-0.008153731043645931	0.0378437441013675	-0.027140909326957112
46.38251747939449	19.62841418394709	1.270688709450389	-0.5038429084172644	-0.009025618125352563	0.03227788038232898	-0.026156612451198966
46.377568399564225	19.61238096501211	1.2721295612521073	-0.502937692145093	-0.009865221050947767	0.027156487992749757	-0.02518808776785621
46.37265151269506	19.596366683153853	1.2736935178915125	-0.5021886709714316	-0.010673194140374377	0.022470635060462412	-0.024239192682798328
46.36776723062474	19.58036605349492	1.2753759179488282	-0.5015817892457243	-0.011450321082193616	0.018206451649766725	-0.023313808254577222
46.362916043554755	19.564374256892858	1.2771723063343685	-0.5011035746207735	-0.012197515530534584	0.014346438655807082	-0.0224158334502291
46.35809851770388	19.548386918789916	1.2790784351544027	-0.5007412386324983	-0.012915818778730158	0.010870079579498242	-0.021549097445867183
46.3533152917158	19.532400085653705	1.281090264915333	-0.500482733684263	-0.013606373381548848	0.007755148398830604	-0.020716638084560653
46.34856707236133	19.516410200367535	1.2832039695393644	-0.5003167665434298	-0.01427046895051537	0.004979014191319305	-0.01992286706899574
46.343854629677374	19.500414076449385	1.285415941389141	-0.5002328601847831	-0.014909466478435171	0.0025171907336659187	-0.01916992583759403
46.339178791658604	19.484408871401097	1.2877227932044393	-0.5002213483230633	-0.015524804962157064	0.0003453558272247443	-0.018460154511656793
46.33454043880487	19.468392059898086	1.2901213611626565	-0.5002733915534026	-0.01611798410682141	-0.001561296939978797	-0.01779537433993051
46.329940498459436	19.452361406339193	1.2926087070686845	-0.5003810009803077	-0.016690545588500545	-0.0032282828529596064	-0.01717684445037398
46.325379939570844	19.436314938801445	1.2951821181323386	-0.5005369262832762	-0.017244041495293485	-0.0046777591621368925	-0.016604877203788268
46.320859767915216	19.420250924563963	1.2978391042884496	-0.5007346695723093	-0.017780017854850762	-0.00593229878905703	-0.01607929078671835
46.316381021484865	19.404167846173678	1.300577392998324	-0.5009684378414113	-0.018299982500145723	-0.007013048265292964	-0.015598939358848787
46.31194476652062	19.38806437986217	1.3033949200476032	-0.5012330447923344	-0.018805375160891015	-0.007938208819661516	-0.015161779822358702
46.30755210260626	19.37193940781346	1.306289802706298	-0.5015219071805983	-0.019297433107398846	-0.00866587164791591	-0.014761738395234996
46.3032041493804	19.355791964792814	1.309260338085209	-0.501833138879215	-0.019777495892790518	-0.009336950958498859	-0.014401883561750236
46.29890203510766	19.339621188882287	1.3123049963772921	-0.502163190550282	-0.02024662641445636	-0.009901550132014414	-0.014073915649975092
46.294646903469776	19.323426340899896	1.3154223794618782	-0.5025089473335083	-0.020705690670410802	-0.010372703496787514	-0.013771927678633286
46.29043991082931	19.307206791021255	1.3186111882686649	-0.502867680510614	-0.021155313193088682	-0.010761995313174599	-0.013488675680336404
46.28628222347058	19.290962007195784	1.3218701833979787	-0.5032369922486863	-0.0215958336400331	-0.011079352142168809	-0.01321561340833257
46.28217501466573	19.274691545310414	1.325198138290107	-0.5036147716986155	-0.022027254275903817	-0.011333383497878411	-0.01294261907612134
46.278119464735894	19.25839505148304	1.3285939145689902	-0.5039984886195451	-0.022450923853067073	-0.011511507627894529	-0.01271008731489771
46.2741167586138	19.242072250610644	1.3320563492213569	-0.5043867356645492	-0.022865350493304896	-0.011647411350123262	-0.012432799207134552
46.27016807814214	19.225722930412076	1.3355840479328998	-0.5047780231981651	-0.023269148173739963	-0.011738626008484932	-0.012113930413052044
46.26627459736062	19.209346942388994	1.3391753514968625	-0.5051709513137567	-0.023660405381424377	-0.011787843467746893	-0.011737716230532559
46.26243747612509	19.192944200821994	1.3428282501311541	-0.5055641698082722	-0.024036631467899302	-0.011796554835469432	-0.011286782594247783
46.25865785249345	19.176514683221605	1.3465402890630165	-0.5059563426323849	-0.024394703282384276	-0.011765184723380291	-0.010742154434549208
46.25493683367813	19.160058432138598	1.3503084659700373	-0.5063461137653182	-0.024730819543931273	-0.011693133987999805	-0.01008348784641003
46.25127548535323	19.14357555812563	1.354129120549969	-0.506732083972924	-0.025040450818833365	-0.011579106228175146	-0.009288938247062844
46.2476748191008	19.12706624359829	1.3579978167323985	-0.5071127912838672	-0.025318299975944418	-0.011421219328298673	-0.008335474713331674
46.244135777808374	19.110530747348143	1.3619092187448028	-0.5074867014574491	-0.02555826705856762	-0.011217305207460481	-0.007199012478695905
46.24065921882825	19.09396940933238	1.365856962046343	-0.507852209477254	-0.025753421281488057	-0.01096524059414387	-0.005854626687613211
46.23724589472928	19.077382655302966	1.369833520500884	-0.5082076542699686	-0.02589598152070059	-0.010663343781442734	-0.00427680717637602
46.233896431496575	19.060771000755025	1.373830071438315	-0.508551349027697	-0.02597730688265588	-0.010310842731855608	-0.0024397608586588
46.23061130406618	19.044135053586647	1.3778363605662893	-0.508881629645659	-0.025987899209264764	-0.009908418538856724	-0.000317769798266382
46.22739080912236	19.027475514772792	1.3818405690430446	-0.5091969238619869	-0.025917419669528253	-0.00945882648984361	0.0021143861920954127
46.22423503513536	19.010793176267548	1.3858291854001292	-0.5094958436826097	-0.025754721883249284	-0.008967594618693979	0.004880933588369025
46.22114382967611	18.99408891526507	1.3897868854000268	-0.5097773035604107	-0.02548790429842223	-0.00844379633403242	0.008004527544811686
46.218116764113084	18.977363683875986	1.393696423311534	-0.5100406665339999	-0.02510438479020689	-0.00790088920768125	0.011505585246460252
46.21515309587193	18.96061849321836	1.3975385384652872	-0.5102859200703903	-0.024591000657458943	-0.007357606091714721	0.015401523982438358
46.2122520618658	18.943854349671142	1.4013510389002937	-0.510512927897346	-0.02469864014424255	-0.006810234808673942	-0.003229184603508296
46.20941413777669	18.927072113217225	1.4052214335044846	-0.5107174509810671	-0.025318001389587154	-0.0061356925116383115	-0.018580837360338158
46.20664090596655	18.910272678022523	1.4091760194215064	-0.5108910725508585	-0.025767275585497462	-0.005208647093741124	-0.013478225877309147
46.20393383309125	18.893457268330046	1.4131873918303457	-0.5110247206586236	-0.02603568329134334	-0.004009443232954637	-0.008052231175376422
46.201293944224666	18.876627493279837	1.4172263944902306	-0.5111096391968848	-0.026112793595071335	-0.002547556147838362	-0.002313309111839778
46.19872178514301	18.85978533265491	1.4212621668441239	-0.5111374811423011	-0.025988253064615798	-0.0008352583624913608	0.0037362159136660063
46.196217385211476	18.84293311833997	1.4252621604977342	-0.5111004168685481	-0.025651563670759367	0.001111928212585913	0.010100681815693001
46.19378022066482	18.8260735110535	1.4291921330996038	-0.5109912662183341	-0.025091912460658696	0.003274519506421195	0.016789536303020013
46.19140917818654	18.809209471652405	1.4330161280006144	-0.5108036618263659	-0.024298055748486886	0.005628131759041509	0.023815701365154353
46.189102518814856	18.792344226097967	1.436696448322772	-0.5105322496342358	-0.023258260553019026	0.008142365763898526	0.031193855864035867
46.186857842330284	18.775481223025462	1.4401936341685688	-0.5101729305962008	-0.02196030594080935	0.010779571141049719	0.038938638366290246
46.18467205240065	18.758624082792398	1.4434664516067963	-0.5097231451815314	-0.02039154682052162	0.013493562440078287	0.047062773608632
46.18254132286343	18.74177653690802	1.4464719017380376	-0.5091821993615211	-0.018539042576196575	0.016228374600306874	0.055575127329751325
46.180461065600966	18.72494235688748	1.4491652575460423	-0.5085516272505887	-0.016389752729889656	0.01891716332797392	0.0644786953892076
46.178425900497786	18.708125271847585	1.4515001353745842	-0.5078355813777682	-0.013930801601063006	0.021481376184614844	0.0737685338647995
46.176429627952615	18.691328874588187	1.4534286067609423	-0.5070412366435115	-0.011149813707319798	0.02383034202770438	0.08342963681229623
46.17446520434216	18.674556516505874	1.4549013550805459	-0.5061791883407402	-0.008035321468630329	0.025861449083143365	0.09343476716068401
46.172524720702064	18.657811192486037	1.455867880146203	-0.505263818208099	-0.0045772466890446955	0.027461103979234455	0.10374224338756897
46.170599384711494	18.641095417934935	1.4562767527667382	-0.504313595416146	-0.0007674573627956046	0.028506683758593103	0.11429367978747274
46.16867950586867	18.624411101360867	1.4560759205950866	-0.5033512718184855	0.0033995983377705565	0.028869707929812718	0.12501167101698485
46.16675448356654	18.607759417400885	1.455213066765563	-0.5024039229804907	0.007926178410213066	0.028420465139841235	0.1357974021732753
46.164812797687546	18.591140686914564	1.453636024299652	-0.501502778793181	0.012810450218238227	0.02703432561929357	0.14652815424075488
46.16284200142209	18.574554272708248	1.4512932525806033	-0.5006827803949604	0.018045605626101507	0.024599951946618754	0.15705466223589842
46.160828716394036	18.557998501568978	1.4481343879176944	-0.4999817943335602	0.023618881339315213	0.02102958184200235	0.16719827139641116
46.15876173155965	18.54147039368285	1.4446702250826848	-0.49942993031055577	0.02212672149537329	0.016555920690134424	-0.044764795318257805
46.15664196912223	18.52496516873635	1.441530762570579	-0.4990177935155043	0.01937224929503396	0.012364103851544047	-0.0826341660101798
46.15447527269318	18.508477953374797	1.4387880251008136	-0.49872108196500786	0.01690968976038715	0.008901346514892704	-0.0738767860394043
46.15226744289183	18.492004617765897	1.4363989989387647	-0.4985168781968321	0.014710000492247032	0.006126113045272817	-0.06599067804420358
46.150023666768625	18.475541783562708	1.4343256445588048	-0.4983854971117943	0.012741497990423864	0.003941432551133867	-0.059055075054695025
46.14774860251429	18.45908672080325	1.4325351448782617	-0.49831019084342265	0.010970290910281226	0.002259188051151386	-0.05313621240427908
46.14544646507541	18.44263725233132	1.4310001234048324	-0.4982768124346	0.009360661776505876	0.001001352264679068	-0.0482888740132605
46.14312111342305	18.426191667055082	1.4296988326229991	-0.49827347140528916	0.007875406022064163	0.00010023087932428046	-0.04455767263325146
46.140776139846146	18.409748642321357	1.4286153124214216	-0.4982902075796409	0.00647613713385984	-0.0005020852305508169	-0.041978066646129686
46.13841496131563	18.393307174865946	1.427739517964752	-0.49831870376205495	0.005123566778795109	-0.0008548854724235365	-0.04057711065194194
46.136040912691456	18.376866519174357	1.4270674159953272	-0.4983520528794376	0.0037777689735290377	-0.0010004735214811536	-0.04037393415798212
46.133657341319044	18.360426131629804	1.4266010480424756	-0.4983845908606512	0.002398437581878024	-0.0009761394364092785	-0.04137994174953044
46.131267702379894	18.343985618520165	1.4263485584071771	-0.49841180258539436	0.0009451466229493128	-0.0008163517422960708	-0.04359872876786133
46.128875654219094	18.327544685813958	1.4263241841068637	-0.49843030445829656	-0.0006223769881591174	-0.0005550561870676677	-0.04702570833325291
46.126485152769284	18.311103088596035	1.4265482032655283	-0.49843790328932924	-0.0023439585936799027	-0.00022796493098116216	-0.051647448165623555
46.124100544128765	18.294660578183045	1.4270468377858212	-0.49843372692362337	-0.0042586492161697425	0.00012529097117570782	-0.0574407186746952
46.12172665433677	18.278216845231032	1.4278521056060849	-0.498418417206882	-0.006404357777614275	0.0004592915022399169	-0.06437125684333597
46.11936887543032	18.261771457623023	1.4290016174678057	-0.49839437016330046	-0.008817432879651541	0.0007214113074462862	-0.07239225306111799
46.11703324697367	18.245323792610854	1.43053831289734	-0.4983660015090632	-0.011532185207089027	0.0008510596271194702	-0.08144256982312469
46.114726532428975	18.228872963614393	1.4325101299752667	-0.4983400076925421	-0.014580341925530014	0.0007798144956303915	-0.09144470155322965
46.11245628998411	18.212417743288256	1.4349696032745776	-0.4983255834917388	-0.017990424700217004	0.00043272602410022917	-0.10230248324060971
46.1102309377544	18.19595648598794	1.4379733838314568	-0.4983345468670731	-0.02178704308863328	-0.00026890126003018894	-0.11389855165248831
46.108059813592696	18.179487054638052	1.4415816737766445	-0.49838131045790185	-0.02599009496687196	-0.001402907724861874	-0.1260915563471604
46.10595278630276	18.163006826690868	1.4457765494598374	-0.49848195955745006	-0.02954204531557828	-0.003019472986447811	-0.10655851046118966
46.10391511111688	18.146513441021312	1.4498373031068514	-0.4986456064302463	-0.024201539235527838	-0.004909406183888541	0.16021518240151325
46.10193721999932	18.130006467889384	1.4531261456699869	-0.49885771652052513	-0.019313233676250662	-0.0063633027083632165	0.14664916677831524
46.10000684377079	18.113486253404584	1.4557108477951968	-0.4990993873136738	-0.014871649699906921	-0.007250123794457422	0.13324751929031234
46.09811287163505	18.096953495284417	1.4576577708001854	-0.4993541756546241	-0.010866423389913234	-0.007643650228508403	0.12015678929981066
46.09624531094921	18.08040919230968	1.4590313474169172	-0.499608505716043	-0.0072834017486480915	-0.007629901842566262	0.10749064923795422
46.09439524169215	18.063854578198278	1.4598936772681697	-0.49985178953683873	-0.004105624088071269	-0.007298514623874196	0.09533332981730473
46.09255476720645	18.047291048973594	1.4603042256556966	-0.5000763402194955	-0.0013141963065749955	-0.006736520479703571	0.08374283344488818
46.09071696245012	18.030720090452814	1.4603196173556294	-0.5002771449687042	0.00111093549142904	-0.006024142476260953	0.07275395394012107
46.088875820847115	18.01414321040718	1.4599935184839	-0.500451552669275	0.0031903062369078	-0.005232231017121796	0.06238112236436282
46.087026200771845	17.997561878246096	1.4593765997530947	-0.5005989191557373	0.004944342633983439	-0.004420994593868963	0.05262109191226915
46.08516377267894	17.98097747372578	1.458516574093467	-0.5007202430368461	0.006392858304875958	-0.003639716433269993	0.0434554701267756
46.083284967858965	17.964391245146025	1.4574583010161817	-0.5008178160677367	0.007554628442069291	-0.0029271909267172005	0.0348531041158
46.08138692974428	17.947804276733535	1.4562439494938597	-0.5008949046517388	0.008447039234265095	-0.002312657520064693	0.026772323765874146
46.0794674686026	17.931217464374907	1.4549132106589262	-0.5009554730550413	0.009085807524340543	-0.0018170520990741217	0.019163048702263413
46.07752502034134	17.91463149851423	1.4535035513351109	-0.5010039542179352	0.009484766405124474	-0.0014544348868161575	0.011968766423517897
46.075558610010596	17.89804685283143	1.4520504993302485	-0.5010450704926191	0.00965571278005355	-0.0012334882405212145	0.005128391247872245
46.07356782044447	17.881463777233723	1.450587951505232	-0.5010837040505083	0.009608313313960143	-0.0011590067366768887	-0.0014219839828022538
46.071552766327834	17.86488229369494	1.4491484958537764	-0.5011248148903238	0.009350065670023883	-0.0012333251944638226	-0.007747429318087872
46.06951407382533	17.848302193543965	1.4477637391342684	-0.5011734031515852	0.008886312460702017	-0.0014576478378400168	-0.013912596279655961
46.06745286576627	17.831723034915925	1.4464646319441878	-0.5012345116095365	0.008220305917749037	-0.0018332537385367042	-0.01998019628858941
46.06537075224901	17.815144139227627	1.445281783481415	-0.5013132636223849	0.007353321894033114	-0.0023625603854514664	-0.026009520711477722
46.06326982641195	17.798564585715614	1.444245758564788	-0.5014149312595277	0.006284822430288919	-0.0030500291142790963	-0.032054983912325884
46.06115266501984	17.781983203279967	1.4433873497653353	-0.5015450277144099	0.005012666740742867	-0.0039028936464629875	-0.038164670686381554
46.059022032264345	17.765398601984824	1.4426832449223974	-0.5017091711689463	0.004251344985941436	-0.004924303636092871	-0.022839652644042932
46.05687949816432	17.748809366610004	1.4420225016403052	-0.5019120194925419	0.00443892959706792	-0.006085449707867938	0.00562753833379449
46.05472489442458	17.732214169746786	1.4413493830844084	-0.5021568986603052	0.0044101734308233	-0.007346375032900563	-0.0008626849873385895
46.05255809120087	17.715611562958937	1.4406969020923963	-0.5024473786194819	0.004163073187924867	-0.008714398775300844	-0.007413007286952959
46.05037949028988	17.698999897009315	1.4400984226266813	-0.5027876791734612	0.003695726698616039	-0.010209016619383287	-0.014020394679264855
46.04819002944906	17.682377298486518	1.4395876809260533	-0.5031826462719732	0.0030061168533401595	-0.011849012955361959	-0.020688295358276394
46.04599118806636	17.665741647233975	1.43919883908856	-0.5036377342952006	0.0020919518345675807	-0.01365264069682109	-0.027424950563177373
46.04378499479706	17.64909055447024	1.438966563326904	-0.5041589958436435	0.0009505621816913663	-0.015637846453288633	-0.03424168958628643
46.04157403768507	17.632421341496105	1.4389261190572058	-0.5047530785517085	-0.00042114449192872907	-0.017822481241947134	-0.04115120020860286
46.03936147719383	17.615731018963196	1.439113474853291	-0.5054272263885519	-0.002026669965138658	-0.020224435105301822	-0.048165764196297874
46.037151062489464	17.59901626683334	1.4395654070973827	-0.5061892807406716	-0.0038698514956049123	-0.02286163056359278	-0.05529544591398762
46.034947151242896	17.582273415393715	1.4403195968500448	-0.5070476742391082	-0.005954725516879188	-0.0257518049530973	-0.06254622063822826
46.03275473314527	17.56549842801609	1.441414710002151	-0.5080114077416449	-0.008285326446100777	-0.02891200507609831	-0.06991802787664764
46.03057945725553	17.54868688676761	1.4428904511011742	-0.5090899980646252	-0.010865417575855357	-0.032357709689408834	-0.07740273389263744
46.02842766320963	17.531833982504818	1.4447875802897718	-0.5102933809553126	-0.0136981504669148	-0.03610148672062206	-0.08498198673178331
46.026306416201336	17.514934511721208	1.4471478814665553	-0.5116317504100568	-0.01678564868474088	-0.04015108364232568	-0.09262494653478243
46.02422354547207	17.4979828831831	1.4500140679714026	-0.5131153115428626	-0.020128511165672425	-0.04450683398417469	-0.10028587442794651
46.02218768578601	17.480973138254075	1.4534296096858075	-0.5147539222785504	-0.0237252298208489	-0.049158322070636515	-0.1079015596552943
46.02020832098279	17.463898989844118	1.4574384623116106	-0.5165565907142102	-0.027571515845675295	-0.05408005306979342	-0.11538858074479184
46.01829582812752	17.44675388602347	1.4620846756138886	-0.5185307988472306	-0.0316595283181696	-0.059226243990610994	-0.1226403741748293
46.01646151995525	17.42953110552666	1.4674118525116142	-0.5206816133258266	-0.03597699900553417	-0.06452443435788022	-0.12952412062093707
46.014717682156075	17.41222389358178	1.473462425082849	-0.5230105499109525	-0.04050624710509803	-0.06986809755377808	-0.13587744298691598
46.01307760048246	17.394825647635447	1.480276706932648	-0.5255141523013516	-0.04522307855813605	-0.07510807171197276	-0.14150494359114055
46.01155557060533	17.377330163518412	1.4878916742987134	-0.528182254363247	-0.0500955657220078	-0.08004306185686387	-0.14617461491615277
46.01018156479942	17.359961351941894	1.4958051595077906	-0.517204913694211	-0.04974297511960883	0.32932021996851063	0.01057771807196925
46.00897505935308	17.34305046462637	1.5032689220630435	-0.5000297522042113	-0.047018474332225016	0.5152548446999863	0.08173502362151455
46.00792485785129	17.326682853880026	1.510116119473167	-0.4840482758516892	-0.044750089430700926	0.47944429057566346	0.06805154704572272
46.00701197547208	17.31082172193886	1.5164488155537152	-0.4691961515044515	-0.04287568249147503	0.4455637304171301	0.0562322081767769
46.0062205826125	17.295432000574756	1.5223513381678702	-0.4554085525900041	-0.04133342814886589	0.4136279674334224	0.04626763027827413
46.00553742157562	17.280480501213628	1.5278923357341392	-0.44261851630795934	-0.04006205356591252	0.38370108846134227	0.038141237488601154
46.00495132454514	17.265936046363155	1.5331265808227172	-0.4307580223900004	-0.03900102139675163	0.3558148175387685	0.031830965074826655
46.004452814981924	17.251769617580482	1.5380965122655192	-0.41975468657680964	-0.03809042354719173	0.33010007439572214	0.027317935486797017
46.00403377605705	17.237954546500816	1.5428335220404006	-0.40953157504997345	-0.0372709287527935	0.30669334580508645	0.02458484383194678
46.00368717048978	17.224466713473337	1.5473590311548835	-0.4000062620015809	-0.03648366401319927	0.2857593914517764	0.02361794218782682
46.003406801158725	17.211284767901965	1.5516853771905068	-0.39108996613013663	-0.0356700945206185	0.2674888761433281	0.024407084777422906
46.003187103481885	17.198390369364347	1.5558165494625975	-0.3826867862059363	-0.034771930620771656	0.2520953977260092	0.02694491699540506
46.00302296292511	17.18576846055012	1.5597488061624678	-0.3746922647033667	-0.033731031134676855	0.23983564507708688	0.031226984582844126
46.002909557371794	17.173414601570826	1.5634577626604513	-0.3665709297008115	-0.03228671015147089	0.2436400500766555	0.0433296294961788
46.0028419100253	17.161336477476247	1.5668977739684062	-0.35812824008009164	-0.03034316432440054	0.25328068862159536	0.05830637481211061
46.00281460323825	17.149546460871683	1.570018261932509	-0.3492749411673589	-0.027857666675715112	0.2655989673819825	0.07456492946056281
46.00282176803724	17.138059857436577	1.5727684767532648	-0.33992161699203033	-0.02479038186392848	0.280599725259858	0.09201854435359882
46.00285714567188	17.126894869354462	1.5750990280103696	-0.32998118343441574	-0.021105271551004574	0.29821300672843787	0.11055330938771724
46.002914186346224	17.116072494176937	1.5769636807744274	-0.31937044153882943	-0.016771128839611026	0.3183222568675881	0.1300242813418065
46.0029861877637	17.105616296329817	1.5783213933066476	-0.3080163526101503	-0.011762454072305126	0.340622667860373	0.15026024301917706
46.00306647272622	17.095552099411123	1.579138534990428	-0.29585469402892917	-0.006060622105897696	0.36484975743663456	0.17105495899222292
46.00314860071103	17.085907634389166	1.5793912081757238	-0.2828341907907021	0.00034517941525043656	0.3906150971468137	0.19217404563444399
46.00322660489269	17.076712080043635	1.5790675745556944	-0.2689189241893322	0.0074570644698885346	0.41745799804109535	0.21335655163914297
46.003295241092005	17.06799552803224	1.5781700568094037	-0.2540904287750478	0.015267718896199546	0.44485486242853395	0.2343196327893304
46.003350231116286	17.059788381935974	1.5767172759512547	-0.23834943469225328	0.023759843259320283	0.47222982248383577	0.25476373089362214
46.00338847989568	17.05212071263334	1.5747455947723712	-0.22171652274362355	0.03290546402405521	0.4989873584588917	0.27436862294204806
46.00340824462514	17.045021546153333	1.5723100802073409	-0.20423522279253142	0.04266687460432272	0.5244389985327633	0.29284231740802513
46.00340923388391	17.03851813255439	1.569484790824653	-0.1859697278925672	0.05299574063098195	0.5479648469989283	0.3098659807997771
46.00339261873514	17.032635230151907	1.5663623197789869	-0.16700596773520834	0.06383379899910879	0.5689128047207654	0.32514175104380516
46.003360942986504	17.027394374653255	1.5630524713096126	-0.14745124932813028	0.07511350382398807	0.5866415522123425	0.338391144746378
46.00331792698627	17.02281316489944	1.5596800474479817	-0.12743358326225357	0.08675897548862181	0.6005299819763014	0.3493641499390127
46.00326816874997	17.01890457721841	1.5563817469700028	-0.10710078679097872	0.09868724859285327	0.6099838941382455	0.35784819312694366
46.00321675643289	17.01567631841483	1.553302221502577	-0.0866193800835838	0.11080990819643663	0.6144422012218476	0.3636797881075006
